{
  "stochastic": {
    "pitches": 50786.0,
    "swing_rate": 0.44069231678021503,
    "take_rate": 0.559307683219785,
    "contact_rate": 0.2277202378608278,
    "swing_contact_rate": 0.5167329431213976,
    "foul_rate": 0.015043515929586894,
    "ball_in_play_rate": 0.2126767219312409,
    "ball_rate": 0.33456070570629703,
    "called_strike_rate": 0.22474697751348796,
    "walk_rate": 0.009687709211199937,
    "strikeout_rate": 0.13533257196865278
  },
  "deterministic": {
    "pitches": 2418.0,
    "swing_rate": 0.44623655913978494,
    "take_rate": 0.553763440860215,
    "contact_rate": 0.22870140612076095,
    "swing_contact_rate": 0.5125115848007414,
    "foul_rate": 0.016129032258064516,
    "ball_in_play_rate": 0.21257237386269645,
    "ball_rate": 0.3188585607940447,
    "called_strike_rate": 0.23490488006617039,
    "walk_rate": 0.007857733664185277,
    "strikeout_rate": 0.1480562448304384
  }
}