{
  "seasons": [
    {
      "year": 2025,
      "flags": [
        {
          "metric": "pitches_per_pa",
          "delta": 0.07696310980472587,
          "tolerance": 0.05
        },
        {
          "metric": "k_pct",
          "delta": 0.026838471529154417,
          "tolerance": 0.02
        }
      ]
    },
    {
      "year": 2026,
      "flags": [
        {
          "metric": "pitches_per_pa",
          "delta": 0.0756719106796564,
          "tolerance": 0.05
        },
        {
          "metric": "k_pct",
          "delta": 0.025034252469964546,
          "tolerance": 0.02
        }
      ]
    }
  ],
  "metric_totals": {
    "pitches_per_pa": {
      "max_abs_delta": 0.07696310980472587,
      "avg_abs_delta": 0.07631751024219113
    },
    "avg": {
      "max_abs_delta": 0.002803909393151449,
      "avg_abs_delta": 0.0015360512383809644
    },
    "obp": {
      "max_abs_delta": 0.005720297541152997,
      "avg_abs_delta": 0.004765868864833295
    },
    "slg": {
      "max_abs_delta": 0.021358171304381557,
      "avg_abs_delta": 0.020860945860478625
    },
    "ops": {
      "max_abs_delta": 0.026084017957728745,
      "avg_abs_delta": 0.025626814725311975
    },
    "iso": {
      "max_abs_delta": 0.006162080697533018,
      "avg_abs_delta": 0.004396997098859601
    },
    "babip": {
      "max_abs_delta": 0.011011558124027598,
      "avg_abs_delta": 0.008474673242695463
    },
    "k_pct": {
      "max_abs_delta": 0.026838471529154417,
      "avg_abs_delta": 0.025936361999559482
    },
    "bb_pct": {
      "max_abs_delta": 0.0076105890047850205,
      "avg_abs_delta": 0.007029939613701096
    },
    "k_minus_bb_pct": {
      "max_abs_delta": 0.02038918130653722,
      "avg_abs_delta": 0.018906422385858365
    },
    "swing_pct": {
      "max_abs_delta": 0.022845105574053448,
      "avg_abs_delta": 0.02252673639464678
    },
    "z_swing_pct": {
      "max_abs_delta": 0.0005615520931624429,
      "avg_abs_delta": 0.00038358170117702706
    },
    "o_swing_pct": {
      "max_abs_delta": 0.01196987788010262,
      "avg_abs_delta": 0.01070736215567114
    },
    "contact_pct": {
      "max_abs_delta": 0.0339741003448949,
      "avg_abs_delta": 0.033617637688394986
    },
    "z_contact_pct": {
      "max_abs_delta": 0.04597070656604174,
      "avg_abs_delta": 0.04568967221989795
    },
    "o_contact_pct": {
      "max_abs_delta": 0.03040418788504684,
      "avg_abs_delta": 0.0277709307697796
    },
    "first_pitch_strike_pct": {
      "max_abs_delta": 0.029052061459373224,
      "avg_abs_delta": 0.02891297902872736
    },
    "zone_pct": {
      "max_abs_delta": 0.01808101561799147,
      "avg_abs_delta": 0.017412404876480325
    },
    "pitches_put_in_play_pct": {
      "max_abs_delta": 0.011209316390933033,
      "avg_abs_delta": 0.010958947924956691
    },
    "bip_gb_pct": {
      "max_abs_delta": 0.029275618374558332,
      "avg_abs_delta": 0.026426483342987334
    },
    "bip_ld_pct": {
      "max_abs_delta": 0.011696113074204956,
      "avg_abs_delta": 0.011621983314862513
    },
    "bip_fb_pct": {
      "max_abs_delta": 0.017579505300353404,
      "avg_abs_delta": 0.014804500028124862
    },
    "hr_per_fb_pct": {
      "max_abs_delta": 0.00920901515478606,
      "avg_abs_delta": 0.008034764814849521
    },
    "sb_pct": {
      "max_abs_delta": 0.015578862444534103,
      "avg_abs_delta": 0.013327279827844762
    },
    "sba_per_pa": {
      "max_abs_delta": 0.007603818834842277,
      "avg_abs_delta": 0.007044897090308325
    },
    "bip_double_play_pct": {
      "max_abs_delta": 0.004787520630357239,
      "avg_abs_delta": 0.004176445827546111
    },
    "called_third_strike_share_of_so": {
      "max_abs_delta": 0.007485461091110507,
      "avg_abs_delta": 0.005672579754134446
    }
  }
}