{
  "metrics": {
    "pitches_per_pa": 3.9369631098047257,
    "avg": 0.24473180691638952,
    "obp": 0.318720297541153,
    "slg": 0.4123637204165757,
    "ops": 0.7310840179577287,
    "iso": 0.1676319135001862,
    "babip": 0.3020115581240276,
    "k_pct": 0.24683847152915442,
    "bb_pct": 0.08644929022261717,
    "k_minus_bb_pct": 0.16038918130653723,
    "swing_pct": 0.4922083672152401,
    "z_swing_pct": 0.6497943886908084,
    "o_swing_pct": 0.32944484643123967,
    "contact_pct": 0.7932611750318951,
    "z_contact_pct": 0.8659707065660417,
    "o_contact_pct": 0.6451376736545124,
    "first_pitch_strike_pct": 0.6287738965980815,
    "zone_pct": 0.5080810156179915,
    "pitches_put_in_play_pct": 0.16379068360906696,
    "bip_gb_pct": 0.41072438162544167,
    "bip_ld_pct": 0.22169611307420495,
    "bip_fb_pct": 0.3675795053003534,
    "hr_per_fb_pct": 0.11686051447491298,
    "sb_pct": 0.7644211375554659,
    "sba_per_pa": 0.056485975345774375,
    "bip_double_play_pct": 0.024434628975265018,
    "called_third_strike_share_of_so": 0.2225145389088895
  },
  "mlb_deltas": {
    "pitches_per_pa": 0.07696310980472587,
    "avg": -0.00026819308361047955,
    "obp": 0.005720297541152997,
    "slg": 0.020363720416575692,
    "ops": 0.026084017957728745,
    "iso": 0.0026319135001861838,
    "babip": 0.011011558124027598,
    "k_pct": 0.026838471529154417,
    "bb_pct": 0.006449290222617171,
    "k_minus_bb_pct": 0.02038918130653722,
    "swing_pct": 0.02220836721524011,
    "z_swing_pct": -0.0002056113091916112,
    "o_swing_pct": 0.009444846431239662,
    "contact_pct": 0.033261175031895074,
    "z_contact_pct": 0.04597070656604174,
    "o_contact_pct": 0.02513767365451236,
    "first_pitch_strike_pct": 0.028773896598081494,
    "zone_pct": 0.01808101561799147,
    "pitches_put_in_play_pct": -0.011209316390933033,
    "bip_gb_pct": -0.029275618374558332,
    "bip_ld_pct": 0.011696113074204956,
    "bip_fb_pct": 0.017579505300353404,
    "hr_per_fb_pct": 0.006860514474912982,
    "sb_pct": -0.015578862444534103,
    "sba_per_pa": 0.006485975345774372,
    "bip_double_play_pct": -0.0035653710247349826,
    "called_third_strike_share_of_so": -0.007485461091110507
  },
  "flags": [
    {
      "metric": "pitches_per_pa",
      "delta": 0.07696310980472587,
      "tolerance": 0.05
    },
    {
      "metric": "k_pct",
      "delta": 0.026838471529154417,
      "tolerance": 0.02
    }
  ],
  "leaders": {
    "batting": {
      "avg": [
        {
          "player_id": "P3479",
          "name": "Jamal Washington",
          "team_id": "NAS",
          "value": 0.3541341653666147
        },
        {
          "player_id": "P7572",
          "name": "Percy Harris",
          "team_id": "DEN",
          "value": 0.32989690721649484
        },
        {
          "player_id": "P8647",
          "name": "Leroy Scott",
          "team_id": "ELP",
          "value": 0.32967032967032966
        }
      ],
      "hr": [
        {
          "player_id": "P3479",
          "name": "Jamal Washington",
          "team_id": "NAS",
          "value": 63.0
        },
        {
          "player_id": "P2434",
          "name": "Son Mcmilleon",
          "team_id": "NAS",
          "value": 59.0
        },
        {
          "player_id": "P5357",
          "name": "Carlos Diaz",
          "team_id": "SAN",
          "value": 55.0
        }
      ],
      "rbi": [
        {
          "player_id": "P2434",
          "name": "Son Mcmilleon",
          "team_id": "NAS",
          "value": 150.0
        },
        {
          "player_id": "P3479",
          "name": "Jamal Washington",
          "team_id": "NAS",
          "value": 141.0
        },
        {
          "player_id": "P5357",
          "name": "Carlos Diaz",
          "team_id": "SAN",
          "value": 126.0
        }
      ],
      "sb": [
        {
          "player_id": "P9405",
          "name": "Manuel Vasquez",
          "team_id": "IND",
          "value": 65.0
        },
        {
          "player_id": "P5065",
          "name": "Roberto Lopez",
          "team_id": "HOU",
          "value": 61.0
        },
        {
          "player_id": "P2347",
          "name": "Miguel Reyes",
          "team_id": "CHA",
          "value": 56.0
        }
      ],
      "ops": [
        {
          "player_id": "P3479",
          "name": "Jamal Washington",
          "team_id": "NAS",
          "value": 1.1641164129323793
        },
        {
          "player_id": "P8647",
          "name": "Leroy Scott",
          "team_id": "ELP",
          "value": 1.0787851037851037
        },
        {
          "player_id": "P2434",
          "name": "Son Mcmilleon",
          "team_id": "NAS",
          "value": 1.066461382219676
        }
      ]
    },
    "pitching": {
      "era": [
        {
          "player_id": "P6700",
          "name": "Ricardo Morales",
          "team_id": "BOS",
          "value": 2.233455882352941
        },
        {
          "player_id": "P5138",
          "name": "Davis Conole",
          "team_id": "COL",
          "value": 2.5445026178010473
        },
        {
          "player_id": "P1633",
          "name": "Deshawn Gaines",
          "team_id": "NAS",
          "value": 3.238095238095238
        }
      ],
      "so": [
        {
          "player_id": "P1633",
          "name": "Deshawn Gaines",
          "team_id": "NAS",
          "value": 227.0
        },
        {
          "player_id": "P2072",
          "name": "Alejandro Rodriguez",
          "team_id": "COL",
          "value": 220.0
        },
        {
          "player_id": "P3869",
          "name": "Hollis Groetsch",
          "team_id": "CHA",
          "value": 217.0
        }
      ],
      "wins": [
        {
          "player_id": "P6194",
          "name": "Rufus Robinson",
          "team_id": "LOS",
          "value": 17.0
        },
        {
          "player_id": "P8112",
          "name": "Francisco Martinez",
          "team_id": "DAL",
          "value": 16.0
        },
        {
          "player_id": "P6269",
          "name": "Cyrus Humpal",
          "team_id": "DEN",
          "value": 14.0
        }
      ],
      "saves": [
        {
          "player_id": "P6840",
          "name": "Deshawn Baker",
          "team_id": "CHA",
          "value": 46.0
        },
        {
          "player_id": "P4435",
          "name": "Darnell Taylor",
          "team_id": "DEN",
          "value": 45.0
        },
        {
          "player_id": "P2659",
          "name": "Sanford Stromyer",
          "team_id": "COL",
          "value": 38.0
        }
      ]
    }
  },
  "year": 2025,
  "season_id": "nexgen-long-run-2025",
  "champion": "NAS",
  "runner_up": "DEN"
}