{
  "stochastic": {
    "pitches": 48044.0,
    "swing_rate": 0.36116892848222465,
    "take_rate": 0.6388310715177754,
    "contact_rate": 0.23836483223711596,
    "swing_contact_rate": 0.6599815583218073,
    "foul_rate": 0.07056031970693531,
    "ball_in_play_rate": 0.13606277578886022,
    "ball_rate": 0.4604529181583548,
    "called_strike_rate": 0.1633918907667971,
    "walk_rate": 0.02764132878194988,
    "strikeout_rate": 0.0724544167846141
  },
  "deterministic": {
    "pitches": 2347.0,
    "swing_rate": 0.36216446527481894,
    "take_rate": 0.6378355347251811,
    "contact_rate": 0.24115892628887942,
    "swing_contact_rate": 0.6658823529411765,
    "foul_rate": 0.06731998295696634,
    "ball_in_play_rate": 0.14486578610992756,
    "ball_rate": 0.46442266723476777,
    "called_strike_rate": 0.15935236472092032,
    "walk_rate": 0.028547081380485728,
    "strikeout_rate": 0.06561567959096719
  }
}