{
  "stochastic": {
    "pitches": 51478.0,
    "swing_rate": 0.44788064804382455,
    "take_rate": 0.5521193519561755,
    "contact_rate": 0.22714557675123354,
    "swing_contact_rate": 0.5071564885496184,
    "foul_rate": 0.015054974940751389,
    "ball_in_play_rate": 0.21209060181048214,
    "ball_rate": 0.33227786627297096,
    "called_strike_rate": 0.21984148568320447,
    "walk_rate": 0.008858152997396946,
    "strikeout_rate": 0.13353277128093555
  },
  "deterministic": {
    "pitches": 2360.0,
    "swing_rate": 0.4419491525423729,
    "take_rate": 0.5580508474576271,
    "contact_rate": 0.21906779661016948,
    "swing_contact_rate": 0.4956855225311601,
    "foul_rate": 0.013559322033898305,
    "ball_in_play_rate": 0.2055084745762712,
    "ball_rate": 0.32161016949152543,
    "called_strike_rate": 0.2364406779661017,
    "walk_rate": 0.008050847457627118,
    "strikeout_rate": 0.1423728813559322
  }
}