{
  "stochastic": {
    "pitches_per_pa": 2.8390887423091846,
    "swing_rate": 0.45493947676688795,
    "take_rate": 0.545060523233112,
    "strikeout_pct": 0.1712765367773405,
    "walk_pct": 0.06756831661216119,
    "first_pitch_strike_pct": 0.3576250553342187,
    "called_strike_pct": 0.14484576337368216,
    "foul_share_est": 0.18576727840687232,
    "swinging_strike_pct": 0.044943381491604845,
    "contact_rate_pa": 0.8287234632226596,
    "bip_final_pct": 0.725181530957264
  },
  "deterministic": {
    "pitches_per_pa": 2.8636836628511966,
    "swing_rate": 0.44622093023255816,
    "take_rate": 0.5537790697674418,
    "strikeout_pct": 0.17481789802289283,
    "walk_pct": 0.07596253902185224,
    "first_pitch_strike_pct": 0.35691987513007284,
    "called_strike_pct": 0.14970930232558138,
    "foul_share_est": 0.18023255813953487,
    "swinging_strike_pct": 0.04905523255813953,
    "contact_rate_pa": 0.8251821019771072,
    "bip_final_pct": 0.7034339229968782
  },
  "stochastic_bucket_share": {
    "zone": 0.7319430805075771,
    "waste": 0.26805691949242294
  },
  "deterministic_bucket_share": {
    "zone": 0.7244318181818182,
    "waste": 0.2755681818181818
  }
}