{
  "stochastic": {
    "pitches": 55311.0,
    "swing_rate": 0.499864403102457,
    "take_rate": 0.5001355968975429,
    "contact_rate": 0.254000108477518,
    "swing_contact_rate": 0.5081380208333334,
    "foul_rate": 0.011155104771202835,
    "ball_in_play_rate": 0.2428450037063152,
    "ball_rate": 0.38551101950787364,
    "called_strike_rate": 0.11462457738966933,
    "walk_rate": 0.01921860027842563,
    "strikeout_rate": 0.08947587279203052
  },
  "deterministic": {
    "pitches": 2696.0,
    "swing_rate": 0.5014836795252225,
    "take_rate": 0.49851632047477745,
    "contact_rate": 0.2655786350148368,
    "swing_contact_rate": 0.5295857988165681,
    "foul_rate": 0.008160237388724036,
    "ball_in_play_rate": 0.25741839762611274,
    "ball_rate": 0.38204747774480713,
    "called_strike_rate": 0.11646884272997032,
    "walk_rate": 0.017062314540059347,
    "strikeout_rate": 0.08456973293768547
  }
}