pitch,alive_prob,resolved_prob
1,1.0,0.18240620957309184
2,0.8175937904269082,0.11901681759379043
3,0.6985769728331177,0.3130659767141009
4,0.3855109961190168,0.2147477360931436
5,0.17076326002587322,0.12807244501940493
6,0.042690815006468305,0.042690815006468305
