pitch,alive_prob,resolved_prob
1,1.0,0.18622786148559345
2,0.8137721385144066,0.12166270155960877
3,0.6921094369547978,0.2915675389902194
4,0.4005418979645784,0.2084324610097806
5,0.1921094369547978,0.1293946603224954
6,0.0627147766323024,0.0627147766323024
