{
  "stochastic": {
    "pitches": 50054.0,
    "swing_rate": 0.45053342390218565,
    "take_rate": 0.5494665760978144,
    "contact_rate": 0.2298717385223958,
    "swing_contact_rate": 0.5102212762183496,
    "foul_rate": 0.014863946937307708,
    "ball_in_play_rate": 0.2150077915850881,
    "ball_rate": 0.3203340392376234,
    "called_strike_rate": 0.229132536860191,
    "walk_rate": 0.03382347065169617,
    "strikeout_rate": 0.13703200543413113
  },
  "deterministic": {
    "pitches": 2496.0,
    "swing_rate": 0.4375,
    "take_rate": 0.5625,
    "contact_rate": 0.2299679487179487,
    "swing_contact_rate": 0.5256410256410257,
    "foul_rate": 0.016025641025641024,
    "ball_in_play_rate": 0.21394230769230768,
    "ball_rate": 0.32011217948717946,
    "called_strike_rate": 0.2423878205128205,
    "walk_rate": 0.04046474358974359,
    "strikeout_rate": 0.1390224358974359
  }
}