{
  "stochastic": {
    "pitches": 51443.0,
    "swing_rate": 0.44445308399587896,
    "take_rate": 0.5555469160041211,
    "contact_rate": 0.2269696557354742,
    "swing_contact_rate": 0.5106717984604618,
    "foul_rate": 0.015667826526446747,
    "ball_in_play_rate": 0.21130182920902746,
    "ball_rate": 0.33262057033998793,
    "called_strike_rate": 0.2229263456641331,
    "walk_rate": 0.010399860039266762,
    "strikeout_rate": 0.13455669381645705
  },
  "deterministic": {
    "pitches": 2350.0,
    "swing_rate": 0.43829787234042555,
    "take_rate": 0.5617021276595745,
    "contact_rate": 0.2174468085106383,
    "swing_contact_rate": 0.4961165048543689,
    "foul_rate": 0.012340425531914894,
    "ball_in_play_rate": 0.2051063829787234,
    "ball_rate": 0.3148936170212766,
    "called_strike_rate": 0.24680851063829787,
    "walk_rate": 0.00723404255319149,
    "strikeout_rate": 0.14808510638297873
  }
}