{
  "deltas": {
    "avg": -0.0031101248919959135,
    "avg_exit_velocity": -1.501943248463931,
    "avg_launch_angle": -1.3240550919138752,
    "babip": -0.003120409136679214,
    "bb_pct": 0.004850833010461061,
    "bip_fb_pct": 0.021614817955376564,
    "bip_gb_pct": -0.028107477873761222,
    "bip_ld_pct": 0.006492659918384658,
    "called_third_strike_share_of_so": -0.00842209674958036,
    "contact_pct": 0.04258917255114969,
    "csw_pct": -0.020976489875168314,
    "hr_per_fb_pct": -0.006320593268682256,
    "k_pct": 0.010812581451868558,
    "o_contact_pct": 0.05507685169073717,
    "o_swing_pct": 0.006602133020136791,
    "obp": 0.002077659986616409,
    "pitches_per_pa": -0.01416857454827225,
    "pitches_put_in_play_pct": -0.0021863866577522817,
    "slg": -0.01952336815646849,
    "swing_pct": 0.03582944856072612,
    "swstr_pct": -0.010143790011631418,
    "z_contact_pct": 0.04045960672826354,
    "z_swing_pct": 0.023587715876449478,
    "zone_pct": 0.02652669273814645
  },
  "meta": {
    "games": 360,
    "games_per_team": 60,
    "seed": 1,
    "teams": 12
  },
  "metrics": {
    "avg": 0.24188987510800408,
    "avg_exit_velocity": 86.99805675153607,
    "avg_launch_angle": 10.675944908086125,
    "babip": 0.28787959086332077,
    "bb_pct": 0.08485083301046106,
    "bb_per_team_game": 3.345833333333333,
    "bip_fb_pct": 0.37161481795537654,
    "bip_gb_pct": 0.4118925221262388,
    "bip_ld_pct": 0.21649265991838465,
    "called_third_strike_share_of_so": 0.22157790325041965,
    "contact_pct": 0.8025891725511497,
    "csw_pct": 0.2590235101248317,
    "hits_per_team_game": 8.554166666666667,
    "hr_per_fb_pct": 0.10367940673131774,
    "hr_per_team_game": 1.0097222222222222,
    "k_pct": 0.23081258145186856,
    "k_per_team_game": 9.10138888888889,
    "o_contact_pct": 0.6750768516907372,
    "o_swing_pct": 0.3266021330201368,
    "obp": 0.3150776599866164,
    "pitches_per_pa": 3.8458314254517276,
    "pitches_put_in_play_pct": 0.1728136133422477,
    "runs_per_team_game": 3.297222222222222,
    "sb_per_team_game": 0.28055555555555556,
    "slg": 0.3724766318435315,
    "swing_pct": 0.5058294485607261,
    "swstr_pct": 0.09985620998836858,
    "z_contact_pct": 0.8604596067282635,
    "z_swing_pct": 0.6735877158764495,
    "zone_pct": 0.5165266927381464
  }
}
