{
  "pa": 33651,
  "k": 13474,
  "bb": 6963,
  "hits": 8622,
  "home_runs": 907,
  "sb_success": 1759,
  "sb_caught": 713,
  "metrics": {
    "runs_per_team_game": 8.101666666666667,
    "runs_allowed_per_team_game": 8.101666666666667,
    "k_pct": 0.40040414846512734,
    "bb_pct": 0.206918070785415,
    "iso": 0.17816524817353324,
    "babip": 0.26608953576602057,
    "bip_gb_pct": 0.44654066358556943,
    "bip_fb_pct": 0.34689935848796305,
    "bip_ld_pct": 0.20655997792646755,
    "pitches_per_pa": 5.155983477459808,
    "pitches_put_in_play_pct": 0.1671085392843969,
    "sb_attempts_per_pa": 0.07345992689667469,
    "sb_pct": 0.7115695792880259,
    "defensive_efficiency": 0.024024270252541835,
    "avg": 0.3246968441666039,
    "obp": 0.4666012663872291,
    "slg": 0.5028620923401371,
    "bip_double_play_pct": 0.018141684486445472,
    "swstr_pct": 0.14265377167097013,
    "called_third_strike_share_of_so": 0.2020929196971946,
    "o_swing_pct": 0.3705095980603688,
    "z_swing_pct": 0.8054671611436774,
    "swing_pct": 0.5800615547768351,
    "z_contact_pct": 0.860179120438444,
    "o_contact_pct": 0.539622981329171,
    "contact_pct": 0.7540713214033763
  },
  "benchmarks": {
    "runs_per_team_game": null,
    "runs_allowed_per_team_game": null,
    "k_pct": 0.22,
    "bb_pct": 0.08,
    "iso": 0.165,
    "babip": 0.291,
    "bip_gb_pct": 0.44,
    "bip_fb_pct": 0.35,
    "bip_ld_pct": 0.21,
    "pitches_per_pa": 3.86,
    "pitches_put_in_play_pct": 0.175,
    "sb_attempts_per_pa": 0.05,
    "sb_pct": 0.78,
    "defensive_efficiency": 0.69,
    "avg": 0.245,
    "obp": 0.313,
    "slg": 0.392,
    "bip_double_play_pct": 0.028,
    "swstr_pct": 0.11,
    "called_third_strike_share_of_so": 0.23,
    "o_swing_pct": 0.32,
    "z_swing_pct": 0.65,
    "swing_pct": 0.47,
    "z_contact_pct": 0.82,
    "o_contact_pct": 0.62,
    "contact_pct": 0.76
  },
  "pitch_counts": {
    "pitches_thrown": 173504,
    "strikes_thrown": 99199,
    "balls_thrown": 94034,
    "zone_pitches": 83590,
    "o_zone_pitches": 89914,
    "first_pitch_strikes": 13540
  }
}