{
  "pa": 33814,
  "k": 13270,
  "bb": 6250,
  "hits": 9637,
  "home_runs": 1009,
  "sb_success": 1976,
  "sb_caught": 792,
  "metrics": {
    "runs_per_team_game": 8.395,
    "runs_allowed_per_team_game": 8.395,
    "k_pct": 0.3924410007689123,
    "bb_pct": 0.18483468385875673,
    "iso": 0.18625236776919712,
    "babip": 0.2667738544307711,
    "bip_gb_pct": 0.44286067651969574,
    "bip_fb_pct": 0.3522354832725249,
    "bip_ld_pct": 0.20490384020777935,
    "pitches_per_pa": 4.490270302241675,
    "pitches_put_in_play_pct": 0.2130089439782921,
    "sb_attempts_per_pa": 0.08185958478736619,
    "sb_pct": 0.7138728323699421,
    "defensive_efficiency": 0.013419257012888597,
    "avg": 0.35104910389042693,
    "obp": 0.47271436599721967,
    "slg": 0.537301471659624,
    "bip_double_play_pct": 0.02083977490569538,
    "swstr_pct": 0.1940935495343599,
    "called_third_strike_share_of_so": 0.2428033157498116,
    "o_swing_pct": 0.2554677702533233,
    "z_swing_pct": 0.7097539323660776,
    "swing_pct": 0.4711724646653582,
    "z_contact_pct": 0.6090601731517129,
    "o_contact_pct": 0.5353198173874626,
    "contact_pct": 0.5880626223091977
  },
  "benchmarks": {
    "runs_per_team_game": null,
    "runs_allowed_per_team_game": null,
    "k_pct": 0.22,
    "bb_pct": 0.08,
    "iso": 0.165,
    "babip": 0.291,
    "bip_gb_pct": 0.44,
    "bip_fb_pct": 0.35,
    "bip_ld_pct": 0.21,
    "pitches_per_pa": 3.86,
    "pitches_put_in_play_pct": 0.175,
    "sb_attempts_per_pa": 0.05,
    "sb_pct": 0.78,
    "defensive_efficiency": 0.69,
    "avg": 0.245,
    "obp": 0.313,
    "slg": 0.392,
    "bip_double_play_pct": 0.028,
    "swstr_pct": 0.11,
    "called_third_strike_share_of_so": 0.23,
    "o_swing_pct": 0.32,
    "z_swing_pct": 0.65,
    "swing_pct": 0.47,
    "z_contact_pct": 0.82,
    "o_contact_pct": 0.62,
    "contact_pct": 0.76
  },
  "pitch_counts": {
    "pitches_thrown": 151834,
    "strikes_thrown": 82738,
    "balls_thrown": 85088,
    "zone_pitches": 72094,
    "o_zone_pitches": 79740,
    "first_pitch_strikes": 10926
  }
}