{
  "pa": 28986,
  "k": 13683,
  "bb": 4463,
  "hits": 6871,
  "home_runs": 699,
  "sb_success": 1305,
  "sb_caught": 546,
  "metrics": {
    "runs_per_team_game": 5.285,
    "runs_allowed_per_team_game": 5.285,
    "k_pct": 0.472055475056924,
    "bb_pct": 0.15397088249499757,
    "iso": 0.1496265458552712,
    "babip": 0.2685580019145418,
    "bip_gb_pct": 0.44086676529457836,
    "bip_fb_pct": 0.34731529022713425,
    "bip_ld_pct": 0.21181794447828736,
    "pitches_per_pa": 5.550403643138067,
    "pitches_put_in_play_pct": 0.14284826334501877,
    "sb_attempts_per_pa": 0.06385841440695508,
    "sb_pct": 0.7050243111831442,
    "defensive_efficiency": 0.07822055632274605,
    "avg": 0.2804375331619118,
    "obp": 0.39126833477135464,
    "slg": 0.43006407901718297,
    "bip_double_play_pct": 0.015707945348533633,
    "swstr_pct": 0.08673951418413267,
    "called_third_strike_share_of_so": 0.5658846744135058,
    "o_swing_pct": 0.24196849884725605,
    "z_swing_pct": 0.7098355070628009,
    "swing_pct": 0.5748676064742299,
    "z_contact_pct": 0.861390403288332,
    "o_contact_pct": 0.7602849510240427,
    "contact_pct": 0.8491139295252306
  },
  "benchmarks": {
    "runs_per_team_game": null,
    "runs_allowed_per_team_game": null,
    "k_pct": 0.22,
    "bb_pct": 0.08,
    "iso": 0.165,
    "babip": 0.291,
    "bip_gb_pct": 0.44,
    "bip_fb_pct": 0.35,
    "bip_ld_pct": 0.21,
    "pitches_per_pa": 3.86,
    "pitches_put_in_play_pct": 0.175,
    "sb_attempts_per_pa": 0.05,
    "sb_pct": 0.78,
    "defensive_efficiency": 0.69,
    "avg": 0.245,
    "obp": 0.313,
    "slg": 0.392,
    "bip_double_play_pct": 0.028,
    "swstr_pct": 0.11,
    "called_third_strike_share_of_so": 0.23,
    "o_swing_pct": 0.32,
    "z_swing_pct": 0.65,
    "swing_pct": 0.47,
    "z_contact_pct": 0.82,
    "o_contact_pct": 0.62,
    "contact_pct": 0.76
  },
  "pitch_counts": {
    "pitches_thrown": 160884,
    "strikes_thrown": 122790,
    "balls_thrown": 51921,
    "zone_pitches": 114473,
    "o_zone_pitches": 46411,
    "first_pitch_strikes": 17004
  }
}