{
  "pa": 31949,
  "k": 13652,
  "bb": 4114,
  "hits": 9229,
  "home_runs": 1067,
  "sb_success": 1348,
  "sb_caught": 568,
  "metrics": {
    "runs_per_team_game": 7.6033333333333335,
    "runs_allowed_per_team_game": 7.6033333333333335,
    "k_pct": 0.4273060189677298,
    "bb_pct": 0.12876772355942284,
    "iso": 0.19324800460199898,
    "babip": 0.24467160286579334,
    "bip_gb_pct": 0.44440780598938817,
    "bip_fb_pct": 0.35043016877004707,
    "bip_ld_pct": 0.20516202524056476,
    "pitches_per_pa": 5.029609690444145,
    "pitches_put_in_play_pct": 0.2075971896372541,
    "sb_attempts_per_pa": 0.059970578108861,
    "sb_pct": 0.7035490605427975,
    "defensive_efficiency": 0.009378574151734709,
    "avg": 0.3318113180412742,
    "obp": 0.41778334376956794,
    "slg": 0.5250593226432732,
    "bip_double_play_pct": 0.013849336011271321,
    "swstr_pct": 0.12212258309426166,
    "called_third_strike_share_of_so": 0.24809551714034575,
    "o_swing_pct": 0.2614313673160751,
    "z_swing_pct": 0.7515532243988007,
    "swing_pct": 0.6144090210403819,
    "z_contact_pct": 0.8071859729807416,
    "o_contact_pct": 0.7572096980008507,
    "contact_pct": 0.8012356933049731
  },
  "benchmarks": {
    "runs_per_team_game": null,
    "runs_allowed_per_team_game": null,
    "k_pct": 0.22,
    "bb_pct": 0.08,
    "iso": 0.165,
    "babip": 0.291,
    "bip_gb_pct": 0.44,
    "bip_fb_pct": 0.35,
    "bip_ld_pct": 0.21,
    "pitches_per_pa": 3.86,
    "pitches_put_in_play_pct": 0.175,
    "sb_attempts_per_pa": 0.05,
    "sb_pct": 0.78,
    "defensive_efficiency": 0.69,
    "avg": 0.245,
    "obp": 0.313,
    "slg": 0.392,
    "bip_double_play_pct": 0.028,
    "swstr_pct": 0.11,
    "called_third_strike_share_of_so": 0.23,
    "o_swing_pct": 0.32,
    "z_swing_pct": 0.65,
    "swing_pct": 0.47,
    "z_contact_pct": 0.82,
    "o_contact_pct": 0.62,
    "contact_pct": 0.76
  },
  "pitch_counts": {
    "pitches_thrown": 160691,
    "strikes_thrown": 123206,
    "balls_thrown": 51105,
    "zone_pitches": 115727,
    "o_zone_pitches": 44964,
    "first_pitch_strikes": 18376
  }
}