{
  "pa": 40843,
  "k": 13252,
  "bb": 11176,
  "hits": 10530,
  "home_runs": 1263,
  "sb_success": 1507,
  "sb_caught": 665,
  "metrics": {
    "runs_per_team_game": 14.483333333333333,
    "runs_allowed_per_team_game": 14.483333333333333,
    "k_pct": 0.32446196410645645,
    "bb_pct": 0.27363318071640186,
    "iso": 0.21794179215342024,
    "babip": 0.23017883755588672,
    "bip_gb_pct": 0.4426477893691008,
    "bip_fb_pct": 0.3514654744162941,
    "bip_ld_pct": 0.20588673621460507,
    "pitches_per_pa": 9.771025634747692,
    "pitches_put_in_play_pct": 0.10088253424142649,
    "sb_attempts_per_pa": 0.05317924736184903,
    "sb_pct": 0.6938305709023941,
    "defensive_efficiency": 0.004356723216053848,
    "avg": 0.3555270443649132,
    "obp": 0.5320181350324715,
    "slg": 0.5734688365183335,
    "bip_double_play_pct": 0.012568306010928962,
    "swstr_pct": 0.06753817549451485,
    "called_third_strike_share_of_so": 0.0,
    "o_swing_pct": 0.12542730087023163,
    "z_swing_pct": 0.8208279366344525,
    "swing_pct": 0.4752203829827753,
    "z_contact_pct": 0.8717204881867782,
    "o_contact_pct": 0.7662097519797403,
    "contact_pct": 0.8578803058265225
  },
  "benchmarks": {
    "runs_per_team_game": null,
    "runs_allowed_per_team_game": null,
    "k_pct": 0.22,
    "bb_pct": 0.08,
    "iso": 0.165,
    "babip": 0.291,
    "bip_gb_pct": 0.44,
    "bip_fb_pct": 0.35,
    "bip_ld_pct": 0.21,
    "pitches_per_pa": 3.86,
    "pitches_put_in_play_pct": 0.175,
    "sb_attempts_per_pa": 0.05,
    "sb_pct": 0.78,
    "defensive_efficiency": 0.69,
    "avg": 0.245,
    "obp": 0.313,
    "slg": 0.392,
    "bip_double_play_pct": 0.028,
    "swstr_pct": 0.11,
    "called_third_strike_share_of_so": 0.23,
    "o_swing_pct": 0.32,
    "z_swing_pct": 0.65,
    "swing_pct": 0.47,
    "z_contact_pct": 0.82,
    "o_contact_pct": 0.62,
    "contact_pct": 0.76
  },
  "pitch_counts": {
    "pitches_thrown": 399078,
    "strikes_thrown": 219444,
    "balls_thrown": 217536,
    "zone_pitches": 200740,
    "o_zone_pitches": 198338,
    "first_pitch_strikes": 23477
  }
}