{
  "pa": 34308,
  "k": 13583,
  "bb": 5858,
  "hits": 9398,
  "home_runs": 1065,
  "sb_success": 1388,
  "sb_caught": 615,
  "metrics": {
    "runs_per_team_game": 9.085,
    "runs_allowed_per_team_game": 9.085,
    "k_pct": 0.395913489565116,
    "bb_pct": 0.17074734755742102,
    "iso": 0.1952833509327701,
    "babip": 0.24035882200236522,
    "bip_gb_pct": 0.4457584585652889,
    "bip_fb_pct": 0.34538059938273385,
    "bip_ld_pct": 0.20886094205197728,
    "pitches_per_pa": 5.739885740935059,
    "pitches_put_in_play_pct": 0.17605269037801385,
    "sb_attempts_per_pa": 0.05838288445843535,
    "sb_pct": 0.6929605591612581,
    "defensive_efficiency": 0.01834130781499199,
    "avg": 0.3307990144315382,
    "obp": 0.44519629003091643,
    "slg": 0.5260823653643083,
    "bip_double_play_pct": 0.013239493495630103,
    "swstr_pct": 0.11824358635818895,
    "called_third_strike_share_of_so": 0.29529559007583006,
    "o_swing_pct": 0.26653292254782546,
    "z_swing_pct": 0.7753657084538187,
    "swing_pct": 0.6311114947898682,
    "z_contact_pct": 0.8111534629482363,
    "o_contact_pct": 0.8235887096774194,
    "contact_pct": 0.8126423186166831
  },
  "benchmarks": {
    "runs_per_team_game": null,
    "runs_allowed_per_team_game": null,
    "k_pct": 0.22,
    "bb_pct": 0.08,
    "iso": 0.165,
    "babip": 0.291,
    "bip_gb_pct": 0.44,
    "bip_fb_pct": 0.35,
    "bip_ld_pct": 0.21,
    "pitches_per_pa": 3.86,
    "pitches_put_in_play_pct": 0.175,
    "sb_attempts_per_pa": 0.05,
    "sb_pct": 0.78,
    "defensive_efficiency": 0.69,
    "avg": 0.245,
    "obp": 0.313,
    "slg": 0.392,
    "bip_double_play_pct": 0.028,
    "swstr_pct": 0.11,
    "called_third_strike_share_of_so": 0.23,
    "o_swing_pct": 0.32,
    "z_swing_pct": 0.65,
    "swing_pct": 0.47,
    "z_contact_pct": 0.82,
    "o_contact_pct": 0.62,
    "contact_pct": 0.76
  },
  "pitch_counts": {
    "pitches_thrown": 196924,
    "strikes_thrown": 152795,
    "balls_thrown": 63704,
    "zone_pitches": 141096,
    "o_zone_pitches": 55828,
    "first_pitch_strikes": 19794
  }
}