{
  "pa": 31438,
  "k": 13933,
  "bb": 3716,
  "hits": 8980,
  "home_runs": 1040,
  "sb_success": 1340,
  "sb_caught": 544,
  "metrics": {
    "runs_per_team_game": 7.175,
    "runs_allowed_per_team_game": 7.175,
    "k_pct": 0.44318977034162477,
    "bb_pct": 0.11820090336535403,
    "iso": 0.19169133039774783,
    "babip": 0.24433776464795667,
    "bip_gb_pct": 0.44513170851797146,
    "bip_fb_pct": 0.3499815361890694,
    "bip_ld_pct": 0.20488675529295913,
    "pitches_per_pa": 4.845282778802723,
    "pitches_put_in_play_pct": 0.2133319328282762,
    "sb_attempts_per_pa": 0.05992747630256377,
    "sb_pct": 0.7112526539278131,
    "defensive_efficiency": 0.013255941642481783,
    "avg": 0.3241175196708294,
    "obp": 0.40389387287650313,
    "slg": 0.5158088500685772,
    "bip_double_play_pct": 0.013324716888232398,
    "swstr_pct": 0.12542835760146004,
    "called_third_strike_share_of_so": 0.29735161128256654,
    "o_swing_pct": 0.2523325247247621,
    "z_swing_pct": 0.732042684598096,
    "swing_pct": 0.5970287409897194,
    "z_contact_pct": 0.7979157566302653,
    "o_contact_pct": 0.7306341283046774,
    "contact_pct": 0.7899123626887171
  },
  "benchmarks": {
    "runs_per_team_game": null,
    "runs_allowed_per_team_game": null,
    "k_pct": 0.22,
    "bb_pct": 0.08,
    "iso": 0.165,
    "babip": 0.291,
    "bip_gb_pct": 0.44,
    "bip_fb_pct": 0.35,
    "bip_ld_pct": 0.21,
    "pitches_per_pa": 3.86,
    "pitches_put_in_play_pct": 0.175,
    "sb_attempts_per_pa": 0.05,
    "sb_pct": 0.78,
    "defensive_efficiency": 0.69,
    "avg": 0.245,
    "obp": 0.313,
    "slg": 0.392,
    "bip_double_play_pct": 0.028,
    "swstr_pct": 0.11,
    "called_third_strike_share_of_so": 0.23,
    "o_swing_pct": 0.32,
    "z_swing_pct": 0.65,
    "swing_pct": 0.47,
    "z_contact_pct": 0.82,
    "o_contact_pct": 0.62,
    "contact_pct": 0.76
  },
  "pitch_counts": {
    "pitches_thrown": 152326,
    "strikes_thrown": 116047,
    "balls_thrown": 48616,
    "zone_pitches": 109454,
    "o_zone_pitches": 42872,
    "first_pitch_strikes": 17955
  }
}