{
  "pa": 32378,
  "k": 13667,
  "bb": 7079,
  "hits": 7708,
  "home_runs": 801,
  "sb_success": 1633,
  "sb_caught": 739,
  "metrics": {
    "runs_per_team_game": 7.003333333333333,
    "runs_allowed_per_team_game": 7.003333333333333,
    "k_pct": 0.4221076039285935,
    "bb_pct": 0.21863611093952684,
    "iso": 0.16379310344827586,
    "babip": 0.2845079705070643,
    "bip_gb_pct": 0.44136425423240105,
    "bip_fb_pct": 0.349590147052766,
    "bip_ld_pct": 0.20904559871483297,
    "pitches_per_pa": 4.909846191858669,
    "pitches_put_in_play_pct": 0.15271338797642336,
    "sb_attempts_per_pa": 0.07325962073012539,
    "sb_pct": 0.6884485666104553,
    "defensive_efficiency": 0.0329229621339302,
    "avg": 0.3062132528205943,
    "obp": 0.46026449141020886,
    "slg": 0.47000635626887016,
    "bip_double_play_pct": 0.019030357951971,
    "swstr_pct": 0.12355083631605765,
    "called_third_strike_share_of_so": 0.4358674178678569,
    "o_swing_pct": 0.2871533197262576,
    "z_swing_pct": 0.7643794347326277,
    "swing_pct": 0.5143453837492373,
    "z_contact_pct": 0.8532904631022143,
    "o_contact_pct": 0.5336371618514028,
    "contact_pct": 0.7597901328180418
  },
  "benchmarks": {
    "runs_per_team_game": null,
    "runs_allowed_per_team_game": null,
    "k_pct": 0.22,
    "bb_pct": 0.08,
    "iso": 0.165,
    "babip": 0.291,
    "bip_gb_pct": 0.44,
    "bip_fb_pct": 0.35,
    "bip_ld_pct": 0.21,
    "pitches_per_pa": 3.86,
    "pitches_put_in_play_pct": 0.175,
    "sb_attempts_per_pa": 0.05,
    "sb_pct": 0.78,
    "defensive_efficiency": 0.69,
    "avg": 0.245,
    "obp": 0.313,
    "slg": 0.392,
    "bip_double_play_pct": 0.028,
    "swstr_pct": 0.11,
    "called_third_strike_share_of_so": 0.23,
    "o_swing_pct": 0.32,
    "z_swing_pct": 0.65,
    "swing_pct": 0.47,
    "z_contact_pct": 0.82,
    "o_contact_pct": 0.62,
    "contact_pct": 0.76
  },
  "pitch_counts": {
    "pitches_thrown": 158971,
    "strikes_thrown": 86277,
    "balls_thrown": 84897,
    "zone_pitches": 75681,
    "o_zone_pitches": 83290,
    "first_pitch_strikes": 12681
  }
}