{
  "pa": 27910,
  "k": 13870,
  "bb": 4450,
  "hits": 6285,
  "home_runs": 599,
  "sb_success": 1453,
  "sb_caught": 674,
  "metrics": {
    "runs_per_team_game": 4.288333333333333,
    "runs_allowed_per_team_game": 4.288333333333333,
    "k_pct": 0.49695449659620206,
    "bb_pct": 0.15944106055177357,
    "iso": 0.13379951392145994,
    "babip": 0.317139829326789,
    "bip_gb_pct": 0.4405153661665458,
    "bip_fb_pct": 0.3545094539572759,
    "bip_ld_pct": 0.20497517987617825,
    "pitches_per_pa": 4.809745610892153,
    "pitches_put_in_play_pct": 0.1335592967818832,
    "sb_attempts_per_pa": 0.07620924399856682,
    "sb_pct": 0.6831217677480019,
    "defensive_efficiency": 0.08699521637557017,
    "avg": 0.2679827740587558,
    "obp": 0.3846594776627378,
    "slg": 0.40178228798021576,
    "bip_double_play_pct": 0.018350158960343577,
    "swstr_pct": 0.07082091775923718,
    "called_third_strike_share_of_so": 0.7875991348233597,
    "o_swing_pct": 0.07283962631374076,
    "z_swing_pct": 0.6136187940216458,
    "swing_pct": 0.4480333730631704,
    "z_contact_pct": 0.8463867016622922,
    "o_contact_pct": 0.7568470273881096,
    "contact_pct": 0.8419293695131684
  },
  "benchmarks": {
    "runs_per_team_game": null,
    "runs_allowed_per_team_game": null,
    "k_pct": 0.22,
    "bb_pct": 0.08,
    "iso": 0.165,
    "babip": 0.291,
    "bip_gb_pct": 0.44,
    "bip_fb_pct": 0.35,
    "bip_ld_pct": 0.21,
    "pitches_per_pa": 3.86,
    "pitches_put_in_play_pct": 0.175,
    "sb_attempts_per_pa": 0.05,
    "sb_pct": 0.78,
    "defensive_efficiency": 0.69,
    "avg": 0.245,
    "obp": 0.313,
    "slg": 0.392,
    "bip_double_play_pct": 0.028,
    "swstr_pct": 0.11,
    "called_third_strike_share_of_so": 0.23,
    "o_swing_pct": 0.32,
    "z_swing_pct": 0.65,
    "swing_pct": 0.47,
    "z_contact_pct": 0.82,
    "o_contact_pct": 0.62,
    "contact_pct": 0.76
  },
  "pitch_counts": {
    "pitches_thrown": 134240,
    "strikes_thrown": 95326,
    "balls_thrown": 42964,
    "zone_pitches": 93136,
    "o_zone_pitches": 41104,
    "first_pitch_strikes": 16224
  }
}