{
  "pa": 32736,
  "k": 13769,
  "bb": 7118,
  "hits": 7868,
  "home_runs": 786,
  "sb_success": 1714,
  "sb_caught": 740,
  "metrics": {
    "runs_per_team_game": 7.16,
    "runs_allowed_per_team_game": 7.16,
    "k_pct": 0.4206072825024438,
    "bb_pct": 0.2174364613880743,
    "iso": 0.16192491574574808,
    "babip": 0.28071983510385284,
    "bip_gb_pct": 0.43772792135722216,
    "bip_fb_pct": 0.35004756619628985,
    "bip_ld_pct": 0.21222451244648802,
    "pitches_per_pa": 4.784213098729228,
    "pitches_put_in_play_pct": 0.16108188180007152,
    "sb_attempts_per_pa": 0.0749633431085044,
    "sb_pct": 0.6984515077424613,
    "defensive_efficiency": 0.03479686646019309,
    "avg": 0.30833137393212634,
    "obp": 0.46047847474716613,
    "slg": 0.4702562896778744,
    "bip_double_play_pct": 0.019066117012842873,
    "swstr_pct": 0.1345967206415692,
    "called_third_strike_share_of_so": 0.43213014743263856,
    "o_swing_pct": 0.259828914225916,
    "z_swing_pct": 0.7295761402565997,
    "swing_pct": 0.4830860193083721,
    "z_contact_pct": 0.8025080101646227,
    "o_contact_pct": 0.5150564323514261,
    "contact_pct": 0.7213814615577789
  },
  "benchmarks": {
    "runs_per_team_game": null,
    "runs_allowed_per_team_game": null,
    "k_pct": 0.22,
    "bb_pct": 0.08,
    "iso": 0.165,
    "babip": 0.291,
    "bip_gb_pct": 0.44,
    "bip_fb_pct": 0.35,
    "bip_ld_pct": 0.21,
    "pitches_per_pa": 3.86,
    "pitches_put_in_play_pct": 0.175,
    "sb_attempts_per_pa": 0.05,
    "sb_pct": 0.78,
    "defensive_efficiency": 0.69,
    "avg": 0.245,
    "obp": 0.313,
    "slg": 0.392,
    "bip_double_play_pct": 0.028,
    "swstr_pct": 0.11,
    "called_third_strike_share_of_so": 0.23,
    "o_swing_pct": 0.32,
    "z_swing_pct": 0.65,
    "swing_pct": 0.47,
    "z_contact_pct": 0.82,
    "o_contact_pct": 0.62,
    "contact_pct": 0.76
  },
  "pitch_counts": {
    "pitches_thrown": 156616,
    "strikes_thrown": 83615,
    "balls_thrown": 84151,
    "zone_pitches": 74435,
    "o_zone_pitches": 82181,
    "first_pitch_strikes": 12428
  }
}