{
  "pa": 29928,
  "k": 13746,
  "bb": 3611,
  "hits": 8110,
  "home_runs": 919,
  "sb_success": 1112,
  "sb_caught": 527,
  "metrics": {
    "runs_per_team_game": 6.178333333333334,
    "runs_allowed_per_team_game": 6.178333333333334,
    "k_pct": 0.45930232558139533,
    "bb_pct": 0.12065624164661855,
    "iso": 0.17879686668187694,
    "babip": 0.24675725756639902,
    "bip_gb_pct": 0.4437924644842495,
    "bip_fb_pct": 0.35066227438061903,
    "bip_ld_pct": 0.2055452611351314,
    "pitches_per_pa": 4.91847099705961,
    "pitches_put_in_play_pct": 0.19797554347826088,
    "sb_attempts_per_pa": 0.054764768778401494,
    "sb_pct": 0.6784624771201953,
    "defensive_efficiency": 0.031673819742489284,
    "avg": 0.3083884706061297,
    "obp": 0.391863885546196,
    "slg": 0.48718533728800667,
    "bip_double_play_pct": 0.014206300185299567,
    "swstr_pct": 0.10485733695652173,
    "called_third_strike_share_of_so": 0.3923323148552306,
    "o_swing_pct": 0.2434337421121562,
    "z_swing_pct": 0.7179981940021862,
    "swing_pct": 0.5826086956521739,
    "z_contact_pct": 0.8315130333478957,
    "o_contact_pct": 0.7351071114154358,
    "contact_pct": 0.8200209888059702
  },
  "benchmarks": {
    "runs_per_team_game": null,
    "runs_allowed_per_team_game": null,
    "k_pct": 0.22,
    "bb_pct": 0.08,
    "iso": 0.165,
    "babip": 0.291,
    "bip_gb_pct": 0.44,
    "bip_fb_pct": 0.35,
    "bip_ld_pct": 0.21,
    "pitches_per_pa": 3.86,
    "pitches_put_in_play_pct": 0.175,
    "sb_attempts_per_pa": 0.05,
    "sb_pct": 0.78,
    "defensive_efficiency": 0.69,
    "avg": 0.245,
    "obp": 0.313,
    "slg": 0.392,
    "bip_double_play_pct": 0.028,
    "swstr_pct": 0.11,
    "called_third_strike_share_of_so": 0.23,
    "o_swing_pct": 0.32,
    "z_swing_pct": 0.65,
    "swing_pct": 0.47,
    "z_contact_pct": 0.82,
    "o_contact_pct": 0.62,
    "contact_pct": 0.76
  },
  "pitch_counts": {
    "pitches_thrown": 147200,
    "strikes_thrown": 111503,
    "balls_thrown": 47055,
    "zone_pitches": 105205,
    "o_zone_pitches": 41995,
    "first_pitch_strikes": 16990
  }
}