{
  "pa": 33866,
  "k": 13624,
  "bb": 5104,
  "hits": 9773,
  "home_runs": 1070,
  "sb_success": 1362,
  "sb_caught": 594,
  "metrics": {
    "runs_per_team_game": 8.798333333333334,
    "runs_allowed_per_team_game": 8.798333333333334,
    "k_pct": 0.4022913836886553,
    "bb_pct": 0.15071162818165712,
    "iso": 0.19704879237140666,
    "babip": 0.2398908459439345,
    "bip_gb_pct": 0.4455745748229003,
    "bip_fb_pct": 0.3472807960528129,
    "bip_ld_pct": 0.20714462912428677,
    "pitches_per_pa": 5.468906868245438,
    "pitches_put_in_play_pct": 0.1958803520328276,
    "sb_attempts_per_pa": 0.05775704246146578,
    "sb_pct": 0.696319018404908,
    "defensive_efficiency": 0.009384998222538243,
    "avg": 0.34011971880002784,
    "obp": 0.4396383619925545,
    "slg": 0.5371685111714345,
    "bip_double_play_pct": 0.013726949474902836,
    "swstr_pct": 0.12547378651260732,
    "called_third_strike_share_of_so": 0.2141074574280681,
    "o_swing_pct": 0.2715249610734127,
    "z_swing_pct": 0.7786603998828732,
    "swing_pct": 0.6362183467415367,
    "z_contact_pct": 0.8034500380873405,
    "o_contact_pct": 0.7978761061946903,
    "contact_pct": 0.8027818795933263
  },
  "benchmarks": {
    "runs_per_team_game": null,
    "runs_allowed_per_team_game": null,
    "k_pct": 0.22,
    "bb_pct": 0.08,
    "iso": 0.165,
    "babip": 0.291,
    "bip_gb_pct": 0.44,
    "bip_fb_pct": 0.35,
    "bip_ld_pct": 0.21,
    "pitches_per_pa": 3.86,
    "pitches_put_in_play_pct": 0.175,
    "sb_attempts_per_pa": 0.05,
    "sb_pct": 0.78,
    "defensive_efficiency": 0.69,
    "avg": 0.245,
    "obp": 0.313,
    "slg": 0.392,
    "bip_double_play_pct": 0.028,
    "swstr_pct": 0.11,
    "called_third_strike_share_of_so": 0.23,
    "o_swing_pct": 0.32,
    "z_swing_pct": 0.65,
    "swing_pct": 0.47,
    "z_contact_pct": 0.82,
    "o_contact_pct": 0.62,
    "contact_pct": 0.76
  },
  "pitch_counts": {
    "pitches_thrown": 185210,
    "strikes_thrown": 143314,
    "balls_thrown": 59678,
    "zone_pitches": 133189,
    "o_zone_pitches": 52021,
    "first_pitch_strikes": 19438
  }
}