{
  "pa": 31405,
  "k": 13606,
  "bb": 4138,
  "hits": 8780,
  "home_runs": 998,
  "sb_success": 1255,
  "sb_caught": 541,
  "metrics": {
    "runs_per_team_game": 7.276666666666666,
    "runs_allowed_per_team_game": 7.276666666666666,
    "k_pct": 0.4332431141537972,
    "bb_pct": 0.13176245820729182,
    "iso": 0.1893558451091944,
    "babip": 0.2411751944711315,
    "bip_gb_pct": 0.44556357888864784,
    "bip_fb_pct": 0.3463600582638609,
    "bip_ld_pct": 0.20807636284749126,
    "pitches_per_pa": 5.013150772170037,
    "pitches_put_in_play_pct": 0.20495052020477902,
    "sb_attempts_per_pa": 0.05718834580480815,
    "sb_pct": 0.6987750556792873,
    "defensive_efficiency": 0.022034433738745807,
    "avg": 0.32226096531473664,
    "obp": 0.41147243367200687,
    "slg": 0.511616810423931,
    "bip_double_play_pct": 0.014349025319986363,
    "swstr_pct": 0.12784715252988477,
    "called_third_strike_share_of_so": 0.30074966926356017,
    "o_swing_pct": 0.25106857038923247,
    "z_swing_pct": 0.7425035697287006,
    "swing_pct": 0.6052096698382855,
    "z_contact_pct": 0.7953703703703704,
    "o_contact_pct": 0.7382957529656796,
    "contact_pct": 0.7887556017337826
  },
  "benchmarks": {
    "runs_per_team_game": null,
    "runs_allowed_per_team_game": null,
    "k_pct": 0.22,
    "bb_pct": 0.08,
    "iso": 0.165,
    "babip": 0.291,
    "bip_gb_pct": 0.44,
    "bip_fb_pct": 0.35,
    "bip_ld_pct": 0.21,
    "pitches_per_pa": 3.86,
    "pitches_put_in_play_pct": 0.175,
    "sb_attempts_per_pa": 0.05,
    "sb_pct": 0.78,
    "defensive_efficiency": 0.69,
    "avg": 0.245,
    "obp": 0.313,
    "slg": 0.392,
    "bip_double_play_pct": 0.028,
    "swstr_pct": 0.11,
    "called_third_strike_share_of_so": 0.23,
    "o_swing_pct": 0.32,
    "z_swing_pct": 0.65,
    "swing_pct": 0.47,
    "z_contact_pct": 0.82,
    "o_contact_pct": 0.62,
    "contact_pct": 0.76
  },
  "pitch_counts": {
    "pitches_thrown": 157438,
    "strikes_thrown": 120912,
    "balls_thrown": 50749,
    "zone_pitches": 113454,
    "o_zone_pitches": 43984,
    "first_pitch_strikes": 18185
  }
}