{
  "pa": 31751,
  "k": 13693,
  "bb": 4277,
  "hits": 8957,
  "home_runs": 1026,
  "sb_success": 1236,
  "sb_caught": 540,
  "metrics": {
    "runs_per_team_game": 7.675,
    "runs_allowed_per_team_game": 7.675,
    "k_pct": 0.4312620074958269,
    "bb_pct": 0.1347044187584643,
    "iso": 0.19247303993004955,
    "babip": 0.242034912109375,
    "bip_gb_pct": 0.440765380859375,
    "bip_fb_pct": 0.34625244140625,
    "bip_ld_pct": 0.212982177734375,
    "pitches_per_pa": 5.096784353248717,
    "pitches_put_in_play_pct": 0.20248659070123834,
    "sb_attempts_per_pa": 0.05593524613398003,
    "sb_pct": 0.6959459459459459,
    "defensive_efficiency": 0.014506390653179602,
    "avg": 0.3263261439813466,
    "obp": 0.41713151177082347,
    "slg": 0.5187991839113961,
    "bip_double_play_pct": 0.013671875,
    "swstr_pct": 0.12848827149813383,
    "called_third_strike_share_of_so": 0.2990579128021617,
    "o_swing_pct": 0.253414833285522,
    "z_swing_pct": 0.7442902386899091,
    "swing_pct": 0.606829473267914,
    "z_contact_pct": 0.7907470190733181,
    "o_contact_pct": 0.7695053988157436,
    "contact_pct": 0.7882629681676544
  },
  "benchmarks": {
    "runs_per_team_game": null,
    "runs_allowed_per_team_game": null,
    "k_pct": 0.22,
    "bb_pct": 0.08,
    "iso": 0.165,
    "babip": 0.291,
    "bip_gb_pct": 0.44,
    "bip_fb_pct": 0.35,
    "bip_ld_pct": 0.21,
    "pitches_per_pa": 3.86,
    "pitches_put_in_play_pct": 0.175,
    "sb_attempts_per_pa": 0.05,
    "sb_pct": 0.78,
    "defensive_efficiency": 0.69,
    "avg": 0.245,
    "obp": 0.313,
    "slg": 0.392,
    "bip_double_play_pct": 0.028,
    "swstr_pct": 0.11,
    "called_third_strike_share_of_so": 0.23,
    "o_swing_pct": 0.32,
    "z_swing_pct": 0.65,
    "swing_pct": 0.47,
    "z_contact_pct": 0.82,
    "o_contact_pct": 0.62,
    "contact_pct": 0.76
  },
  "pitch_counts": {
    "pitches_thrown": 161828,
    "strikes_thrown": 124734,
    "balls_thrown": 52270,
    "zone_pitches": 116511,
    "o_zone_pitches": 45317,
    "first_pitch_strikes": 18481
  }
}