{
  "pa": 31770,
  "k": 13740,
  "bb": 4258,
  "hits": 8898,
  "home_runs": 1057,
  "sb_success": 1225,
  "sb_caught": 523,
  "metrics": {
    "runs_per_team_game": 7.698333333333333,
    "runs_allowed_per_team_game": 7.698333333333333,
    "k_pct": 0.43248347497639283,
    "bb_pct": 0.13402581051306264,
    "iso": 0.19552483172639623,
    "babip": 0.24011636809064463,
    "bip_gb_pct": 0.4427499617210228,
    "bip_fb_pct": 0.3496554892053284,
    "bip_ld_pct": 0.20759454907364874,
    "pitches_per_pa": 5.213440352533837,
    "pitches_put_in_play_pct": 0.19715512192765847,
    "sb_attempts_per_pa": 0.05502045955303746,
    "sb_pct": 0.7008009153318078,
    "defensive_efficiency": 0.012586532410320928,
    "avg": 0.32374022193923957,
    "obp": 0.4143261964735516,
    "slg": 0.5192650536656358,
    "bip_double_play_pct": 0.01365793905986832,
    "swstr_pct": 0.11553392782752021,
    "called_third_strike_share_of_so": 0.2781659388646288,
    "o_swing_pct": 0.2762607572207502,
    "z_swing_pct": 0.7569437497916042,
    "swing_pct": 0.6244120967693246,
    "z_contact_pct": 0.8221483161905601,
    "o_contact_pct": 0.7633164235890932,
    "contact_pct": 0.8149716694707122
  },
  "benchmarks": {
    "runs_per_team_game": null,
    "runs_allowed_per_team_game": null,
    "k_pct": 0.22,
    "bb_pct": 0.08,
    "iso": 0.165,
    "babip": 0.291,
    "bip_gb_pct": 0.44,
    "bip_fb_pct": 0.35,
    "bip_ld_pct": 0.21,
    "pitches_per_pa": 3.86,
    "pitches_put_in_play_pct": 0.175,
    "sb_attempts_per_pa": 0.05,
    "sb_pct": 0.78,
    "defensive_efficiency": 0.69,
    "avg": 0.245,
    "obp": 0.313,
    "slg": 0.392,
    "bip_double_play_pct": 0.028,
    "swstr_pct": 0.11,
    "called_third_strike_share_of_so": 0.23,
    "o_swing_pct": 0.32,
    "z_swing_pct": 0.65,
    "swing_pct": 0.47,
    "z_contact_pct": 0.82,
    "o_contact_pct": 0.62,
    "contact_pct": 0.76
  },
  "pitch_counts": {
    "pitches_thrown": 165631,
    "strikes_thrown": 128171,
    "balls_thrown": 52581,
    "zone_pitches": 119964,
    "o_zone_pitches": 45667,
    "first_pitch_strikes": 18272
  }
}