{
  "pa": 32239,
  "k": 13582,
  "bb": 3887,
  "hits": 9436,
  "home_runs": 1153,
  "sb_success": 1236,
  "sb_caught": 545,
  "metrics": {
    "runs_per_team_game": 8.113333333333333,
    "runs_allowed_per_team_game": 8.113333333333333,
    "k_pct": 0.4212909829709358,
    "bb_pct": 0.12056825583920097,
    "iso": 0.20296505471231907,
    "babip": 0.2375258086717137,
    "bip_gb_pct": 0.4381165404909383,
    "bip_fb_pct": 0.3540949759119064,
    "bip_ld_pct": 0.20778848359715532,
    "pitches_per_pa": 4.864170724898415,
    "pitches_put_in_play_pct": 0.2223752678298133,
    "sb_attempts_per_pa": 0.05524364899655697,
    "sb_pct": 0.6939921392476137,
    "defensive_efficiency": 0.008007052082568133,
    "avg": 0.3330744793505118,
    "obp": 0.4135352344307568,
    "slg": 0.5360395340628309,
    "bip_double_play_pct": 0.014510208763477863,
    "swstr_pct": 0.125216814610754,
    "called_third_strike_share_of_so": 0.2560742158739508,
    "o_swing_pct": 0.24757337514121688,
    "z_swing_pct": 0.7600733407966996,
    "swing_pct": 0.6183233853688399,
    "z_contact_pct": 0.8041403305305885,
    "o_contact_pct": 0.7440864220525237,
    "contact_pct": 0.7974897641368357
  },
  "benchmarks": {
    "runs_per_team_game": null,
    "runs_allowed_per_team_game": null,
    "k_pct": 0.22,
    "bb_pct": 0.08,
    "iso": 0.165,
    "babip": 0.291,
    "bip_gb_pct": 0.44,
    "bip_fb_pct": 0.35,
    "bip_ld_pct": 0.21,
    "pitches_per_pa": 3.86,
    "pitches_put_in_play_pct": 0.175,
    "sb_attempts_per_pa": 0.05,
    "sb_pct": 0.78,
    "defensive_efficiency": 0.69,
    "avg": 0.245,
    "obp": 0.313,
    "slg": 0.392,
    "bip_double_play_pct": 0.028,
    "swstr_pct": 0.11,
    "called_third_strike_share_of_so": 0.23,
    "o_swing_pct": 0.32,
    "z_swing_pct": 0.65,
    "swing_pct": 0.47,
    "z_contact_pct": 0.82,
    "o_contact_pct": 0.62,
    "contact_pct": 0.76
  },
  "pitch_counts": {
    "pitches_thrown": 156816,
    "strikes_thrown": 120165,
    "balls_thrown": 49574,
    "zone_pitches": 113443,
    "o_zone_pitches": 43373,
    "first_pitch_strikes": 18051
  }
}