{
  "pa": 36443,
  "k": 13228,
  "bb": 11197,
  "hits": 7921,
  "home_runs": 821,
  "sb_success": 1809,
  "sb_caught": 843,
  "metrics": {
    "runs_per_team_game": 10.346666666666666,
    "runs_allowed_per_team_game": 10.346666666666666,
    "k_pct": 0.3629778009494279,
    "bb_pct": 0.30724693356748894,
    "iso": 0.16787420382165608,
    "babip": 0.2827333545715196,
    "bip_gb_pct": 0.4391924179675056,
    "bip_fb_pct": 0.3551688435807582,
    "bip_ld_pct": 0.20563873845173622,
    "pitches_per_pa": 5.176028318195538,
    "pitches_put_in_play_pct": 0.13312834649843608,
    "sb_attempts_per_pa": 0.07277117690640178,
    "sb_pct": 0.6821266968325792,
    "defensive_efficiency": 0.03715393633330333,
    "avg": 0.3153264331210191,
    "obp": 0.5276504651864863,
    "slg": 0.4832006369426752,
    "bip_double_play_pct": 0.021981522777954763,
    "swstr_pct": 0.10418279170863595,
    "called_third_strike_share_of_so": 0.5049138191714545,
    "o_swing_pct": 0.1472363389225323,
    "z_swing_pct": 0.7217564160938177,
    "swing_pct": 0.4214971107459047,
    "z_contact_pct": 0.8029295913343181,
    "o_contact_pct": 0.5284877712710989,
    "contact_pct": 0.7528267951249575
  },
  "benchmarks": {
    "runs_per_team_game": null,
    "runs_allowed_per_team_game": null,
    "k_pct": 0.22,
    "bb_pct": 0.08,
    "iso": 0.165,
    "babip": 0.291,
    "bip_gb_pct": 0.44,
    "bip_fb_pct": 0.35,
    "bip_ld_pct": 0.21,
    "pitches_per_pa": 3.86,
    "pitches_put_in_play_pct": 0.175,
    "sb_attempts_per_pa": 0.05,
    "sb_pct": 0.78,
    "defensive_efficiency": 0.69,
    "avg": 0.245,
    "obp": 0.313,
    "slg": 0.392,
    "bip_double_play_pct": 0.028,
    "swstr_pct": 0.11,
    "called_third_strike_share_of_so": 0.23,
    "o_swing_pct": 0.32,
    "z_swing_pct": 0.65,
    "swing_pct": 0.47,
    "z_contact_pct": 0.82,
    "o_contact_pct": 0.62,
    "contact_pct": 0.76
  },
  "pitch_counts": {
    "pitches_thrown": 188630,
    "strikes_thrown": 96955,
    "balls_thrown": 101412,
    "zone_pitches": 90047,
    "o_zone_pitches": 98583,
    "first_pitch_strikes": 12234
  }
}