{
  "pa": 33034,
  "k": 13627,
  "bb": 4190,
  "hits": 9814,
  "home_runs": 1128,
  "sb_success": 1370,
  "sb_caught": 557,
  "metrics": {
    "runs_per_team_game": 8.428333333333333,
    "runs_allowed_per_team_game": 8.428333333333333,
    "k_pct": 0.41251437912453837,
    "bb_pct": 0.1268390143488527,
    "iso": 0.20324102991186066,
    "babip": 0.2382402150360679,
    "bip_gb_pct": 0.44534957075070625,
    "bip_fb_pct": 0.347184508626128,
    "bip_ld_pct": 0.20746592062316574,
    "pitches_per_pa": 4.986074953078647,
    "pitches_put_in_play_pct": 0.22135268046870257,
    "sb_attempts_per_pa": 0.05833383786401889,
    "sb_pct": 0.7109496626881162,
    "defensive_efficiency": 0.004898133030453611,
    "avg": 0.3405510444860851,
    "obp": 0.424141481436618,
    "slg": 0.5437920743979457,
    "bip_double_play_pct": 0.012946048986532817,
    "swstr_pct": 0.12718717746342056,
    "called_third_strike_share_of_so": 0.19145813458574887,
    "o_swing_pct": 0.2627584857248472,
    "z_swing_pct": 0.7749260872128773,
    "swing_pct": 0.6319227733592374,
    "z_contact_pct": 0.8057717391304348,
    "o_contact_pct": 0.7451175107580271,
    "contact_pct": 0.7987298720264402
  },
  "benchmarks": {
    "runs_per_team_game": null,
    "runs_allowed_per_team_game": null,
    "k_pct": 0.22,
    "bb_pct": 0.08,
    "iso": 0.165,
    "babip": 0.291,
    "bip_gb_pct": 0.44,
    "bip_fb_pct": 0.35,
    "bip_ld_pct": 0.21,
    "pitches_per_pa": 3.86,
    "pitches_put_in_play_pct": 0.175,
    "sb_attempts_per_pa": 0.05,
    "sb_pct": 0.78,
    "defensive_efficiency": 0.69,
    "avg": 0.245,
    "obp": 0.313,
    "slg": 0.392,
    "bip_double_play_pct": 0.028,
    "swstr_pct": 0.11,
    "called_third_strike_share_of_so": 0.23,
    "o_swing_pct": 0.32,
    "z_swing_pct": 0.65,
    "swing_pct": 0.47,
    "z_contact_pct": 0.82,
    "o_contact_pct": 0.62,
    "contact_pct": 0.76
  },
  "pitch_counts": {
    "pitches_thrown": 164710,
    "strikes_thrown": 126192,
    "balls_thrown": 52500,
    "zone_pitches": 118721,
    "o_zone_pitches": 45989,
    "first_pitch_strikes": 18477
  }
}