{
  "pa": 30567,
  "k": 13883,
  "bb": 3195,
  "hits": 8754,
  "home_runs": 1026,
  "sb_success": 1281,
  "sb_caught": 550,
  "metrics": {
    "runs_per_team_game": 6.736666666666666,
    "runs_allowed_per_team_game": 6.736666666666666,
    "k_pct": 0.45418261523865605,
    "bb_pct": 0.10452448719206987,
    "iso": 0.18849162828105576,
    "babip": 0.24649145190099514,
    "bip_gb_pct": 0.439748660372544,
    "bip_fb_pct": 0.35414008675682573,
    "bip_ld_pct": 0.20611125287063026,
    "pitches_per_pa": 4.594988059017895,
    "pitches_put_in_play_pct": 0.2232174005909366,
    "sb_attempts_per_pa": 0.05990120064121438,
    "sb_pct": 0.699617695248498,
    "defensive_efficiency": 0.020146079139577777,
    "avg": 0.320026321561746,
    "obp": 0.3910938062362988,
    "slg": 0.5085179498428017,
    "bip_double_play_pct": 0.013013523858127074,
    "swstr_pct": 0.13007724894094194,
    "called_third_strike_share_of_so": 0.34437801627890224,
    "o_swing_pct": 0.24242271038196112,
    "z_swing_pct": 0.7140620044402156,
    "swing_pct": 0.5812253034779823,
    "z_contact_pct": 0.787274796657691,
    "o_contact_pct": 0.6930135557872784,
    "contact_pct": 0.7762016757312951
  },
  "benchmarks": {
    "runs_per_team_game": null,
    "runs_allowed_per_team_game": null,
    "k_pct": 0.22,
    "bb_pct": 0.08,
    "iso": 0.165,
    "babip": 0.291,
    "bip_gb_pct": 0.44,
    "bip_fb_pct": 0.35,
    "bip_ld_pct": 0.21,
    "pitches_per_pa": 3.86,
    "pitches_put_in_play_pct": 0.175,
    "sb_attempts_per_pa": 0.05,
    "sb_pct": 0.78,
    "defensive_efficiency": 0.69,
    "avg": 0.245,
    "obp": 0.313,
    "slg": 0.392,
    "bip_double_play_pct": 0.028,
    "swstr_pct": 0.11,
    "called_third_strike_share_of_so": 0.23,
    "o_swing_pct": 0.32,
    "z_swing_pct": 0.65,
    "swing_pct": 0.47,
    "z_contact_pct": 0.82,
    "o_contact_pct": 0.62,
    "contact_pct": 0.76
  },
  "pitch_counts": {
    "pitches_thrown": 140455,
    "strikes_thrown": 106338,
    "balls_thrown": 44372,
    "zone_pitches": 100896,
    "o_zone_pitches": 39559,
    "first_pitch_strikes": 17408
  }
}