{
  "pa": 33205,
  "k": 13611,
  "bb": 7433,
  "hits": 7966,
  "home_runs": 824,
  "sb_success": 1682,
  "sb_caught": 719,
  "metrics": {
    "runs_per_team_game": 7.715,
    "runs_allowed_per_team_game": 7.715,
    "k_pct": 0.4099081463634995,
    "bb_pct": 0.2238518295437434,
    "iso": 0.16746579347444746,
    "babip": 0.2748826110384112,
    "bip_gb_pct": 0.44138249557385884,
    "bip_fb_pct": 0.35197444384573934,
    "bip_ld_pct": 0.20664306058040183,
    "pitches_per_pa": 5.081764794458666,
    "pitches_put_in_play_pct": 0.15397653194263364,
    "sb_attempts_per_pa": 0.07230838729107063,
    "sb_pct": 0.7005414410662224,
    "defensive_efficiency": 0.0310553479266773,
    "avg": 0.31052898296495535,
    "obp": 0.4669619452228148,
    "slg": 0.4779947764394028,
    "bip_double_play_pct": 0.018435840197059503,
    "swstr_pct": 0.12530520327130495,
    "called_third_strike_share_of_so": 0.3541253397986922,
    "o_swing_pct": 0.32206942909550773,
    "z_swing_pct": 0.7910012721232107,
    "swing_pct": 0.5470783453834301,
    "z_contact_pct": 0.8701694121320946,
    "o_contact_pct": 0.5461813293713962,
    "contact_pct": 0.7709556513638235
  },
  "benchmarks": {
    "runs_per_team_game": null,
    "runs_allowed_per_team_game": null,
    "k_pct": 0.22,
    "bb_pct": 0.08,
    "iso": 0.165,
    "babip": 0.291,
    "bip_gb_pct": 0.44,
    "bip_fb_pct": 0.35,
    "bip_ld_pct": 0.21,
    "pitches_per_pa": 3.86,
    "pitches_put_in_play_pct": 0.175,
    "sb_attempts_per_pa": 0.05,
    "sb_pct": 0.78,
    "defensive_efficiency": 0.69,
    "avg": 0.245,
    "obp": 0.313,
    "slg": 0.392,
    "bip_double_play_pct": 0.028,
    "swstr_pct": 0.11,
    "called_third_strike_share_of_so": 0.23,
    "o_swing_pct": 0.32,
    "z_swing_pct": 0.65,
    "swing_pct": 0.47,
    "z_contact_pct": 0.82,
    "o_contact_pct": 0.62,
    "contact_pct": 0.76
  },
  "pitch_counts": {
    "pitches_thrown": 168740,
    "strikes_thrown": 94081,
    "balls_thrown": 90536,
    "zone_pitches": 80967,
    "o_zone_pitches": 87773,
    "first_pitch_strikes": 13267
  }
}