{
  "pa": 32802,
  "k": 13682,
  "bb": 6361,
  "hits": 8410,
  "home_runs": 859,
  "sb_success": 1592,
  "sb_caught": 676,
  "metrics": {
    "runs_per_team_game": 7.418333333333333,
    "runs_allowed_per_team_game": 7.418333333333333,
    "k_pct": 0.41710871288336077,
    "bb_pct": 0.1939211023718066,
    "iso": 0.1716012314241192,
    "babip": 0.26847045438384415,
    "bip_gb_pct": 0.43870440162127566,
    "bip_fb_pct": 0.35006755315366567,
    "bip_ld_pct": 0.21122804522505867,
    "pitches_per_pa": 4.944850923724164,
    "pitches_put_in_play_pct": 0.17340213685488992,
    "sb_attempts_per_pa": 0.06914212548015365,
    "sb_pct": 0.7019400352733686,
    "defensive_efficiency": 0.026527671836596323,
    "avg": 0.31963817414769485,
    "obp": 0.45370511608041736,
    "slg": 0.49123940557181406,
    "bip_double_play_pct": 0.019128208774799118,
    "swstr_pct": 0.14777960678417518,
    "called_third_strike_share_of_so": 0.2644350241192808,
    "o_swing_pct": 0.37371568777794817,
    "z_swing_pct": 0.7864209329958155,
    "swing_pct": 0.5707239782738701,
    "z_contact_pct": 0.8532459640997848,
    "o_contact_pct": 0.5254568984564881,
    "contact_pct": 0.7410664131702891
  },
  "benchmarks": {
    "runs_per_team_game": null,
    "runs_allowed_per_team_game": null,
    "k_pct": 0.22,
    "bb_pct": 0.08,
    "iso": 0.165,
    "babip": 0.291,
    "bip_gb_pct": 0.44,
    "bip_fb_pct": 0.35,
    "bip_ld_pct": 0.21,
    "pitches_per_pa": 3.86,
    "pitches_put_in_play_pct": 0.175,
    "sb_attempts_per_pa": 0.05,
    "sb_pct": 0.78,
    "defensive_efficiency": 0.69,
    "avg": 0.245,
    "obp": 0.313,
    "slg": 0.392,
    "bip_double_play_pct": 0.028,
    "swstr_pct": 0.11,
    "called_third_strike_share_of_so": 0.23,
    "o_swing_pct": 0.32,
    "z_swing_pct": 0.65,
    "swing_pct": 0.47,
    "z_contact_pct": 0.82,
    "o_contact_pct": 0.62,
    "contact_pct": 0.76
  },
  "pitch_counts": {
    "pitches_thrown": 162201,
    "strikes_thrown": 91592,
    "balls_thrown": 88262,
    "zone_pitches": 77428,
    "o_zone_pitches": 84773,
    "first_pitch_strikes": 13643
  }
}