{
  "pa": 27898,
  "k": 13894,
  "bb": 3351,
  "hits": 6888,
  "home_runs": 755,
  "sb_success": 1263,
  "sb_caught": 552,
  "metrics": {
    "runs_per_team_game": 4.845,
    "runs_allowed_per_team_game": 4.845,
    "k_pct": 0.49802853251129114,
    "bb_pct": 0.12011613735751667,
    "iso": 0.15316858331294347,
    "babip": 0.27006913558501033,
    "bip_gb_pct": 0.4374036725527324,
    "bip_fb_pct": 0.35633449293231756,
    "bip_ld_pct": 0.20626183451495003,
    "pitches_per_pa": 5.170836619112481,
    "pitches_put_in_play_pct": 0.15742152839396628,
    "sb_attempts_per_pa": 0.06505842712739264,
    "sb_pct": 0.6958677685950413,
    "defensive_efficiency": 0.0557970282017588,
    "avg": 0.2808906288230976,
    "obp": 0.3673659673659674,
    "slg": 0.4340592121360411,
    "bip_double_play_pct": 0.016953630719098153,
    "swstr_pct": 0.11928100044365572,
    "called_third_strike_share_of_so": 0.5511011947603282,
    "o_swing_pct": 0.2239744605266316,
    "z_swing_pct": 0.81177445294605,
    "swing_pct": 0.6420183562555457,
    "z_contact_pct": 0.8438715719706066,
    "o_contact_pct": 0.549458793269746,
    "contact_pct": 0.814209361334557
  },
  "benchmarks": {
    "runs_per_team_game": null,
    "runs_allowed_per_team_game": null,
    "k_pct": 0.22,
    "bb_pct": 0.08,
    "iso": 0.165,
    "babip": 0.291,
    "bip_gb_pct": 0.44,
    "bip_fb_pct": 0.35,
    "bip_ld_pct": 0.21,
    "pitches_per_pa": 3.86,
    "pitches_put_in_play_pct": 0.175,
    "sb_attempts_per_pa": 0.05,
    "sb_pct": 0.78,
    "defensive_efficiency": 0.69,
    "avg": 0.245,
    "obp": 0.313,
    "slg": 0.392,
    "bip_double_play_pct": 0.028,
    "swstr_pct": 0.11,
    "called_third_strike_share_of_so": 0.23,
    "o_swing_pct": 0.32,
    "z_swing_pct": 0.65,
    "swing_pct": 0.47,
    "z_contact_pct": 0.82,
    "o_contact_pct": 0.62,
    "contact_pct": 0.76
  },
  "pitch_counts": {
    "pitches_thrown": 144256,
    "strikes_thrown": 107298,
    "balls_thrown": 46830,
    "zone_pitches": 102595,
    "o_zone_pitches": 41661,
    "first_pitch_strikes": 16380
  }
}