{
  "pa": 32360,
  "k": 13625,
  "bb": 6160,
  "hits": 8279,
  "home_runs": 851,
  "sb_success": 1710,
  "sb_caught": 720,
  "metrics": {
    "runs_per_team_game": 7.195,
    "runs_allowed_per_team_game": 7.195,
    "k_pct": 0.42104449938195304,
    "bb_pct": 0.1903584672435105,
    "iso": 0.1703359926357778,
    "babip": 0.27104542966611933,
    "bip_gb_pct": 0.4405765371282613,
    "bip_fb_pct": 0.349133369823025,
    "bip_ld_pct": 0.21029009304871374,
    "pitches_per_pa": 4.950247218788628,
    "pitches_put_in_play_pct": 0.17107809476246957,
    "sb_attempts_per_pa": 0.07509270704573548,
    "sb_pct": 0.7037037037037037,
    "defensive_efficiency": 0.03244685429038641,
    "avg": 0.3175437250690396,
    "obp": 0.4496104859651292,
    "slg": 0.4878797177048174,
    "bip_double_play_pct": 0.018098887064404306,
    "swstr_pct": 0.14705662026343716,
    "called_third_strike_share_of_so": 0.26172477064220184,
    "o_swing_pct": 0.3748014190327166,
    "z_swing_pct": 0.7860626904316669,
    "swing_pct": 0.5711280354578937,
    "z_contact_pct": 0.8556171083495533,
    "o_contact_pct": 0.5258461342341768,
    "contact_pct": 0.7425154936659052
  },
  "benchmarks": {
    "runs_per_team_game": null,
    "runs_allowed_per_team_game": null,
    "k_pct": 0.22,
    "bb_pct": 0.08,
    "iso": 0.165,
    "babip": 0.291,
    "bip_gb_pct": 0.44,
    "bip_fb_pct": 0.35,
    "bip_ld_pct": 0.21,
    "pitches_per_pa": 3.86,
    "pitches_put_in_play_pct": 0.175,
    "sb_attempts_per_pa": 0.05,
    "sb_pct": 0.78,
    "defensive_efficiency": 0.69,
    "avg": 0.245,
    "obp": 0.313,
    "slg": 0.392,
    "bip_double_play_pct": 0.028,
    "swstr_pct": 0.11,
    "called_third_strike_share_of_so": 0.23,
    "o_swing_pct": 0.32,
    "z_swing_pct": 0.65,
    "swing_pct": 0.47,
    "z_contact_pct": 0.82,
    "o_contact_pct": 0.62,
    "contact_pct": 0.76
  },
  "pitch_counts": {
    "pitches_thrown": 160190,
    "strikes_thrown": 90425,
    "balls_thrown": 87143,
    "zone_pitches": 76471,
    "o_zone_pitches": 83719,
    "first_pitch_strikes": 13241
  }
}