{
  "pa": 32063,
  "k": 13371,
  "bb": 5981,
  "hits": 8468,
  "home_runs": 873,
  "sb_success": 1821,
  "sb_caught": 876,
  "metrics": {
    "runs_per_team_game": 7.28,
    "runs_allowed_per_team_game": 7.28,
    "k_pct": 0.4170227364875402,
    "bb_pct": 0.18653900134110968,
    "iso": 0.17050620232683567,
    "babip": 0.26240326147042564,
    "bip_gb_pct": 0.4423714759535655,
    "bip_fb_pct": 0.34950248756218905,
    "bip_ld_pct": 0.20812603648424544,
    "pitches_per_pa": 4.649346598883448,
    "pitches_put_in_play_pct": 0.1941612106901363,
    "sb_attempts_per_pa": 0.08411564731934006,
    "sb_pct": 0.675194660734149,
    "defensive_efficiency": 0.031098236346596253,
    "avg": 0.32621927729409045,
    "obp": 0.4539781591263651,
    "slg": 0.4967254796209261,
    "bip_double_play_pct": 0.019347705914870093,
    "swstr_pct": 0.16970993882150906,
    "called_third_strike_share_of_so": 0.25315982349861643,
    "o_swing_pct": 0.29349482120680603,
    "z_swing_pct": 0.7199323610230395,
    "swing_pct": 0.4964983363743694,
    "z_contact_pct": 0.7127226463104326,
    "o_contact_pct": 0.5366428197522247,
    "contact_pct": 0.6581862890804442
  },
  "benchmarks": {
    "runs_per_team_game": null,
    "runs_allowed_per_team_game": null,
    "k_pct": 0.22,
    "bb_pct": 0.08,
    "iso": 0.165,
    "babip": 0.291,
    "bip_gb_pct": 0.44,
    "bip_fb_pct": 0.35,
    "bip_ld_pct": 0.21,
    "pitches_per_pa": 3.86,
    "pitches_put_in_play_pct": 0.175,
    "sb_attempts_per_pa": 0.05,
    "sb_pct": 0.78,
    "defensive_efficiency": 0.69,
    "avg": 0.245,
    "obp": 0.313,
    "slg": 0.392,
    "bip_double_play_pct": 0.028,
    "swstr_pct": 0.11,
    "called_third_strike_share_of_so": 0.23,
    "o_swing_pct": 0.32,
    "z_swing_pct": 0.65,
    "swing_pct": 0.47,
    "z_contact_pct": 0.82,
    "o_contact_pct": 0.62,
    "contact_pct": 0.76
  },
  "pitch_counts": {
    "pitches_thrown": 149072,
    "strikes_thrown": 82879,
    "balls_thrown": 84203,
    "zone_pitches": 70965,
    "o_zone_pitches": 78107,
    "first_pitch_strikes": 10531
  }
}