{
  "pa": 29840,
  "k": 13672,
  "bb": 3310,
  "hits": 8336,
  "home_runs": 970,
  "sb_success": 1246,
  "sb_caught": 529,
  "metrics": {
    "runs_per_team_game": 6.418333333333333,
    "runs_allowed_per_team_game": 6.418333333333333,
    "k_pct": 0.4581769436997319,
    "bb_pct": 0.11092493297587132,
    "iso": 0.1849183296239013,
    "babip": 0.2503824059281417,
    "bip_gb_pct": 0.4475339066589619,
    "bip_fb_pct": 0.34759849077127025,
    "bip_ld_pct": 0.20486760256976783,
    "pitches_per_pa": 4.679792225201072,
    "pitches_put_in_play_pct": 0.2106699129936625,
    "sb_attempts_per_pa": 0.05948391420911528,
    "sb_pct": 0.7019718309859155,
    "defensive_efficiency": 0.031804795961295707,
    "avg": 0.3144592402580256,
    "obp": 0.39053909078717985,
    "slg": 0.4993775698819269,
    "bip_double_play_pct": 0.01454842108841225,
    "swstr_pct": 0.11842887321422178,
    "called_third_strike_share_of_so": 0.3861907548273844,
    "o_swing_pct": 0.23659085228692828,
    "z_swing_pct": 0.7066994530034626,
    "swing_pct": 0.5720075906763579,
    "z_contact_pct": 0.8020081804237914,
    "o_contact_pct": 0.7256496936403972,
    "contact_pct": 0.7929592628758857
  },
  "benchmarks": {
    "runs_per_team_game": null,
    "runs_allowed_per_team_game": null,
    "k_pct": 0.22,
    "bb_pct": 0.08,
    "iso": 0.165,
    "babip": 0.291,
    "bip_gb_pct": 0.44,
    "bip_fb_pct": 0.35,
    "bip_ld_pct": 0.21,
    "pitches_per_pa": 3.86,
    "pitches_put_in_play_pct": 0.175,
    "sb_attempts_per_pa": 0.05,
    "sb_pct": 0.78,
    "defensive_efficiency": 0.69,
    "avg": 0.245,
    "obp": 0.313,
    "slg": 0.392,
    "bip_double_play_pct": 0.028,
    "swstr_pct": 0.11,
    "called_third_strike_share_of_so": 0.23,
    "o_swing_pct": 0.32,
    "z_swing_pct": 0.65,
    "swing_pct": 0.47,
    "z_contact_pct": 0.82,
    "o_contact_pct": 0.62,
    "contact_pct": 0.76
  },
  "pitch_counts": {
    "pitches_thrown": 139645,
    "strikes_thrown": 105385,
    "balls_thrown": 44650,
    "zone_pitches": 99635,
    "o_zone_pitches": 40010,
    "first_pitch_strikes": 16922
  }
}