{
  "pa": 33390,
  "k": 13717,
  "bb": 7496,
  "hits": 7960,
  "home_runs": 816,
  "sb_success": 1614,
  "sb_caught": 670,
  "metrics": {
    "runs_per_team_game": 7.73,
    "runs_allowed_per_team_game": 7.73,
    "k_pct": 0.4108116202455825,
    "bb_pct": 0.22449835280023958,
    "iso": 0.16879388602242307,
    "babip": 0.2693612849709675,
    "bip_gb_pct": 0.44129402005881907,
    "bip_fb_pct": 0.3481260840057311,
    "bip_ld_pct": 0.21057989593544982,
    "pitches_per_pa": 5.238574423480084,
    "pitches_put_in_play_pct": 0.15162706670630474,
    "sb_attempts_per_pa": 0.06840371368673255,
    "sb_pct": 0.7066549912434326,
    "defensive_efficiency": 0.03026269080582178,
    "avg": 0.30880242076269543,
    "obp": 0.46595744680851064,
    "slg": 0.4775963067851185,
    "bip_double_play_pct": 0.017758841716310987,
    "swstr_pct": 0.12156692355187633,
    "called_third_strike_share_of_so": 0.3270394401108114,
    "o_swing_pct": 0.35275519421860885,
    "z_swing_pct": 0.8138385110883982,
    "swing_pct": 0.5745557867776533,
    "z_contact_pct": 0.8977627851280703,
    "o_contact_pct": 0.5545735611005278,
    "contact_pct": 0.7884158051323894
  },
  "benchmarks": {
    "runs_per_team_game": null,
    "runs_allowed_per_team_game": null,
    "k_pct": 0.22,
    "bb_pct": 0.08,
    "iso": 0.165,
    "babip": 0.291,
    "bip_gb_pct": 0.44,
    "bip_fb_pct": 0.35,
    "bip_ld_pct": 0.21,
    "pitches_per_pa": 3.86,
    "pitches_put_in_play_pct": 0.175,
    "sb_attempts_per_pa": 0.05,
    "sb_pct": 0.78,
    "defensive_efficiency": 0.69,
    "avg": 0.245,
    "obp": 0.313,
    "slg": 0.392,
    "bip_double_play_pct": 0.028,
    "swstr_pct": 0.11,
    "called_third_strike_share_of_so": 0.23,
    "o_swing_pct": 0.32,
    "z_swing_pct": 0.65,
    "swing_pct": 0.47,
    "z_contact_pct": 0.82,
    "o_contact_pct": 0.62,
    "contact_pct": 0.76
  },
  "pitch_counts": {
    "pitches_thrown": 174916,
    "strikes_thrown": 99327,
    "balls_thrown": 93625,
    "zone_pitches": 84142,
    "o_zone_pitches": 90774,
    "first_pitch_strikes": 13650
  }
}