{
  "pa": 29578,
  "k": 13601,
  "bb": 5030,
  "hits": 6990,
  "home_runs": 758,
  "sb_success": 1438,
  "sb_caught": 610,
  "metrics": {
    "runs_per_team_game": 5.696666666666666,
    "runs_allowed_per_team_game": 5.696666666666666,
    "k_pct": 0.4598350125092974,
    "bb_pct": 0.17005882750693083,
    "iso": 0.1563494005382921,
    "babip": 0.2714285714285714,
    "bip_gb_pct": 0.4468205574912892,
    "bip_fb_pct": 0.3437282229965157,
    "bip_ld_pct": 0.2094512195121951,
    "pitches_per_pa": 5.57711812833863,
    "pitches_put_in_play_pct": 0.13918525703200776,
    "sb_attempts_per_pa": 0.06924065183582392,
    "sb_pct": 0.7021484375,
    "defensive_efficiency": 0.06156111929307806,
    "avg": 0.2850501590408613,
    "obp": 0.40675213964344914,
    "slg": 0.4413995595791534,
    "bip_double_play_pct": 0.016158536585365854,
    "swstr_pct": 0.08340203685741998,
    "called_third_strike_share_of_so": 0.5818689802220425,
    "o_swing_pct": 0.2041070834718989,
    "z_swing_pct": 0.7050270436806791,
    "swing_pct": 0.5589294374393793,
    "z_contact_pct": 0.8598827399521735,
    "o_contact_pct": 0.7744399185336049,
    "contact_pct": 0.85078252947365
  },
  "benchmarks": {
    "runs_per_team_game": null,
    "runs_allowed_per_team_game": null,
    "k_pct": 0.22,
    "bb_pct": 0.08,
    "iso": 0.165,
    "babip": 0.291,
    "bip_gb_pct": 0.44,
    "bip_fb_pct": 0.35,
    "bip_ld_pct": 0.21,
    "pitches_per_pa": 3.86,
    "pitches_put_in_play_pct": 0.175,
    "sb_attempts_per_pa": 0.05,
    "sb_pct": 0.78,
    "defensive_efficiency": 0.69,
    "avg": 0.245,
    "obp": 0.313,
    "slg": 0.392,
    "bip_double_play_pct": 0.028,
    "swstr_pct": 0.11,
    "called_third_strike_share_of_so": 0.23,
    "o_swing_pct": 0.32,
    "z_swing_pct": 0.65,
    "swing_pct": 0.47,
    "z_contact_pct": 0.82,
    "o_contact_pct": 0.62,
    "contact_pct": 0.76
  },
  "pitch_counts": {
    "pitches_thrown": 164960,
    "strikes_thrown": 124369,
    "balls_thrown": 53331,
    "zone_pitches": 116848,
    "o_zone_pitches": 48112,
    "first_pitch_strikes": 17437
  }
}