{
  "pa": 29408,
  "k": 13781,
  "bb": 3144,
  "hits": 8294,
  "home_runs": 876,
  "sb_success": 1577,
  "sb_caught": 672,
  "metrics": {
    "runs_per_team_game": 5.935,
    "runs_allowed_per_team_game": 5.935,
    "k_pct": 0.4686139825897715,
    "bb_pct": 0.10690968443960827,
    "iso": 0.17250735659418348,
    "babip": 0.2589812519638306,
    "bip_gb_pct": 0.4365115385958175,
    "bip_fb_pct": 0.3540481094857382,
    "bip_ld_pct": 0.2094403519184443,
    "pitches_per_pa": 4.20572633297062,
    "pitches_put_in_play_pct": 0.2315858411086496,
    "sb_attempts_per_pa": 0.07647578890097932,
    "sb_pct": 0.7012005335704757,
    "defensive_efficiency": 0.026987157237070458,
    "avg": 0.31696411510681394,
    "obp": 0.3918440922386232,
    "slg": 0.4894714717009974,
    "bip_double_play_pct": 0.016373983172153755,
    "swstr_pct": 0.2117203796833816,
    "called_third_strike_share_of_so": 0.22661635585226036,
    "o_swing_pct": 0.4569553605494086,
    "z_swing_pct": 0.7170246058084152,
    "swing_pct": 0.579243543927168,
    "z_contact_pct": 0.7267865707434052,
    "o_contact_pct": 0.5059448266648855,
    "contact_pct": 0.6344881494095642
  },
  "benchmarks": {
    "runs_per_team_game": null,
    "runs_allowed_per_team_game": null,
    "k_pct": 0.22,
    "bb_pct": 0.08,
    "iso": 0.165,
    "babip": 0.291,
    "bip_gb_pct": 0.44,
    "bip_fb_pct": 0.35,
    "bip_ld_pct": 0.21,
    "pitches_per_pa": 3.86,
    "pitches_put_in_play_pct": 0.175,
    "sb_attempts_per_pa": 0.05,
    "sb_pct": 0.78,
    "defensive_efficiency": 0.69,
    "avg": 0.245,
    "obp": 0.313,
    "slg": 0.392,
    "bip_double_play_pct": 0.028,
    "swstr_pct": 0.11,
    "called_third_strike_share_of_so": 0.23,
    "o_swing_pct": 0.32,
    "z_swing_pct": 0.65,
    "swing_pct": 0.47,
    "z_contact_pct": 0.82,
    "o_contact_pct": 0.62,
    "contact_pct": 0.76
  },
  "pitch_counts": {
    "pitches_thrown": 123682,
    "strikes_thrown": 71690,
    "balls_thrown": 70279,
    "zone_pitches": 58157,
    "o_zone_pitches": 65525,
    "first_pitch_strikes": 11521
  }
}