{
  "pa": 30858,
  "k": 13637,
  "bb": 3530,
  "hits": 8782,
  "home_runs": 1015,
  "sb_success": 1150,
  "sb_caught": 567,
  "metrics": {
    "runs_per_team_game": 6.986666666666666,
    "runs_allowed_per_team_game": 6.986666666666666,
    "k_pct": 0.4419275390498412,
    "bb_pct": 0.11439497051007842,
    "iso": 0.19027213126762632,
    "babip": 0.24230229293401964,
    "bip_gb_pct": 0.44507877086257996,
    "bip_fb_pct": 0.3481516144127281,
    "bip_ld_pct": 0.20676961472469194,
    "pitches_per_pa": 4.7621038304491545,
    "pitches_put_in_play_pct": 0.21813690464038543,
    "sb_attempts_per_pa": 0.05564197290815996,
    "sb_pct": 0.6697728596389051,
    "defensive_efficiency": 0.02209247277891746,
    "avg": 0.32164963557118265,
    "obp": 0.39923485929192065,
    "slg": 0.511921766838809,
    "bip_double_play_pct": 0.01360162221182343,
    "swstr_pct": 0.12181096843122444,
    "called_third_strike_share_of_so": 0.3264647649776344,
    "o_swing_pct": 0.25001191213608426,
    "z_swing_pct": 0.7364896403905692,
    "swing_pct": 0.5975338382704204,
    "z_contact_pct": 0.8045348130327371,
    "o_contact_pct": 0.7343243758338098,
    "contact_pct": 0.7961438154133498
  },
  "benchmarks": {
    "runs_per_team_game": null,
    "runs_allowed_per_team_game": null,
    "k_pct": 0.22,
    "bb_pct": 0.08,
    "iso": 0.165,
    "babip": 0.291,
    "bip_gb_pct": 0.44,
    "bip_fb_pct": 0.35,
    "bip_ld_pct": 0.21,
    "pitches_per_pa": 3.86,
    "pitches_put_in_play_pct": 0.175,
    "sb_attempts_per_pa": 0.05,
    "sb_pct": 0.78,
    "defensive_efficiency": 0.69,
    "avg": 0.245,
    "obp": 0.313,
    "slg": 0.392,
    "bip_double_play_pct": 0.028,
    "swstr_pct": 0.11,
    "called_third_strike_share_of_so": 0.23,
    "o_swing_pct": 0.32,
    "z_swing_pct": 0.65,
    "swing_pct": 0.47,
    "z_contact_pct": 0.82,
    "o_contact_pct": 0.62,
    "contact_pct": 0.76
  },
  "pitch_counts": {
    "pitches_thrown": 146949,
    "strikes_thrown": 111331,
    "balls_thrown": 46904,
    "zone_pitches": 104975,
    "o_zone_pitches": 41974,
    "first_pitch_strikes": 17436
  }
}