{
  "pa": 31494,
  "k": 13498,
  "bb": 4473,
  "hits": 8622,
  "home_runs": 971,
  "sb_success": 1234,
  "sb_caught": 516,
  "metrics": {
    "runs_per_team_game": 7.508333333333334,
    "runs_allowed_per_team_game": 7.508333333333334,
    "k_pct": 0.4285895726170064,
    "bb_pct": 0.14202705277195657,
    "iso": 0.1885765085009446,
    "babip": 0.2387207488299532,
    "bip_gb_pct": 0.446801872074883,
    "bip_fb_pct": 0.34973478939157565,
    "bip_ld_pct": 0.20346333853354134,
    "pitches_per_pa": 5.217851019241761,
    "pitches_put_in_play_pct": 0.19503319519749773,
    "sb_attempts_per_pa": 0.05556613958214263,
    "sb_pct": 0.7051428571428572,
    "defensive_efficiency": 0.03377947737412368,
    "avg": 0.3193688187576397,
    "obp": 0.41593876060095925,
    "slg": 0.5079453272585843,
    "bip_double_play_pct": 0.014789391575663027,
    "swstr_pct": 0.13180106005561945,
    "called_third_strike_share_of_so": 0.29285820121499484,
    "o_swing_pct": 0.25336313140079847,
    "z_swing_pct": 0.7440609592111161,
    "swing_pct": 0.6064406594008435,
    "z_contact_pct": 0.7818936121845874,
    "o_contact_pct": 0.7884730667123405,
    "contact_pct": 0.7826645393700392
  },
  "benchmarks": {
    "runs_per_team_game": null,
    "runs_allowed_per_team_game": null,
    "k_pct": 0.22,
    "bb_pct": 0.08,
    "iso": 0.165,
    "babip": 0.291,
    "bip_gb_pct": 0.44,
    "bip_fb_pct": 0.35,
    "bip_ld_pct": 0.21,
    "pitches_per_pa": 3.86,
    "pitches_put_in_play_pct": 0.175,
    "sb_attempts_per_pa": 0.05,
    "sb_pct": 0.78,
    "defensive_efficiency": 0.69,
    "avg": 0.245,
    "obp": 0.313,
    "slg": 0.392,
    "bip_double_play_pct": 0.028,
    "swstr_pct": 0.11,
    "called_third_strike_share_of_so": 0.23,
    "o_swing_pct": 0.32,
    "z_swing_pct": 0.65,
    "swing_pct": 0.47,
    "z_contact_pct": 0.82,
    "o_contact_pct": 0.62,
    "contact_pct": 0.76
  },
  "pitch_counts": {
    "pitches_thrown": 164331,
    "strikes_thrown": 127010,
    "balls_thrown": 53687,
    "zone_pitches": 118243,
    "o_zone_pitches": 46088,
    "first_pitch_strikes": 18142
  }
}