{
  "pa": 35974,
  "k": 13352,
  "bb": 6793,
  "hits": 10555,
  "home_runs": 1190,
  "sb_success": 1824,
  "sb_caught": 719,
  "metrics": {
    "runs_per_team_game": 10.28,
    "runs_allowed_per_team_game": 10.28,
    "k_pct": 0.371156946683716,
    "bb_pct": 0.18883082226052147,
    "iso": 0.21075276219323308,
    "babip": 0.25107238605898125,
    "bip_gb_pct": 0.4398391420911528,
    "bip_fb_pct": 0.35241286863270777,
    "bip_ld_pct": 0.2077479892761394,
    "pitches_per_pa": 4.280535942625229,
    "pitches_put_in_play_pct": 0.242226667013014,
    "sb_attempts_per_pa": 0.07068994273642075,
    "sb_pct": 0.71726307510814,
    "defensive_efficiency": -0.005712712506022344,
    "avg": 0.363301552335387,
    "obp": 0.48534890186266333,
    "slg": 0.5740543145286201,
    "bip_double_play_pct": 0.019597855227882037,
    "swstr_pct": 0.22927111203470402,
    "called_third_strike_share_of_so": 0.21906830437387656,
    "o_swing_pct": 0.22481892328763742,
    "z_swing_pct": 0.7039139077387072,
    "swing_pct": 0.45176896901057223,
    "z_contact_pct": 0.47580189689757924,
    "o_contact_pct": 0.5395718990120747,
    "contact_pct": 0.4925036295944916
  },
  "benchmarks": {
    "runs_per_team_game": null,
    "runs_allowed_per_team_game": null,
    "k_pct": 0.22,
    "bb_pct": 0.08,
    "iso": 0.165,
    "babip": 0.291,
    "bip_gb_pct": 0.44,
    "bip_fb_pct": 0.35,
    "bip_ld_pct": 0.21,
    "pitches_per_pa": 3.86,
    "pitches_put_in_play_pct": 0.175,
    "sb_attempts_per_pa": 0.05,
    "sb_pct": 0.78,
    "defensive_efficiency": 0.69,
    "avg": 0.245,
    "obp": 0.313,
    "slg": 0.392,
    "bip_double_play_pct": 0.028,
    "swstr_pct": 0.11,
    "called_third_strike_share_of_so": 0.23,
    "o_swing_pct": 0.32,
    "z_swing_pct": 0.65,
    "swing_pct": 0.47,
    "z_contact_pct": 0.82,
    "o_contact_pct": 0.62,
    "contact_pct": 0.76
  },
  "pitch_counts": {
    "pitches_thrown": 153988,
    "strikes_thrown": 82623,
    "balls_thrown": 85938,
    "zone_pitches": 72945,
    "o_zone_pitches": 81043,
    "first_pitch_strikes": 11468
  }
}