{
  "pa": 26869,
  "k": 14303,
  "bb": 3840,
  "hits": 5843,
  "home_runs": 584,
  "sb_success": 1377,
  "sb_caught": 607,
  "metrics": {
    "runs_per_team_game": 3.7666666666666666,
    "runs_allowed_per_team_game": 3.7666666666666666,
    "k_pct": 0.5323234954780602,
    "bb_pct": 0.1429156276750158,
    "iso": 0.13022508038585207,
    "babip": 0.32788827233618056,
    "bip_gb_pct": 0.4350645302076189,
    "bip_fb_pct": 0.3601222021323025,
    "bip_ld_pct": 0.20481326766007857,
    "pitches_per_pa": 4.423350329375861,
    "pitches_put_in_play_pct": 0.13495048421973732,
    "sb_attempts_per_pa": 0.07383974096542484,
    "sb_pct": 0.6940524193548387,
    "defensive_efficiency": 0.07618579503563527,
    "avg": 0.25388893716867994,
    "obp": 0.3606209515300424,
    "slg": 0.384114017554532,
    "bip_double_play_pct": 0.018579711952116714,
    "swstr_pct": 0.06678109565758807,
    "called_third_strike_share_of_so": 0.8621967419422498,
    "o_swing_pct": 0.052876683165682045,
    "z_swing_pct": 0.5501827175076593,
    "swing_pct": 0.39294578926555096,
    "z_contact_pct": 0.8340825226434082,
    "o_contact_pct": 0.739305485656769,
    "contact_pct": 0.8300501049205602
  },
  "benchmarks": {
    "runs_per_team_game": null,
    "runs_allowed_per_team_game": null,
    "k_pct": 0.22,
    "bb_pct": 0.08,
    "iso": 0.165,
    "babip": 0.291,
    "bip_gb_pct": 0.44,
    "bip_fb_pct": 0.35,
    "bip_ld_pct": 0.21,
    "pitches_per_pa": 3.86,
    "pitches_put_in_play_pct": 0.175,
    "sb_attempts_per_pa": 0.05,
    "sb_pct": 0.78,
    "defensive_efficiency": 0.69,
    "avg": 0.245,
    "obp": 0.313,
    "slg": 0.392,
    "bip_double_play_pct": 0.028,
    "swstr_pct": 0.11,
    "called_third_strike_share_of_so": 0.23,
    "o_swing_pct": 0.32,
    "z_swing_pct": 0.65,
    "swing_pct": 0.47,
    "z_contact_pct": 0.82,
    "o_contact_pct": 0.62,
    "contact_pct": 0.76
  },
  "pitch_counts": {
    "pitches_thrown": 118851,
    "strikes_thrown": 82667,
    "balls_thrown": 38786,
    "zone_pitches": 81273,
    "o_zone_pitches": 37578,
    "first_pitch_strikes": 15514
  }
}