{
  "pa": 33107,
  "k": 13654,
  "bb": 8056,
  "hits": 7494,
  "home_runs": 726,
  "sb_success": 1845,
  "sb_caught": 802,
  "metrics": {
    "runs_per_team_game": 7.128333333333333,
    "runs_allowed_per_team_game": 7.128333333333333,
    "k_pct": 0.4124203340683239,
    "bb_pct": 0.24333222581327213,
    "iso": 0.1497008392563145,
    "babip": 0.2939541348158443,
    "bip_gb_pct": 0.4460128561501042,
    "bip_fb_pct": 0.34624739402362753,
    "bip_ld_pct": 0.20773974982626825,
    "pitches_per_pa": 4.967680550940889,
    "pitches_put_in_play_pct": 0.13999331164685497,
    "sb_attempts_per_pa": 0.07995288005557737,
    "sb_pct": 0.6970154892330941,
    "defensive_efficiency": 0.04297504980552125,
    "avg": 0.30092759908444766,
    "obp": 0.47377326565143824,
    "slg": 0.45062843834076216,
    "bip_double_play_pct": 0.02050034746351633,
    "swstr_pct": 0.11451676648527043,
    "called_third_strike_share_of_so": 0.492895854694595,
    "o_swing_pct": 0.2283572390103514,
    "z_swing_pct": 0.7119410419833191,
    "swing_pct": 0.4585656522664397,
    "z_contact_pct": 0.8291532113383566,
    "o_contact_pct": 0.5268319951214554,
    "contact_pct": 0.7502718183987908
  },
  "benchmarks": {
    "runs_per_team_game": null,
    "runs_allowed_per_team_game": null,
    "k_pct": 0.22,
    "bb_pct": 0.08,
    "iso": 0.165,
    "babip": 0.291,
    "bip_gb_pct": 0.44,
    "bip_fb_pct": 0.35,
    "bip_ld_pct": 0.21,
    "pitches_per_pa": 3.86,
    "pitches_put_in_play_pct": 0.175,
    "sb_attempts_per_pa": 0.05,
    "sb_pct": 0.78,
    "defensive_efficiency": 0.69,
    "avg": 0.245,
    "obp": 0.313,
    "slg": 0.392,
    "bip_double_play_pct": 0.028,
    "swstr_pct": 0.11,
    "called_third_strike_share_of_so": 0.23,
    "o_swing_pct": 0.32,
    "z_swing_pct": 0.65,
    "swing_pct": 0.47,
    "z_contact_pct": 0.82,
    "o_contact_pct": 0.62,
    "contact_pct": 0.76
  },
  "pitch_counts": {
    "pitches_thrown": 164465,
    "strikes_thrown": 87053,
    "balls_thrown": 87990,
    "zone_pitches": 78293,
    "o_zone_pitches": 86172,
    "first_pitch_strikes": 12292
  }
}