{
  "pa": 39134,
  "k": 13171,
  "bb": 9793,
  "hits": 10178,
  "home_runs": 1172,
  "sb_success": 1492,
  "sb_caught": 676,
  "metrics": {
    "runs_per_team_game": 13.016666666666667,
    "runs_allowed_per_team_game": 13.016666666666667,
    "k_pct": 0.3365615577247406,
    "bb_pct": 0.25024275566003984,
    "iso": 0.20815267488306988,
    "babip": 0.22988564427200328,
    "bip_gb_pct": 0.44596181335511537,
    "bip_fb_pct": 0.3496783745150092,
    "bip_ld_pct": 0.20435981212987545,
    "pitches_per_pa": 7.059104614912863,
    "pitches_put_in_play_pct": 0.1418130613101853,
    "sb_attempts_per_pa": 0.05539939694383401,
    "sb_pct": 0.6881918819188192,
    "defensive_efficiency": 0.021476689121590065,
    "avg": 0.3474787477382131,
    "obp": 0.5109082073710325,
    "slg": 0.555631422621283,
    "bip_double_play_pct": 0.012277925260363488,
    "swstr_pct": 0.09552906595813228,
    "called_third_strike_share_of_so": 0.0,
    "o_swing_pct": 0.2916186230045866,
    "z_swing_pct": 0.8253757624989279,
    "swing_pct": 0.6745640739762028,
    "z_contact_pct": 0.8715056819918453,
    "o_contact_pct": 0.7640804850188911,
    "contact_pct": 0.8583839999141396
  },
  "benchmarks": {
    "runs_per_team_game": null,
    "runs_allowed_per_team_game": null,
    "k_pct": 0.22,
    "bb_pct": 0.08,
    "iso": 0.165,
    "babip": 0.291,
    "bip_gb_pct": 0.44,
    "bip_fb_pct": 0.35,
    "bip_ld_pct": 0.21,
    "pitches_per_pa": 3.86,
    "pitches_put_in_play_pct": 0.175,
    "sb_attempts_per_pa": 0.05,
    "sb_pct": 0.78,
    "defensive_efficiency": 0.69,
    "avg": 0.245,
    "obp": 0.313,
    "slg": 0.392,
    "bip_double_play_pct": 0.028,
    "swstr_pct": 0.11,
    "called_third_strike_share_of_so": 0.23,
    "o_swing_pct": 0.32,
    "z_swing_pct": 0.65,
    "swing_pct": 0.47,
    "z_contact_pct": 0.82,
    "o_contact_pct": 0.62,
    "contact_pct": 0.76
  },
  "pitch_counts": {
    "pitches_thrown": 276251,
    "strikes_thrown": 215264,
    "balls_thrown": 92208,
    "zone_pitches": 198197,
    "o_zone_pitches": 78054,
    "first_pitch_strikes": 22804
  }
}