{
  "pa": 31936,
  "k": 13609,
  "bb": 3980,
  "hits": 9180,
  "home_runs": 1042,
  "sb_success": 1253,
  "sb_caught": 517,
  "metrics": {
    "runs_per_team_game": 7.608333333333333,
    "runs_allowed_per_team_game": 7.608333333333333,
    "k_pct": 0.42613351703406815,
    "bb_pct": 0.124624248496994,
    "iso": 0.19324450175514007,
    "babip": 0.2369762091960048,
    "bip_gb_pct": 0.44762819952826066,
    "bip_fb_pct": 0.3457965696980286,
    "bip_ld_pct": 0.20657523077371073,
    "pitches_per_pa": 4.966683366733467,
    "pitches_put_in_play_pct": 0.21650400968376457,
    "sb_attempts_per_pa": 0.05542334669338678,
    "sb_pct": 0.707909604519774,
    "defensive_efficiency": 0.026758869512928496,
    "avg": 0.3288201160541586,
    "obp": 0.4124670928920647,
    "slg": 0.5220646178092987,
    "bip_double_play_pct": 0.01490929209982237,
    "swstr_pct": 0.13161345639784133,
    "called_third_strike_share_of_so": 0.19134396355353075,
    "o_swing_pct": 0.2608499909958581,
    "z_swing_pct": 0.7523031385736304,
    "swing_pct": 0.6146605638775408,
    "z_contact_pct": 0.789795942123459,
    "o_contact_pct": 0.7568173973075596,
    "contact_pct": 0.7858761987794246
  },
  "benchmarks": {
    "runs_per_team_game": null,
    "runs_allowed_per_team_game": null,
    "k_pct": 0.22,
    "bb_pct": 0.08,
    "iso": 0.165,
    "babip": 0.291,
    "bip_gb_pct": 0.44,
    "bip_fb_pct": 0.35,
    "bip_ld_pct": 0.21,
    "pitches_per_pa": 3.86,
    "pitches_put_in_play_pct": 0.175,
    "sb_attempts_per_pa": 0.05,
    "sb_pct": 0.78,
    "defensive_efficiency": 0.69,
    "avg": 0.245,
    "obp": 0.313,
    "slg": 0.392,
    "bip_double_play_pct": 0.028,
    "swstr_pct": 0.11,
    "called_third_strike_share_of_so": 0.23,
    "o_swing_pct": 0.32,
    "z_swing_pct": 0.65,
    "swing_pct": 0.47,
    "z_contact_pct": 0.82,
    "o_contact_pct": 0.62,
    "contact_pct": 0.76
  },
  "pitch_counts": {
    "pitches_thrown": 158616,
    "strikes_thrown": 121456,
    "balls_thrown": 50825,
    "zone_pitches": 114192,
    "o_zone_pitches": 44424,
    "first_pitch_strikes": 18284
  }
}