{
  "pa": 31950,
  "k": 15121,
  "bb": 3356,
  "hits": 8591,
  "home_runs": 895,
  "sb_success": 1698,
  "sb_caught": 658,
  "metrics": {
    "runs_per_team_game": 6.546666666666667,
    "runs_allowed_per_team_game": 6.546666666666667,
    "k_pct": 0.47327073552425664,
    "bb_pct": 0.10503912363067293,
    "iso": 0.1621650063140171,
    "babip": 0.23839172319796798,
    "bip_gb_pct": 0.44326735433509895,
    "bip_fb_pct": 0.34965771458662454,
    "bip_ld_pct": 0.2070749310782765,
    "pitches_per_pa": 4.237558685446009,
    "pitches_put_in_play_pct": 0.23844449368491025,
    "sb_attempts_per_pa": 0.07374021909233176,
    "sb_pct": 0.7207130730050934,
    "defensive_efficiency": -0.06219521944200168,
    "avg": 0.30135400589308264,
    "obp": 0.3762760693931233,
    "slg": 0.46351901220709973,
    "bip_double_play_pct": 0.0026639407737818668,
    "swstr_pct": 0.21674422040032498,
    "called_third_strike_share_of_so": 0.22346405661001256,
    "o_swing_pct": 0.46143244936312383,
    "z_swing_pct": 0.7406183620486193,
    "swing_pct": 0.5924883669399512,
    "z_contact_pct": 0.7255364350966645,
    "o_contact_pct": 0.5044498748001327,
    "contact_pct": 0.6341797873268759
  },
  "benchmarks": {
    "runs_per_team_game": null,
    "runs_allowed_per_team_game": null,
    "k_pct": 0.22,
    "bb_pct": 0.08,
    "iso": 0.165,
    "babip": 0.291,
    "bip_gb_pct": 0.44,
    "bip_fb_pct": 0.35,
    "bip_ld_pct": 0.21,
    "pitches_per_pa": 3.86,
    "pitches_put_in_play_pct": 0.175,
    "sb_attempts_per_pa": 0.05,
    "sb_pct": 0.78,
    "defensive_efficiency": 0.69,
    "avg": 0.245,
    "obp": 0.313,
    "slg": 0.392,
    "bip_double_play_pct": 0.028,
    "swstr_pct": 0.11,
    "called_third_strike_share_of_so": 0.23,
    "o_swing_pct": 0.32,
    "z_swing_pct": 0.65,
    "swing_pct": 0.47,
    "z_contact_pct": 0.82,
    "o_contact_pct": 0.62,
    "contact_pct": 0.76
  },
  "pitch_counts": {
    "pitches_thrown": 135390,
    "strikes_thrown": 78382,
    "balls_thrown": 76407,
    "zone_pitches": 63555,
    "o_zone_pitches": 71835,
    "first_pitch_strikes": 12588
  },
  "pitch_objectives": {
    "attack": 68355,
    "chase": 73500,
    "waste": 0,
    "total_logged": 141855
  }
}