{
  "pa": 30392,
  "k": 13556,
  "bb": 3711,
  "hits": 8505,
  "home_runs": 973,
  "sb_success": 1293,
  "sb_caught": 531,
  "metrics": {
    "runs_per_team_game": 6.611666666666666,
    "runs_allowed_per_team_game": 6.611666666666666,
    "k_pct": 0.4460384311660963,
    "bb_pct": 0.12210450118452225,
    "iso": 0.1841068547630661,
    "babip": 0.2501743780516159,
    "bip_gb_pct": 0.4419902348291095,
    "bip_fb_pct": 0.3480253761583685,
    "bip_ld_pct": 0.209984389012522,
    "pitches_per_pa": 4.885693603579889,
    "pitches_put_in_play_pct": 0.20275985614805436,
    "sb_attempts_per_pa": 0.06001579362990261,
    "sb_pct": 0.7088815789473685,
    "defensive_efficiency": 0.031527823510042796,
    "avg": 0.31910103928263234,
    "obp": 0.402238314680711,
    "slg": 0.5032078940456984,
    "bip_double_play_pct": 0.014913475271531538,
    "swstr_pct": 0.11277157442452487,
    "called_third_strike_share_of_so": 0.3374889347890233,
    "o_swing_pct": 0.2440180163272966,
    "z_swing_pct": 0.7267660450792571,
    "swing_pct": 0.5881766631197554,
    "z_contact_pct": 0.8200665505498219,
    "o_contact_pct": 0.7210151893866564,
    "contact_pct": 0.8082692131537969
  },
  "benchmarks": {
    "runs_per_team_game": null,
    "runs_allowed_per_team_game": null,
    "k_pct": 0.22,
    "bb_pct": 0.08,
    "iso": 0.165,
    "babip": 0.291,
    "bip_gb_pct": 0.44,
    "bip_fb_pct": 0.35,
    "bip_ld_pct": 0.21,
    "pitches_per_pa": 3.86,
    "pitches_put_in_play_pct": 0.175,
    "sb_attempts_per_pa": 0.05,
    "sb_pct": 0.78,
    "defensive_efficiency": 0.69,
    "avg": 0.245,
    "obp": 0.313,
    "slg": 0.392,
    "bip_double_play_pct": 0.028,
    "swstr_pct": 0.11,
    "called_third_strike_share_of_so": 0.23,
    "o_swing_pct": 0.32,
    "z_swing_pct": 0.65,
    "swing_pct": 0.47,
    "z_contact_pct": 0.82,
    "o_contact_pct": 0.62,
    "contact_pct": 0.76
  },
  "pitch_counts": {
    "pitches_thrown": 148486,
    "strikes_thrown": 112064,
    "balls_thrown": 47477,
    "zone_pitches": 105858,
    "o_zone_pitches": 42628,
    "first_pitch_strikes": 17355
  }
}