{
  "pa": 27264,
  "k": 14365,
  "bb": 3969,
  "hits": 5981,
  "home_runs": 575,
  "sb_success": 1492,
  "sb_caught": 639,
  "metrics": {
    "runs_per_team_game": 3.785,
    "runs_allowed_per_team_game": 3.785,
    "k_pct": 0.5268852699530516,
    "bb_pct": 0.14557658450704225,
    "iso": 0.12445780545415502,
    "babip": 0.33432282003710573,
    "bip_gb_pct": 0.43871366728509587,
    "bip_fb_pct": 0.3575139146567718,
    "bip_ld_pct": 0.20377241805813234,
    "pitches_per_pa": 4.46662265258216,
    "pitches_put_in_play_pct": 0.13278260441130582,
    "sb_attempts_per_pa": 0.07816167840375587,
    "sb_pct": 0.7001407789770061,
    "defensive_efficiency": 0.07697833113851316,
    "avg": 0.25686063989692937,
    "obp": 0.36505025309955247,
    "slg": 0.3813184453510844,
    "bip_double_play_pct": 0.018429189857761288,
    "swstr_pct": 0.06569331077862997,
    "called_third_strike_share_of_so": 0.8604942568743473,
    "o_swing_pct": 0.05296489686191387,
    "z_swing_pct": 0.5577071198189958,
    "swing_pct": 0.397362413572238,
    "z_contact_pct": 0.8387820720312467,
    "o_contact_pct": 0.741825280624695,
    "contact_pct": 0.8346765860715024
  },
  "benchmarks": {
    "runs_per_team_game": null,
    "runs_allowed_per_team_game": null,
    "k_pct": 0.22,
    "bb_pct": 0.08,
    "iso": 0.165,
    "babip": 0.291,
    "bip_gb_pct": 0.44,
    "bip_fb_pct": 0.35,
    "bip_ld_pct": 0.21,
    "pitches_per_pa": 3.86,
    "pitches_put_in_play_pct": 0.175,
    "sb_attempts_per_pa": 0.05,
    "sb_pct": 0.78,
    "defensive_efficiency": 0.69,
    "avg": 0.245,
    "obp": 0.313,
    "slg": 0.392,
    "bip_double_play_pct": 0.028,
    "swstr_pct": 0.11,
    "called_third_strike_share_of_so": 0.23,
    "o_swing_pct": 0.32,
    "z_swing_pct": 0.65,
    "swing_pct": 0.47,
    "z_contact_pct": 0.82,
    "o_contact_pct": 0.62,
    "contact_pct": 0.76
  },
  "pitch_counts": {
    "pitches_thrown": 121778,
    "strikes_thrown": 84531,
    "balls_thrown": 39897,
    "zone_pitches": 83092,
    "o_zone_pitches": 38686,
    "first_pitch_strikes": 15775
  }
}