{
  "pa": 30472,
  "k": 13823,
  "bb": 3500,
  "hits": 8435,
  "home_runs": 977,
  "sb_success": 1183,
  "sb_caught": 451,
  "metrics": {
    "runs_per_team_game": 6.908333333333333,
    "runs_allowed_per_team_game": 6.908333333333333,
    "k_pct": 0.4536295615647151,
    "bb_pct": 0.11485954318718823,
    "iso": 0.18735858154976076,
    "babip": 0.24216644478358282,
    "bip_gb_pct": 0.4439393447413709,
    "bip_fb_pct": 0.3515277462090463,
    "bip_ld_pct": 0.20453290904958274,
    "pitches_per_pa": 4.778813336833815,
    "pitches_put_in_play_pct": 0.21148880648262602,
    "sb_attempts_per_pa": 0.05362299816224731,
    "sb_pct": 0.7239902080783354,
    "defensive_efficiency": 0.021035332785538263,
    "avg": 0.3128825253162209,
    "obp": 0.3917623892353134,
    "slg": 0.5002411068659817,
    "bip_double_play_pct": 0.01467675422930805,
    "swstr_pct": 0.11908391704436204,
    "called_third_strike_share_of_so": 0.3570860160601895,
    "o_swing_pct": 0.23765710799267847,
    "z_swing_pct": 0.7163075158870467,
    "swing_pct": 0.5816234033786568,
    "z_contact_pct": 0.8048907388137357,
    "o_contact_pct": 0.7210926268227562,
    "contact_pct": 0.7952559743081137
  },
  "benchmarks": {
    "runs_per_team_game": null,
    "runs_allowed_per_team_game": null,
    "k_pct": 0.22,
    "bb_pct": 0.08,
    "iso": 0.165,
    "babip": 0.291,
    "bip_gb_pct": 0.44,
    "bip_fb_pct": 0.35,
    "bip_ld_pct": 0.21,
    "pitches_per_pa": 3.86,
    "pitches_put_in_play_pct": 0.175,
    "sb_attempts_per_pa": 0.05,
    "sb_pct": 0.78,
    "defensive_efficiency": 0.69,
    "avg": 0.245,
    "obp": 0.313,
    "slg": 0.392,
    "bip_double_play_pct": 0.028,
    "swstr_pct": 0.11,
    "called_third_strike_share_of_so": 0.23,
    "o_swing_pct": 0.32,
    "z_swing_pct": 0.65,
    "swing_pct": 0.47,
    "z_contact_pct": 0.82,
    "o_contact_pct": 0.62,
    "contact_pct": 0.76
  },
  "pitch_counts": {
    "pitches_thrown": 145620,
    "strikes_thrown": 110526,
    "balls_thrown": 46300,
    "zone_pitches": 104645,
    "o_zone_pitches": 40975,
    "first_pitch_strikes": 17478
  }
}