{
  "pa": 29330,
  "k": 13716,
  "bb": 4712,
  "hits": 7073,
  "home_runs": 726,
  "sb_success": 1449,
  "sb_caught": 613,
  "metrics": {
    "runs_per_team_game": 5.451666666666667,
    "runs_allowed_per_team_game": 5.451666666666667,
    "k_pct": 0.46764405046027957,
    "bb_pct": 0.160654619843164,
    "iso": 0.15079913782585708,
    "babip": 0.2768593238822247,
    "bip_gb_pct": 0.4450599781897492,
    "bip_fb_pct": 0.34804798255179936,
    "bip_ld_pct": 0.20689203925845148,
    "pitches_per_pa": 5.570439822707126,
    "pitches_put_in_play_pct": 0.1403161934374254,
    "sb_attempts_per_pa": 0.07030344357313331,
    "sb_pct": 0.7027158098933075,
    "defensive_efficiency": 0.06084136033025356,
    "avg": 0.28764894871690594,
    "obp": 0.40216315807431163,
    "slg": 0.438448086542763,
    "bip_double_play_pct": 0.016095965103598692,
    "swstr_pct": 0.08625850007038763,
    "called_third_strike_share_of_so": 0.5599300087489064,
    "o_swing_pct": 0.23990852635112453,
    "z_swing_pct": 0.7095500229006974,
    "swing_pct": 0.5725390345266586,
    "z_contact_pct": 0.861643952403571,
    "o_contact_pct": 0.7609969392216878,
    "contact_pct": 0.8493404032413248
  },
  "benchmarks": {
    "runs_per_team_game": null,
    "runs_allowed_per_team_game": null,
    "k_pct": 0.22,
    "bb_pct": 0.08,
    "iso": 0.165,
    "babip": 0.291,
    "bip_gb_pct": 0.44,
    "bip_fb_pct": 0.35,
    "bip_ld_pct": 0.21,
    "pitches_per_pa": 3.86,
    "pitches_put_in_play_pct": 0.175,
    "sb_attempts_per_pa": 0.05,
    "sb_pct": 0.78,
    "defensive_efficiency": 0.69,
    "avg": 0.245,
    "obp": 0.313,
    "slg": 0.392,
    "bip_double_play_pct": 0.028,
    "swstr_pct": 0.11,
    "called_third_strike_share_of_so": 0.23,
    "o_swing_pct": 0.32,
    "z_swing_pct": 0.65,
    "swing_pct": 0.47,
    "z_contact_pct": 0.82,
    "o_contact_pct": 0.62,
    "contact_pct": 0.76
  },
  "pitch_counts": {
    "pitches_thrown": 163381,
    "strikes_thrown": 124223,
    "balls_thrown": 53191,
    "zone_pitches": 115717,
    "o_zone_pitches": 47664,
    "first_pitch_strikes": 17215
  }
}