{
  "pa": 31757,
  "k": 13560,
  "bb": 3711,
  "hits": 9309,
  "home_runs": 1069,
  "sb_success": 1205,
  "sb_caught": 548,
  "metrics": {
    "runs_per_team_game": 7.6466666666666665,
    "runs_allowed_per_team_game": 7.6466666666666665,
    "k_pct": 0.42699247410019836,
    "bb_pct": 0.116856126208395,
    "iso": 0.19797316585783614,
    "babip": 0.23771745088422813,
    "bip_gb_pct": 0.44419121253209476,
    "bip_fb_pct": 0.3475463750973661,
    "bip_ld_pct": 0.2082624123705392,
    "pitches_per_pa": 4.854803665333627,
    "pitches_put_in_play_pct": 0.22483038644648254,
    "sb_attempts_per_pa": 0.05520042825203892,
    "sb_pct": 0.6873930405019966,
    "defensive_efficiency": 0.013271696987772197,
    "avg": 0.3321795603768199,
    "obp": 0.41018454367953644,
    "slg": 0.530152726234656,
    "bip_double_play_pct": 0.01355912644606641,
    "swstr_pct": 0.12832254465733522,
    "called_third_strike_share_of_so": 0.2506637168141593,
    "o_swing_pct": 0.24725831937925993,
    "z_swing_pct": 0.7560412622010683,
    "swing_pct": 0.6161155577464423,
    "z_contact_pct": 0.8010176912608722,
    "o_contact_pct": 0.7168065623807707,
    "contact_pct": 0.7917232521660402
  },
  "benchmarks": {
    "runs_per_team_game": null,
    "runs_allowed_per_team_game": null,
    "k_pct": 0.22,
    "bb_pct": 0.08,
    "iso": 0.165,
    "babip": 0.291,
    "bip_gb_pct": 0.44,
    "bip_fb_pct": 0.35,
    "bip_ld_pct": 0.21,
    "pitches_per_pa": 3.86,
    "pitches_put_in_play_pct": 0.175,
    "sb_attempts_per_pa": 0.05,
    "sb_pct": 0.78,
    "defensive_efficiency": 0.69,
    "avg": 0.245,
    "obp": 0.313,
    "slg": 0.392,
    "bip_double_play_pct": 0.028,
    "swstr_pct": 0.11,
    "called_third_strike_share_of_so": 0.23,
    "o_swing_pct": 0.32,
    "z_swing_pct": 0.65,
    "swing_pct": 0.47,
    "z_contact_pct": 0.82,
    "o_contact_pct": 0.62,
    "contact_pct": 0.76
  },
  "pitch_counts": {
    "pitches_thrown": 154174,
    "strikes_thrown": 118179,
    "balls_thrown": 48900,
    "zone_pitches": 111773,
    "o_zone_pitches": 42401,
    "first_pitch_strikes": 17910
  }
}