{
  "pa": 39261,
  "k": 13244,
  "bb": 9969,
  "hits": 10227,
  "home_runs": 1187,
  "sb_success": 1593,
  "sb_caught": 665,
  "metrics": {
    "runs_per_team_game": 13.143333333333333,
    "runs_allowed_per_team_game": 13.143333333333333,
    "k_pct": 0.337332212628308,
    "bb_pct": 0.2539160999465118,
    "iso": 0.2098512057465367,
    "babip": 0.23346504480772706,
    "bip_gb_pct": 0.44389349448619614,
    "bip_fb_pct": 0.346117094083314,
    "bip_ld_pct": 0.2099894114304899,
    "pitches_per_pa": 7.128524489951861,
    "pitches_put_in_play_pct": 0.13835203824591868,
    "sb_attempts_per_pa": 0.057512544255113214,
    "sb_pct": 0.7054915854738707,
    "defensive_efficiency": 0.012988761020257034,
    "avg": 0.3498204207285788,
    "obp": 0.5149004512198231,
    "slg": 0.5596716264751155,
    "bip_double_play_pct": 0.0126029802949304,
    "swstr_pct": 0.09372465368220585,
    "called_third_strike_share_of_so": 0.0,
    "o_swing_pct": 0.292326907549455,
    "z_swing_pct": 0.8241454770224665,
    "swing_pct": 0.673526921139231,
    "z_contact_pct": 0.8744397602385517,
    "o_contact_pct": 0.7638427344525485,
    "contact_pct": 0.8608449777721191
  },
  "benchmarks": {
    "runs_per_team_game": null,
    "runs_allowed_per_team_game": null,
    "k_pct": 0.22,
    "bb_pct": 0.08,
    "iso": 0.165,
    "babip": 0.291,
    "bip_gb_pct": 0.44,
    "bip_fb_pct": 0.35,
    "bip_ld_pct": 0.21,
    "pitches_per_pa": 3.86,
    "pitches_put_in_play_pct": 0.175,
    "sb_attempts_per_pa": 0.05,
    "sb_pct": 0.78,
    "defensive_efficiency": 0.69,
    "avg": 0.245,
    "obp": 0.313,
    "slg": 0.392,
    "bip_double_play_pct": 0.028,
    "swstr_pct": 0.11,
    "called_third_strike_share_of_so": 0.23,
    "o_swing_pct": 0.32,
    "z_swing_pct": 0.65,
    "swing_pct": 0.47,
    "z_contact_pct": 0.82,
    "o_contact_pct": 0.62,
    "contact_pct": 0.76
  },
  "pitch_counts": {
    "pitches_thrown": 279873,
    "strikes_thrown": 217985,
    "balls_thrown": 93414,
    "zone_pitches": 200609,
    "o_zone_pitches": 79264,
    "first_pitch_strikes": 22920
  }
}