{
  "pa": 31352,
  "k": 13575,
  "bb": 4098,
  "hits": 8921,
  "home_runs": 1015,
  "sb_success": 1251,
  "sb_caught": 556,
  "metrics": {
    "runs_per_team_game": 7.418333333333333,
    "runs_allowed_per_team_game": 7.418333333333333,
    "k_pct": 0.4329867313090074,
    "bb_pct": 0.13070936463383517,
    "iso": 0.19355668209536403,
    "babip": 0.24178109422306493,
    "bip_gb_pct": 0.4430410715924034,
    "bip_fb_pct": 0.34793112939233617,
    "bip_ld_pct": 0.20902779901526042,
    "pitches_per_pa": 4.910914774177086,
    "pitches_put_in_play_pct": 0.21237667811933725,
    "sb_attempts_per_pa": 0.05763587649910692,
    "sb_pct": 0.6923076923076923,
    "defensive_efficiency": 0.021484992101105882,
    "avg": 0.32771287928881054,
    "obp": 0.415618816620923,
    "slg": 0.5212695613841746,
    "bip_double_play_pct": 0.013945380592678676,
    "swstr_pct": 0.14340735352380704,
    "called_third_strike_share_of_so": 0.2536279926335175,
    "o_swing_pct": 0.23898293146761204,
    "z_swing_pct": 0.7325497872034765,
    "swing_pct": 0.5960108334902934,
    "z_contact_pct": 0.7607339404562001,
    "o_contact_pct": 0.7486000589448866,
    "contact_pct": 0.7593880086306475
  },
  "benchmarks": {
    "runs_per_team_game": null,
    "runs_allowed_per_team_game": null,
    "k_pct": 0.22,
    "bb_pct": 0.08,
    "iso": 0.165,
    "babip": 0.291,
    "bip_gb_pct": 0.44,
    "bip_fb_pct": 0.35,
    "bip_ld_pct": 0.21,
    "pitches_per_pa": 3.86,
    "pitches_put_in_play_pct": 0.175,
    "sb_attempts_per_pa": 0.05,
    "sb_pct": 0.78,
    "defensive_efficiency": 0.69,
    "avg": 0.245,
    "obp": 0.313,
    "slg": 0.392,
    "bip_double_play_pct": 0.028,
    "swstr_pct": 0.11,
    "called_third_strike_share_of_so": 0.23,
    "o_swing_pct": 0.32,
    "z_swing_pct": 0.65,
    "swing_pct": 0.47,
    "z_contact_pct": 0.82,
    "o_contact_pct": 0.62,
    "contact_pct": 0.76
  },
  "pitch_counts": {
    "pitches_thrown": 153967,
    "strikes_thrown": 118653,
    "balls_thrown": 50249,
    "zone_pitches": 111374,
    "o_zone_pitches": 42593,
    "first_pitch_strikes": 18138
  }
}