{
  "pa": 29683,
  "k": 13772,
  "bb": 3201,
  "hits": 8430,
  "home_runs": 905,
  "sb_success": 1463,
  "sb_caught": 595,
  "metrics": {
    "runs_per_team_game": 6.126666666666667,
    "runs_allowed_per_team_game": 6.126666666666667,
    "k_pct": 0.4639692753427888,
    "bb_pct": 0.10783950409325203,
    "iso": 0.17662229301778737,
    "babip": 0.2547307132459971,
    "bip_gb_pct": 0.4344131884499509,
    "bip_fb_pct": 0.3545919230899428,
    "bip_ld_pct": 0.2109948884601063,
    "pitches_per_pa": 4.179227167065323,
    "pitches_put_in_play_pct": 0.23813400831909198,
    "sb_attempts_per_pa": 0.0693326146279015,
    "sb_pct": 0.7108843537414966,
    "defensive_efficiency": 0.020756812163662763,
    "avg": 0.31971782910456253,
    "obp": 0.3952352069011996,
    "slg": 0.4963401221223499,
    "bip_double_play_pct": 0.0175688026810196,
    "swstr_pct": 0.21419243543030342,
    "called_third_strike_share_of_so": 0.22117339529480104,
    "o_swing_pct": 0.4547204413525516,
    "z_swing_pct": 0.7382776849826942,
    "swing_pct": 0.5874633218327798,
    "z_contact_pct": 0.7238419554975043,
    "o_contact_pct": 0.5089994000399973,
    "contact_pct": 0.635394368516384
  },
  "benchmarks": {
    "runs_per_team_game": null,
    "runs_allowed_per_team_game": null,
    "k_pct": 0.22,
    "bb_pct": 0.08,
    "iso": 0.165,
    "babip": 0.291,
    "bip_gb_pct": 0.44,
    "bip_fb_pct": 0.35,
    "bip_ld_pct": 0.21,
    "pitches_per_pa": 3.86,
    "pitches_put_in_play_pct": 0.175,
    "sb_attempts_per_pa": 0.05,
    "sb_pct": 0.78,
    "defensive_efficiency": 0.69,
    "avg": 0.245,
    "obp": 0.313,
    "slg": 0.392,
    "bip_double_play_pct": 0.028,
    "swstr_pct": 0.11,
    "called_third_strike_share_of_so": 0.23,
    "o_swing_pct": 0.32,
    "z_swing_pct": 0.65,
    "swing_pct": 0.47,
    "z_contact_pct": 0.82,
    "o_contact_pct": 0.62,
    "contact_pct": 0.76
  },
  "pitch_counts": {
    "pitches_thrown": 124052,
    "strikes_thrown": 71623,
    "balls_thrown": 70492,
    "zone_pitches": 58073,
    "o_zone_pitches": 65979,
    "first_pitch_strikes": 11552
  }
}