{
  "pa": 31123,
  "k": 13750,
  "bb": 6459,
  "hits": 6944,
  "home_runs": 762,
  "sb_success": 1349,
  "sb_caught": 544,
  "metrics": {
    "runs_per_team_game": 6.89,
    "runs_allowed_per_team_game": 6.89,
    "k_pct": 0.4417954567361758,
    "bb_pct": 0.20753140764065162,
    "iso": 0.15746114199910716,
    "babip": 0.26714489434337324,
    "bip_gb_pct": 0.44773346009247655,
    "bip_fb_pct": 0.34406464716304397,
    "bip_ld_pct": 0.2082018927444795,
    "pitches_per_pa": 5.6571024644153844,
    "pitches_put_in_play_pct": 0.1314336669203594,
    "sb_attempts_per_pa": 0.06082318542556951,
    "sb_pct": 0.7126254622292657,
    "defensive_efficiency": 0.06366413718340391,
    "avg": 0.2818067448561341,
    "obp": 0.4309452640375406,
    "slg": 0.43926788685524126,
    "bip_double_play_pct": 0.017069270990881985,
    "swstr_pct": 0.07630093260481864,
    "called_third_strike_share_of_so": 0.6056727272727273,
    "o_swing_pct": 0.1125579598145286,
    "z_swing_pct": 0.7041574823419626,
    "swing_pct": 0.5302386605023116,
    "z_contact_pct": 0.8619232043504587,
    "o_contact_pct": 0.7686234122897356,
    "contact_pct": 0.8561007744464797
  },
  "benchmarks": {
    "runs_per_team_game": null,
    "runs_allowed_per_team_game": null,
    "k_pct": 0.22,
    "bb_pct": 0.08,
    "iso": 0.165,
    "babip": 0.291,
    "bip_gb_pct": 0.44,
    "bip_fb_pct": 0.35,
    "bip_ld_pct": 0.21,
    "pitches_per_pa": 3.86,
    "pitches_put_in_play_pct": 0.175,
    "sb_attempts_per_pa": 0.05,
    "sb_pct": 0.78,
    "defensive_efficiency": 0.69,
    "avg": 0.245,
    "obp": 0.313,
    "slg": 0.392,
    "bip_double_play_pct": 0.028,
    "swstr_pct": 0.11,
    "called_third_strike_share_of_so": 0.23,
    "o_swing_pct": 0.32,
    "z_swing_pct": 0.65,
    "swing_pct": 0.47,
    "z_contact_pct": 0.82,
    "o_contact_pct": 0.62,
    "contact_pct": 0.76
  },
  "pitch_counts": {
    "pitches_thrown": 176066,
    "strikes_thrown": 128694,
    "balls_thrown": 56245,
    "zone_pitches": 124306,
    "o_zone_pitches": 51760,
    "first_pitch_strikes": 18406
  }
}