{
  "pa": 32159,
  "k": 13787,
  "bb": 4160,
  "hits": 9209,
  "home_runs": 1061,
  "sb_success": 1297,
  "sb_caught": 523,
  "metrics": {
    "runs_per_team_game": 7.76,
    "runs_allowed_per_team_game": 7.76,
    "k_pct": 0.4287135794023446,
    "bb_pct": 0.12935725613358626,
    "iso": 0.19744038894648408,
    "babip": 0.2447875983897134,
    "bip_gb_pct": 0.44688457609805926,
    "bip_fb_pct": 0.3476837108694346,
    "bip_ld_pct": 0.20543171303250615,
    "pitches_per_pa": 5.148512080599521,
    "pitches_put_in_play_pct": 0.2010376213225746,
    "sb_attempts_per_pa": 0.05659379955844398,
    "sb_pct": 0.7126373626373627,
    "defensive_efficiency": 0.012549437176756939,
    "avg": 0.3292103099417295,
    "obp": 0.41595122558168474,
    "slg": 0.5266506988882136,
    "bip_double_play_pct": 0.013248813314907168,
    "swstr_pct": 0.11320219120498155,
    "called_third_strike_share_of_so": 0.2574164067599913,
    "o_swing_pct": 0.26860820386140544,
    "z_swing_pct": 0.7563179313694294,
    "swing_pct": 0.6203803806222105,
    "z_contact_pct": 0.8267733971058779,
    "o_contact_pct": 0.750161342368506,
    "contact_pct": 0.8175277704761627
  },
  "benchmarks": {
    "runs_per_team_game": null,
    "runs_allowed_per_team_game": null,
    "k_pct": 0.22,
    "bb_pct": 0.08,
    "iso": 0.165,
    "babip": 0.291,
    "bip_gb_pct": 0.44,
    "bip_fb_pct": 0.35,
    "bip_ld_pct": 0.21,
    "pitches_per_pa": 3.86,
    "pitches_put_in_play_pct": 0.175,
    "sb_attempts_per_pa": 0.05,
    "sb_pct": 0.78,
    "defensive_efficiency": 0.69,
    "avg": 0.245,
    "obp": 0.313,
    "slg": 0.392,
    "bip_double_play_pct": 0.028,
    "swstr_pct": 0.11,
    "called_third_strike_share_of_so": 0.23,
    "o_swing_pct": 0.32,
    "z_swing_pct": 0.65,
    "swing_pct": 0.47,
    "z_contact_pct": 0.82,
    "o_contact_pct": 0.62,
    "contact_pct": 0.76
  },
  "pitch_counts": {
    "pitches_thrown": 165571,
    "strikes_thrown": 127198,
    "balls_thrown": 52527,
    "zone_pitches": 119422,
    "o_zone_pitches": 46149,
    "first_pitch_strikes": 18400
  }
}