{
  "pa": 31844,
  "k": 13613,
  "bb": 3959,
  "hits": 9065,
  "home_runs": 999,
  "sb_success": 1201,
  "sb_caught": 569,
  "metrics": {
    "runs_per_team_game": 7.433333333333334,
    "runs_allowed_per_team_game": 7.433333333333334,
    "k_pct": 0.42749026504208015,
    "bb_pct": 0.12432483356362266,
    "iso": 0.1855947721805321,
    "babip": 0.23560683511026728,
    "bip_gb_pct": 0.44457426610194245,
    "bip_fb_pct": 0.3480356360449832,
    "bip_ld_pct": 0.20739009785307433,
    "pitches_per_pa": 4.8654691621655575,
    "pitches_put_in_play_pct": 0.22096220374864461,
    "sb_attempts_per_pa": 0.05558346941339028,
    "sb_pct": 0.6785310734463277,
    "defensive_efficiency": 0.021021699819168127,
    "avg": 0.32548202937057913,
    "obp": 0.4093208887212847,
    "slg": 0.5110768015511112,
    "bip_double_play_pct": 0.013378121805170147,
    "swstr_pct": 0.1264199411369856,
    "called_third_strike_share_of_so": 0.2536545948725483,
    "o_swing_pct": 0.2335980900785088,
    "z_swing_pct": 0.7520247095372349,
    "swing_pct": 0.6062632312696855,
    "z_contact_pct": 0.8001576006495057,
    "o_contact_pct": 0.7200275157232704,
    "contact_pct": 0.7914768130136695
  },
  "benchmarks": {
    "runs_per_team_game": null,
    "runs_allowed_per_team_game": null,
    "k_pct": 0.22,
    "bb_pct": 0.08,
    "iso": 0.165,
    "babip": 0.291,
    "bip_gb_pct": 0.44,
    "bip_fb_pct": 0.35,
    "bip_ld_pct": 0.21,
    "pitches_per_pa": 3.86,
    "pitches_put_in_play_pct": 0.175,
    "sb_attempts_per_pa": 0.05,
    "sb_pct": 0.78,
    "defensive_efficiency": 0.69,
    "avg": 0.245,
    "obp": 0.313,
    "slg": 0.392,
    "bip_double_play_pct": 0.028,
    "swstr_pct": 0.11,
    "called_third_strike_share_of_so": 0.23,
    "o_swing_pct": 0.32,
    "z_swing_pct": 0.65,
    "swing_pct": 0.47,
    "z_contact_pct": 0.82,
    "o_contact_pct": 0.62,
    "contact_pct": 0.76
  },
  "pitch_counts": {
    "pitches_thrown": 154936,
    "strikes_thrown": 117576,
    "balls_thrown": 49576,
    "zone_pitches": 111374,
    "o_zone_pitches": 43562,
    "first_pitch_strikes": 17919
  }
}