{
  "pa": 34985,
  "k": 13273,
  "bb": 9896,
  "hits": 7760,
  "home_runs": 765,
  "sb_success": 1778,
  "sb_caught": 757,
  "metrics": {
    "runs_per_team_game": 9.156666666666666,
    "runs_allowed_per_team_game": 9.156666666666666,
    "k_pct": 0.3793911676432757,
    "bb_pct": 0.282864084607689,
    "iso": 0.16109641740803077,
    "babip": 0.28040567626072316,
    "bip_gb_pct": 0.4432373927683797,
    "bip_fb_pct": 0.3493946925358775,
    "bip_ld_pct": 0.2073679146957428,
    "pitches_per_pa": 5.109532656852937,
    "pitches_put_in_play_pct": 0.13955257696202106,
    "sb_attempts_per_pa": 0.07245962555380878,
    "sb_pct": 0.7013806706114398,
    "defensive_efficiency": 0.052780826930113434,
    "avg": 0.3109721888274425,
    "obp": 0.5081620400811916,
    "slg": 0.47206860623547325,
    "bip_double_play_pct": 0.023410566824340576,
    "swstr_pct": 0.11156486179562199,
    "called_third_strike_share_of_so": 0.479017554433813,
    "o_swing_pct": 0.17707673647263397,
    "z_swing_pct": 0.7195364161039325,
    "swing_pct": 0.43682205452094186,
    "z_contact_pct": 0.8031759433655907,
    "o_contact_pct": 0.5259138025095472,
    "contact_pct": 0.7445988346033169
  },
  "benchmarks": {
    "runs_per_team_game": null,
    "runs_allowed_per_team_game": null,
    "k_pct": 0.22,
    "bb_pct": 0.08,
    "iso": 0.165,
    "babip": 0.291,
    "bip_gb_pct": 0.44,
    "bip_fb_pct": 0.35,
    "bip_ld_pct": 0.21,
    "pitches_per_pa": 3.86,
    "pitches_put_in_play_pct": 0.175,
    "sb_attempts_per_pa": 0.05,
    "sb_pct": 0.78,
    "defensive_efficiency": 0.69,
    "avg": 0.245,
    "obp": 0.313,
    "slg": 0.392,
    "bip_double_play_pct": 0.028,
    "swstr_pct": 0.11,
    "called_third_strike_share_of_so": 0.23,
    "o_swing_pct": 0.32,
    "z_swing_pct": 0.65,
    "swing_pct": 0.47,
    "z_contact_pct": 0.82,
    "o_contact_pct": 0.62,
    "contact_pct": 0.76
  },
  "pitch_counts": {
    "pitches_thrown": 178757,
    "strikes_thrown": 93278,
    "balls_thrown": 95994,
    "zone_pitches": 85594,
    "o_zone_pitches": 93163,
    "first_pitch_strikes": 12270
  }
}