{
  "pa": 26684,
  "k": 13915,
  "bb": 2825,
  "hits": 6264,
  "home_runs": 649,
  "sb_success": 1250,
  "sb_caught": 523,
  "metrics": {
    "runs_per_team_game": 4.083333333333333,
    "runs_allowed_per_team_game": 4.083333333333333,
    "k_pct": 0.5214735421975716,
    "bb_pct": 0.10586868535451956,
    "iso": 0.14105307321166355,
    "babip": 0.2585055936651167,
    "bip_gb_pct": 0.44316560011049216,
    "bip_fb_pct": 0.3539431886193085,
    "bip_ld_pct": 0.20289121127019935,
    "pitches_per_pa": 5.792010193374307,
    "pitches_put_in_play_pct": 0.1405398760303842,
    "sb_attempts_per_pa": 0.06644431119772148,
    "sb_pct": 0.7050197405527355,
    "defensive_efficiency": 0.0743570429355429,
    "avg": 0.26280679672750157,
    "obp": 0.3409721701297727,
    "slg": 0.4038598699391651,
    "bip_double_play_pct": 0.0153307858754201,
    "swstr_pct": 0.10690761804935492,
    "called_third_strike_share_of_so": 0.4599353215954006,
    "o_swing_pct": 0.44981818181818184,
    "z_swing_pct": 0.8530039618647901,
    "swing_pct": 0.7382209454300762,
    "z_contact_pct": 0.9114450229579123,
    "o_contact_pct": 0.5871059013742926,
    "contact_pct": 0.8551820851045182
  },
  "benchmarks": {
    "runs_per_team_game": null,
    "runs_allowed_per_team_game": null,
    "k_pct": 0.22,
    "bb_pct": 0.08,
    "iso": 0.165,
    "babip": 0.291,
    "bip_gb_pct": 0.44,
    "bip_fb_pct": 0.35,
    "bip_ld_pct": 0.21,
    "pitches_per_pa": 3.86,
    "pitches_put_in_play_pct": 0.175,
    "sb_attempts_per_pa": 0.05,
    "sb_pct": 0.78,
    "defensive_efficiency": 0.69,
    "avg": 0.245,
    "obp": 0.313,
    "slg": 0.392,
    "bip_double_play_pct": 0.028,
    "swstr_pct": 0.11,
    "called_third_strike_share_of_so": 0.23,
    "o_swing_pct": 0.32,
    "z_swing_pct": 0.65,
    "swing_pct": 0.47,
    "z_contact_pct": 0.82,
    "o_contact_pct": 0.62,
    "contact_pct": 0.76
  },
  "pitch_counts": {
    "pitches_thrown": 154554,
    "strikes_thrown": 121046,
    "balls_thrown": 50640,
    "zone_pitches": 110554,
    "o_zone_pitches": 44000,
    "first_pitch_strikes": 16706
  }
}