{
  "pa": 36182,
  "k": 13465,
  "bb": 10703,
  "hits": 7943,
  "home_runs": 819,
  "sb_success": 1994,
  "sb_caught": 794,
  "metrics": {
    "runs_per_team_game": 9.903333333333334,
    "runs_allowed_per_team_game": 9.903333333333334,
    "k_pct": 0.3721463711237632,
    "bb_pct": 0.2958100713061743,
    "iso": 0.16434892541087226,
    "babip": 0.2949896480331263,
    "bip_gb_pct": 0.44091097308488614,
    "bip_fb_pct": 0.34968944099378885,
    "bip_ld_pct": 0.20939958592132504,
    "pitches_per_pa": 5.06423083301089,
    "pitches_put_in_play_pct": 0.13179868365041422,
    "sb_attempts_per_pa": 0.07705488917141119,
    "sb_pct": 0.7152080344332855,
    "defensive_efficiency": 0.03843718911097038,
    "avg": 0.31380372945638435,
    "obp": 0.5194115695166464,
    "slg": 0.4781526548672566,
    "bip_double_play_pct": 0.02165631469979296,
    "swstr_pct": 0.10352336356789679,
    "called_third_strike_share_of_so": 0.5491273672484218,
    "o_swing_pct": 0.14493717587636795,
    "z_swing_pct": 0.7101007895371956,
    "swing_pct": 0.41331848892672757,
    "z_contact_pct": 0.7998478668997216,
    "o_contact_pct": 0.5266026100674028,
    "contact_pct": 0.7495312541262841
  },
  "benchmarks": {
    "runs_per_team_game": null,
    "runs_allowed_per_team_game": null,
    "k_pct": 0.22,
    "bb_pct": 0.08,
    "iso": 0.165,
    "babip": 0.291,
    "bip_gb_pct": 0.44,
    "bip_fb_pct": 0.35,
    "bip_ld_pct": 0.21,
    "pitches_per_pa": 3.86,
    "pitches_put_in_play_pct": 0.175,
    "sb_attempts_per_pa": 0.05,
    "sb_pct": 0.78,
    "defensive_efficiency": 0.69,
    "avg": 0.245,
    "obp": 0.313,
    "slg": 0.392,
    "bip_double_play_pct": 0.028,
    "swstr_pct": 0.11,
    "called_third_strike_share_of_so": 0.23,
    "o_swing_pct": 0.32,
    "z_swing_pct": 0.65,
    "swing_pct": 0.47,
    "z_contact_pct": 0.82,
    "o_contact_pct": 0.62,
    "contact_pct": 0.76
  },
  "pitch_counts": {
    "pitches_thrown": 183234,
    "strikes_thrown": 93489,
    "balls_thrown": 98301,
    "zone_pitches": 87013,
    "o_zone_pitches": 96221,
    "first_pitch_strikes": 12476
  }
}