{
  "pa": 34058,
  "k": 13421,
  "bb": 8272,
  "hits": 8161,
  "home_runs": 845,
  "sb_success": 1637,
  "sb_caught": 763,
  "metrics": {
    "runs_per_team_game": 8.336666666666666,
    "runs_allowed_per_team_game": 8.336666666666666,
    "k_pct": 0.3940630688824946,
    "bb_pct": 0.24287979329379294,
    "iso": 0.16944325231165386,
    "babip": 0.28007043871066534,
    "bip_gb_pct": 0.44204119133297604,
    "bip_fb_pct": 0.3470637776586785,
    "bip_ld_pct": 0.21089503100834545,
    "pitches_per_pa": 5.031446356215867,
    "pitches_put_in_play_pct": 0.15243841947701053,
    "sb_attempts_per_pa": 0.07046802513359562,
    "sb_pct": 0.6820833333333334,
    "defensive_efficiency": 0.0335234752084248,
    "avg": 0.31840349576684485,
    "obp": 0.4865563750697893,
    "slg": 0.4878467480784987,
    "bip_double_play_pct": 0.01994487405252278,
    "swstr_pct": 0.12274088036367668,
    "called_third_strike_share_of_so": 0.41710751806869834,
    "o_swing_pct": 0.2493420172190748,
    "z_swing_pct": 0.7765292007883172,
    "swing_pct": 0.5006681800409661,
    "z_contact_pct": 0.8338666708703123,
    "o_contact_pct": 0.5306378030235263,
    "contact_pct": 0.7548458534879655
  },
  "benchmarks": {
    "runs_per_team_game": null,
    "runs_allowed_per_team_game": null,
    "k_pct": 0.22,
    "bb_pct": 0.08,
    "iso": 0.165,
    "babip": 0.291,
    "bip_gb_pct": 0.44,
    "bip_fb_pct": 0.35,
    "bip_ld_pct": 0.21,
    "pitches_per_pa": 3.86,
    "pitches_put_in_play_pct": 0.175,
    "sb_attempts_per_pa": 0.05,
    "sb_pct": 0.78,
    "defensive_efficiency": 0.69,
    "avg": 0.245,
    "obp": 0.313,
    "slg": 0.392,
    "bip_double_play_pct": 0.028,
    "swstr_pct": 0.11,
    "called_third_strike_share_of_so": 0.23,
    "o_swing_pct": 0.32,
    "z_swing_pct": 0.65,
    "swing_pct": 0.47,
    "z_contact_pct": 0.82,
    "o_contact_pct": 0.62,
    "contact_pct": 0.76
  },
  "pitch_counts": {
    "pitches_thrown": 171361,
    "strikes_thrown": 91632,
    "balls_thrown": 91654,
    "zone_pitches": 81693,
    "o_zone_pitches": 89668,
    "first_pitch_strikes": 12706
  }
}