{
  "pa": 30340,
  "k": 13565,
  "bb": 3764,
  "hits": 8455,
  "home_runs": 932,
  "sb_success": 1218,
  "sb_caught": 530,
  "metrics": {
    "runs_per_team_game": 6.835,
    "runs_allowed_per_team_game": 6.835,
    "k_pct": 0.4470995385629532,
    "bb_pct": 0.12406064601186552,
    "iso": 0.1832837395005461,
    "babip": 0.24540857935083998,
    "bip_gb_pct": 0.44361441852878813,
    "bip_fb_pct": 0.3478388517370739,
    "bip_ld_pct": 0.208546729734138,
    "pitches_per_pa": 4.761305207646671,
    "pitches_put_in_play_pct": 0.21220700826537817,
    "sb_attempts_per_pa": 0.057613711272247854,
    "sb_pct": 0.6967963386727689,
    "defensive_efficiency": 0.031878777842179296,
    "avg": 0.31846773889788693,
    "obp": 0.40306728232189976,
    "slg": 0.501751478398433,
    "bip_double_play_pct": 0.013994454412004568,
    "swstr_pct": 0.1419443713743787,
    "called_third_strike_share_of_so": 0.33438997419830446,
    "o_swing_pct": 0.2207657813038979,
    "z_swing_pct": 0.7125115526802218,
    "swing_pct": 0.5743537914134212,
    "z_contact_pct": 0.75900553979192,
    "o_contact_pct": 0.7021205357142857,
    "contact_pct": 0.7528624804146077
  },
  "benchmarks": {
    "runs_per_team_game": null,
    "runs_allowed_per_team_game": null,
    "k_pct": 0.22,
    "bb_pct": 0.08,
    "iso": 0.165,
    "babip": 0.291,
    "bip_gb_pct": 0.44,
    "bip_fb_pct": 0.35,
    "bip_ld_pct": 0.21,
    "pitches_per_pa": 3.86,
    "pitches_put_in_play_pct": 0.175,
    "sb_attempts_per_pa": 0.05,
    "sb_pct": 0.78,
    "defensive_efficiency": 0.69,
    "avg": 0.245,
    "obp": 0.313,
    "slg": 0.392,
    "bip_double_play_pct": 0.028,
    "swstr_pct": 0.11,
    "called_third_strike_share_of_so": 0.23,
    "o_swing_pct": 0.32,
    "z_swing_pct": 0.65,
    "swing_pct": 0.47,
    "z_contact_pct": 0.82,
    "o_contact_pct": 0.62,
    "contact_pct": 0.76
  },
  "pitch_counts": {
    "pitches_thrown": 144458,
    "strikes_thrown": 109945,
    "balls_thrown": 47081,
    "zone_pitches": 103872,
    "o_zone_pitches": 40586,
    "first_pitch_strikes": 17511
  }
}