{
  "pa": 31048,
  "k": 13699,
  "bb": 3512,
  "hits": 8950,
  "home_runs": 1072,
  "sb_success": 1175,
  "sb_caught": 522,
  "metrics": {
    "runs_per_team_game": 7.291666666666667,
    "runs_allowed_per_team_game": 7.291666666666667,
    "k_pct": 0.441220046379799,
    "bb_pct": 0.11311517650090183,
    "iso": 0.1985532007706568,
    "babip": 0.24299814929056138,
    "bip_gb_pct": 0.43942011104256634,
    "bip_fb_pct": 0.3526218383713757,
    "bip_ld_pct": 0.20795805058605799,
    "pitches_per_pa": 4.73759984540067,
    "pitches_put_in_play_pct": 0.22040477792960916,
    "sb_attempts_per_pa": 0.054657304818345784,
    "sb_pct": 0.6923983500294637,
    "defensive_efficiency": 0.011910358877918803,
    "avg": 0.3253480679050493,
    "obp": 0.4016044848250532,
    "slg": 0.5239012686757061,
    "bip_double_play_pct": 0.015237507711289327,
    "swstr_pct": 0.12265709449124024,
    "called_third_strike_share_of_so": 0.32381925688006424,
    "o_swing_pct": 0.24588616784435194,
    "z_swing_pct": 0.7380990649434144,
    "swing_pct": 0.5998178023427355,
    "z_contact_pct": 0.8035046369831429,
    "o_contact_pct": 0.7340812912114949,
    "contact_pct": 0.7955094130047944
  },
  "benchmarks": {
    "runs_per_team_game": null,
    "runs_allowed_per_team_game": null,
    "k_pct": 0.22,
    "bb_pct": 0.08,
    "iso": 0.165,
    "babip": 0.291,
    "bip_gb_pct": 0.44,
    "bip_fb_pct": 0.35,
    "bip_ld_pct": 0.21,
    "pitches_per_pa": 3.86,
    "pitches_put_in_play_pct": 0.175,
    "sb_attempts_per_pa": 0.05,
    "sb_pct": 0.78,
    "defensive_efficiency": 0.69,
    "avg": 0.245,
    "obp": 0.313,
    "slg": 0.392,
    "bip_double_play_pct": 0.028,
    "swstr_pct": 0.11,
    "called_third_strike_share_of_so": 0.23,
    "o_swing_pct": 0.32,
    "z_swing_pct": 0.65,
    "swing_pct": 0.47,
    "z_contact_pct": 0.82,
    "o_contact_pct": 0.62,
    "contact_pct": 0.76
  },
  "pitch_counts": {
    "pitches_thrown": 147093,
    "strikes_thrown": 111947,
    "balls_thrown": 46304,
    "zone_pitches": 105769,
    "o_zone_pitches": 41324,
    "first_pitch_strikes": 17612
  }
}