{
  "pa": 31358,
  "k": 13484,
  "bb": 4153,
  "hits": 8880,
  "home_runs": 948,
  "sb_success": 1352,
  "sb_caught": 585,
  "metrics": {
    "runs_per_team_game": 7.355,
    "runs_allowed_per_team_game": 7.355,
    "k_pct": 0.4300019133873334,
    "bb_pct": 0.13243829325849862,
    "iso": 0.18443316412859556,
    "babip": 0.24987399193548387,
    "bip_gb_pct": 0.4445249495967742,
    "bip_fb_pct": 0.3480342741935484,
    "bip_ld_pct": 0.2074407762096774,
    "pitches_per_pa": 5.12991899993622,
    "pitches_put_in_play_pct": 0.19733439427093694,
    "sb_attempts_per_pa": 0.06177052107915046,
    "sb_pct": 0.697986577181208,
    "defensive_efficiency": 0.024743559627280587,
    "avg": 0.32663871110130216,
    "obp": 0.4158292659584649,
    "slg": 0.5110718752298977,
    "bip_double_play_pct": 0.014900453629032258,
    "swstr_pct": 0.12023821364630993,
    "called_third_strike_share_of_so": 0.3082171462474043,
    "o_swing_pct": 0.2625586068318821,
    "z_swing_pct": 0.7478160483829281,
    "swing_pct": 0.6127038989456932,
    "z_contact_pct": 0.812734729614525,
    "o_contact_pct": 0.7375,
    "contact_pct": 0.8037580406241757
  },
  "benchmarks": {
    "runs_per_team_game": null,
    "runs_allowed_per_team_game": null,
    "k_pct": 0.22,
    "bb_pct": 0.08,
    "iso": 0.165,
    "babip": 0.291,
    "bip_gb_pct": 0.44,
    "bip_fb_pct": 0.35,
    "bip_ld_pct": 0.21,
    "pitches_per_pa": 3.86,
    "pitches_put_in_play_pct": 0.175,
    "sb_attempts_per_pa": 0.05,
    "sb_pct": 0.78,
    "defensive_efficiency": 0.69,
    "avg": 0.245,
    "obp": 0.313,
    "slg": 0.392,
    "bip_double_play_pct": 0.028,
    "swstr_pct": 0.11,
    "called_third_strike_share_of_so": 0.23,
    "o_swing_pct": 0.32,
    "z_swing_pct": 0.65,
    "swing_pct": 0.47,
    "z_contact_pct": 0.82,
    "o_contact_pct": 0.62,
    "contact_pct": 0.76
  },
  "pitch_counts": {
    "pitches_thrown": 160864,
    "strikes_thrown": 124055,
    "balls_thrown": 51771,
    "zone_pitches": 116074,
    "o_zone_pitches": 44790,
    "first_pitch_strikes": 18121
  }
}