{
  "stochastic": {
    "pitches": 55327.0,
    "swing_rate": 0.4923635837836861,
    "take_rate": 0.507636416216314,
    "contact_rate": 0.25474000036148714,
    "swing_contact_rate": 0.5173818875959032,
    "foul_rate": 0.010862689102969617,
    "ball_in_play_rate": 0.24387731125851755,
    "ball_rate": 0.3934064742350028,
    "called_strike_rate": 0.11422994198131112,
    "walk_rate": 0.019917942415095705,
    "strikeout_rate": 0.0886727998987836
  },
  "deterministic": {
    "pitches": 2991.0,
    "swing_rate": 0.4954864593781344,
    "take_rate": 0.5045135406218656,
    "contact_rate": 0.2704781009695754,
    "swing_contact_rate": 0.5458839406207827,
    "foul_rate": 0.011367435640254095,
    "ball_in_play_rate": 0.2591106653293213,
    "ball_rate": 0.3988632564359746,
    "called_strike_rate": 0.10565028418589101,
    "walk_rate": 0.019391507856904047,
    "strikeout_rate": 0.08191240387830157
  }
}