{
  "stochastic": {
    "pitches": 43233.0,
    "swing_rate": 0.27229199916730273,
    "take_rate": 0.7277080008326973,
    "contact_rate": 0.21358684338352646,
    "swing_contact_rate": 0.7844036697247706,
    "foul_rate": 0.054264103809589896,
    "ball_in_play_rate": 0.09402539726597738,
    "ball_rate": 0.3542432863784609,
    "called_strike_rate": 0.10940716582240419,
    "walk_rate": 0.013323155922559156,
    "strikeout_rate": 0.13850530844493789
  },
  "deterministic": {
    "pitches": 1984.0,
    "swing_rate": 0.2777217741935484,
    "take_rate": 0.7222782258064516,
    "contact_rate": 0.21370967741935484,
    "swing_contact_rate": 0.7695099818511797,
    "foul_rate": 0.05594758064516129,
    "ball_in_play_rate": 0.0967741935483871,
    "ball_rate": 0.3477822580645161,
    "called_strike_rate": 0.11139112903225806,
    "walk_rate": 0.007056451612903226,
    "strikeout_rate": 0.140625
  }
}