{
  "stochastic": {
    "pitches": 36353.0,
    "swing_rate": 0.3876708937364179,
    "take_rate": 0.6123291062635821,
    "contact_rate": 0.2852034220009353,
    "swing_contact_rate": 0.7356843823174626,
    "foul_rate": 0.05787692900173301,
    "ball_in_play_rate": 0.13864055236156575,
    "ball_rate": 0.41108024097048385,
    "called_strike_rate": 0.12956289714741562,
    "walk_rate": 0.02646274035155283,
    "strikeout_rate": 0.08381701647731962
  },
  "deterministic": {
    "pitches": 1913.0,
    "swing_rate": 0.3789858860428646,
    "take_rate": 0.6210141139571353,
    "contact_rate": 0.2843700993204391,
    "swing_contact_rate": 0.7503448275862069,
    "foul_rate": 0.06429691583899634,
    "ball_in_play_rate": 0.138003136434919,
    "ball_rate": 0.4145321484579195,
    "called_strike_rate": 0.13486670151594354,
    "walk_rate": 0.028750653423941452,
    "strikeout_rate": 0.08102456874019864
  }
}