{
  "stochastic": {
    "pitches": 44979.0,
    "swing_rate": 0.5083038751417328,
    "take_rate": 0.4916961248582672,
    "contact_rate": 0.24660397074190177,
    "swing_contact_rate": 0.4851506801382146,
    "foul_rate": 0.019320127170457325,
    "ball_in_play_rate": 0.22728384357144446,
    "ball_rate": 0.20556259587807643,
    "called_strike_rate": 0.28613352898019073,
    "walk_rate": 0.011182996509482204,
    "strikeout_rate": 0.16763378465506126
  },
  "deterministic": {
    "pitches": 2254.0,
    "swing_rate": 0.4955634427684117,
    "take_rate": 0.5044365572315883,
    "contact_rate": 0.2440106477373558,
    "swing_contact_rate": 0.4923903312444047,
    "foul_rate": 0.024401064773735583,
    "ball_in_play_rate": 0.21960958296362024,
    "ball_rate": 0.2067435669920142,
    "called_strike_rate": 0.2976929902395741,
    "walk_rate": 0.011978704525288377,
    "strikeout_rate": 0.1725820763087844
  }
}