{
  "stochastic": {
    "pitches": 51709.0,
    "swing_rate": 0.4519135933783287,
    "take_rate": 0.5480864066216713,
    "contact_rate": 0.22965054439265892,
    "swing_contact_rate": 0.5081735706949675,
    "foul_rate": 0.015625906515306813,
    "ball_in_play_rate": 0.2140246378773521,
    "ball_rate": 0.3276992399775668,
    "called_strike_rate": 0.22038716664410452,
    "walk_rate": 0.013769363166953529,
    "strikeout_rate": 0.13102167901139067
  },
  "deterministic": {
    "pitches": 2456.0,
    "swing_rate": 0.4609120521172638,
    "take_rate": 0.5390879478827362,
    "contact_rate": 0.23982084690553745,
    "swing_contact_rate": 0.5203180212014135,
    "foul_rate": 0.012622149837133551,
    "ball_in_play_rate": 0.2271986970684039,
    "ball_rate": 0.3135179153094462,
    "called_strike_rate": 0.2255700325732899,
    "walk_rate": 0.009364820846905538,
    "strikeout_rate": 0.13232899022801303
  }
}