{
  "stochastic": {
    "pitches": 50502.0,
    "swing_rate": 0.2538909350124747,
    "take_rate": 0.7461090649875253,
    "contact_rate": 0.12989584570908083,
    "swing_contact_rate": 0.5116206520043675,
    "foul_rate": 0.023028790938972712,
    "ball_in_play_rate": 0.08637281691814186,
    "ball_rate": 0.37772761474793076,
    "called_strike_rate": 0.0947487228228585,
    "walk_rate": 0.014474674270325928,
    "strikeout_rate": 0.13908360064947922
  },
  "deterministic": {
    "pitches": 2526.0,
    "swing_rate": 0.23634204275534443,
    "take_rate": 0.7636579572446556,
    "contact_rate": 0.12470308788598575,
    "swing_contact_rate": 0.5276381909547738,
    "foul_rate": 0.01741884402216944,
    "ball_in_play_rate": 0.08828186856690419,
    "ball_rate": 0.3721298495645289,
    "called_strike_rate": 0.08788598574821853,
    "walk_rate": 0.01227236737925574,
    "strikeout_rate": 0.1381631037212985
  }
}