{
  "stochastic": {
    "pitches": 64820.0,
    "swing_rate": 0.416831224930577,
    "take_rate": 0.583168775069423,
    "contact_rate": 0.15180499845726628,
    "swing_contact_rate": 0.36418816388467373,
    "foul_rate": 0.017587164455414996,
    "ball_in_play_rate": 0.12445232952792348,
    "ball_rate": 0.4253933970996606,
    "called_strike_rate": 0.14532551681579758,
    "walk_rate": 0.027290959580376428,
    "strikeout_rate": 0.1044739278000617
  },
  "deterministic": {
    "pitches": 3272.0,
    "swing_rate": 0.4177872860635697,
    "take_rate": 0.5822127139364304,
    "contact_rate": 0.16381418092909536,
    "swing_contact_rate": 0.3920994879297732,
    "foul_rate": 0.019254278728606355,
    "ball_in_play_rate": 0.13355745721271395,
    "ball_rate": 0.43704156479217604,
    "called_strike_rate": 0.13050122249388754,
    "walk_rate": 0.03147921760391198,
    "strikeout_rate": 0.09657701711491443
  }
}