{
  "version": 1,
  "teams": {
    "DAL": {
      "seasons": {
        "nexgen-long-run-2025": {
          "w": 100,
          "g": 162,
          "r": 672,
          "ra": 562,
          "lob": 1233,
          "opp_pa": 6149,
          "opp_h": 1289,
          "opp_bb": 526,
          "opp_so": 1454,
          "opp_hbp": 74,
          "opp_hr": 131,
          "opp_roe": 38,
          "der": 0.6652371342078709,
          "rpg": 4.148148148148148,
          "rag": 3.4691358024691357,
          "l": 62
        },
        "nexgen-long-run-2026": {
          "w": 189,
          "g": 324,
          "r": 1344,
          "ra": 1200,
          "lob": 2400,
          "opp_pa": 12366,
          "opp_h": 2604,
          "opp_bb": 1041,
          "opp_so": 2908,
          "opp_hbp": 165,
          "opp_hr": 277,
          "opp_roe": 86,
          "der": 0.6626959247648903,
          "rpg": 4.148148148148148,
          "rag": 3.7037037037037037,
          "l": 135
        }
      },
      "totals": {
        "w": 289,
        "g": 486,
        "r": 2016,
        "ra": 1762,
        "lob": 3633,
        "opp_pa": 18515,
        "opp_h": 3893,
        "opp_bb": 1567,
        "opp_so": 4362,
        "opp_hbp": 239,
        "opp_hr": 408,
        "opp_roe": 124,
        "der": 1.3279330589727611,
        "rpg": 8.296296296296296,
        "rag": 7.172839506172839,
        "l": 197
      }
    },
    "POR": {
      "seasons": {
        "nexgen-long-run-2025": {
          "l": 83,
          "g": 162,
          "r": 663,
          "ra": 672,
          "lob": 1203,
          "opp_pa": 6283,
          "opp_h": 1387,
          "opp_bb": 541,
          "opp_so": 1404,
          "opp_hbp": 88,
          "opp_hr": 158,
          "opp_roe": 37,
          "der": 0.6520039100684262,
          "rpg": 4.092592592592593,
          "rag": 4.148148148148148,
          "w": 79
        },
        "nexgen-long-run-2026": {
          "l": 178,
          "g": 324,
          "r": 1314,
          "ra": 1376,
          "lob": 2387,
          "opp_pa": 12563,
          "opp_h": 2780,
          "opp_bb": 1124,
          "opp_so": 2740,
          "opp_hbp": 163,
          "opp_hr": 322,
          "opp_roe": 80,
          "der": 0.6518139761383004,
          "rpg": 4.055555555555555,
          "rag": 4.246913580246914,
          "w": 146
        }
      },
      "totals": {
        "l": 261,
        "g": 486,
        "r": 1977,
        "ra": 2048,
        "lob": 3590,
        "opp_pa": 18846,
        "opp_h": 4167,
        "opp_bb": 1665,
        "opp_so": 4144,
        "opp_hbp": 251,
        "opp_hr": 480,
        "opp_roe": 117,
        "der": 1.3038178862067267,
        "rpg": 8.148148148148149,
        "rag": 8.395061728395062,
        "w": 225
      }
    },
    "PHI": {
      "seasons": {
        "nexgen-long-run-2025": {
          "w": 78,
          "g": 162,
          "r": 555,
          "ra": 568,
          "lob": 1181,
          "opp_pa": 6173,
          "opp_h": 1305,
          "opp_bb": 569,
          "opp_so": 1418,
          "opp_hbp": 75,
          "opp_hr": 114,
          "opp_roe": 38,
          "der": 0.6639979984988742,
          "rpg": 3.425925925925926,
          "rag": 3.506172839506173,
          "l": 84
        },
        "nexgen-long-run-2026": {
          "w": 164,
          "g": 324,
          "r": 1163,
          "ra": 1136,
          "lob": 2392,
          "opp_pa": 12332,
          "opp_h": 2544,
          "opp_bb": 1091,
          "opp_so": 2840,
          "opp_hbp": 156,
          "opp_hr": 241,
          "opp_roe": 75,
          "der": 0.6727886056971515,
          "rpg": 3.5895061728395063,
          "rag": 3.506172839506173,
          "l": 160
        }
      },
      "totals": {
        "w": 242,
        "g": 486,
        "r": 1718,
        "ra": 1704,
        "lob": 3573,
        "opp_pa": 18505,
        "opp_h": 3849,
        "opp_bb": 1660,
        "opp_so": 4258,
        "opp_hbp": 231,
        "opp_hr": 355,
        "opp_roe": 113,
        "der": 1.3367866041960257,
        "rpg": 7.015432098765432,
        "rag": 7.012345679012346,
        "l": 244
      }
    },
    "LOU": {
      "seasons": {
        "nexgen-long-run-2025": {
          "l": 85,
          "g": 162,
          "r": 635,
          "ra": 618,
          "lob": 1219,
          "opp_pa": 6234,
          "opp_h": 1360,
          "opp_bb": 525,
          "opp_so": 1495,
          "opp_hbp": 98,
          "opp_hr": 118,
          "opp_roe": 39,
          "der": 0.6500750375187594,
          "rpg": 3.919753086419753,
          "rag": 3.814814814814815,
          "w": 77
        },
        "nexgen-long-run-2026": {
          "l": 160,
          "g": 324,
          "r": 1310,
          "ra": 1224,
          "lob": 2448,
          "opp_pa": 12491,
          "opp_h": 2632,
          "opp_bb": 1084,
          "opp_so": 2973,
          "opp_hbp": 190,
          "opp_hr": 257,
          "opp_roe": 72,
          "der": 0.661449856016026,
          "rpg": 4.04320987654321,
          "rag": 3.7777777777777777,
          "w": 164
        }
      },
      "totals": {
        "l": 245,
        "g": 486,
        "r": 1945,
        "ra": 1842,
        "lob": 3667,
        "opp_pa": 18725,
        "opp_h": 3992,
        "opp_bb": 1609,
        "opp_so": 4468,
        "opp_hbp": 288,
        "opp_hr": 375,
        "opp_roe": 111,
        "der": 1.3115248935347854,
        "rpg": 7.962962962962963,
        "rag": 7.592592592592593,
        "w": 241
      }
    },
    "PHO": {
      "seasons": {
        "nexgen-long-run-2025": {
          "w": 83,
          "g": 162,
          "r": 590,
          "ra": 555,
          "lob": 1147,
          "opp_pa": 6086,
          "opp_h": 1289,
          "opp_bb": 483,
          "opp_so": 1470,
          "opp_hbp": 86,
          "opp_hr": 132,
          "opp_roe": 44,
          "der": 0.659514687100894,
          "rpg": 3.6419753086419755,
          "rag": 3.425925925925926,
          "l": 79
        },
        "nexgen-long-run-2026": {
          "w": 158,
          "g": 324,
          "r": 1144,
          "ra": 1190,
          "lob": 2262,
          "opp_pa": 12333,
          "opp_h": 2683,
          "opp_bb": 1004,
          "opp_so": 2917,
          "opp_hbp": 166,
          "opp_hr": 264,
          "opp_roe": 86,
          "der": 0.6530944625407167,
          "rpg": 3.5308641975308643,
          "rag": 3.6728395061728394,
          "l": 166
        }
      },
      "totals": {
        "w": 241,
        "g": 486,
        "r": 1734,
        "ra": 1745,
        "lob": 3409,
        "opp_pa": 18419,
        "opp_h": 3972,
        "opp_bb": 1487,
        "opp_so": 4387,
        "opp_hbp": 252,
        "opp_hr": 396,
        "opp_roe": 130,
        "der": 1.3126091496416108,
        "rpg": 7.17283950617284,
        "rag": 7.098765432098766,
        "l": 245
      }
    },
    "JAC": {
      "seasons": {
        "nexgen-long-run-2025": {
          "l": 86,
          "g": 162,
          "r": 528,
          "ra": 582,
          "lob": 1209,
          "opp_pa": 6207,
          "opp_h": 1286,
          "opp_bb": 584,
          "opp_so": 1408,
          "opp_hbp": 75,
          "opp_hr": 129,
          "opp_roe": 56,
          "der": 0.6654200947394664,
          "rpg": 3.259259259259259,
          "rag": 3.5925925925925926,
          "w": 76
        },
        "nexgen-long-run-2026": {
          "l": 170,
          "g": 324,
          "r": 1171,
          "ra": 1241,
          "lob": 2392,
          "opp_pa": 12433,
          "opp_h": 2581,
          "opp_bb": 1183,
          "opp_so": 2752,
          "opp_hbp": 159,
          "opp_hr": 255,
          "opp_roe": 106,
          "der": 0.667615042058387,
          "rpg": 3.6141975308641974,
          "rag": 3.830246913580247,
          "w": 154
        }
      },
      "totals": {
        "l": 256,
        "g": 486,
        "r": 1699,
        "ra": 1823,
        "lob": 3601,
        "opp_pa": 18640,
        "opp_h": 3867,