{
  "stochastic": {
    "pitches": 38948.0,
    "swing_rate": 0.339658005545856,
    "take_rate": 0.660341994454144,
    "contact_rate": 0.23408133922152613,
    "swing_contact_rate": 0.6891677375462998,
    "foul_rate": 0.0312724658519051,
    "ball_in_play_rate": 0.1281452192667146,
    "ball_rate": 0.48046112765738935,
    "called_strike_rate": 0.15400020540207457,
    "walk_rate": 0.03874396631405977,
    "strikeout_rate": 0.06205710177672794
  },
  "deterministic": {
    "pitches": 1854.0,
    "swing_rate": 0.3446601941747573,
    "take_rate": 0.6553398058252428,
    "contact_rate": 0.23031283710895362,
    "swing_contact_rate": 0.6682316118935837,
    "foul_rate": 0.02535059331175836,
    "ball_in_play_rate": 0.12944983818770225,
    "ball_rate": 0.48381877022653724,
    "called_strike_rate": 0.14670981661272922,
    "walk_rate": 0.036138079827400214,
    "strikeout_rate": 0.06256742179072276
  }
}