{
  "stochastic": {
    "pitches": 31616.0,
    "swing_rate": 0.3787639170040486,
    "take_rate": 0.6212360829959515,
    "contact_rate": 0.2718243927125506,
    "swing_contact_rate": 0.7176617954070981,
    "foul_rate": 0.03839827935222672,
    "ball_in_play_rate": 0.14024544534412955,
    "ball_rate": 0.4414536943319838,
    "called_strike_rate": 0.15055668016194332,
    "walk_rate": 0.025208755060728744,
    "strikeout_rate": 0.06452429149797571
  },
  "deterministic": {
    "pitches": 1623.0,
    "swing_rate": 0.3930991990141713,
    "take_rate": 0.6069008009858287,
    "contact_rate": 0.270486752926679,
    "swing_contact_rate": 0.6880877742946708,
    "foul_rate": 0.03820086260012323,
    "ball_in_play_rate": 0.14356130622304375,
    "ball_rate": 0.42637091805298827,
    "called_strike_rate": 0.15465187923598275,
    "walk_rate": 0.019716574245224893,
    "strikeout_rate": 0.07455329636475662
  }
}