{
  "stochastic": {
    "pitches": 55658.0,
    "swing_rate": 0.49549031585755865,
    "take_rate": 0.5045096841424414,
    "contact_rate": 0.25608178518811314,
    "swing_contact_rate": 0.5168250054391181,
    "foul_rate": 0.01117539257608969,
    "ball_in_play_rate": 0.24490639261202343,
    "ball_rate": 0.3917496137123145,
    "called_strike_rate": 0.11276007043012684,
    "walk_rate": 0.019853390348197924,
    "strikeout_rate": 0.08766035430665853
  },
  "deterministic": {
    "pitches": 2905.0,
    "swing_rate": 0.5008605851979346,
    "take_rate": 0.4991394148020654,
    "contact_rate": 0.2685025817555938,
    "swing_contact_rate": 0.5360824742268041,
    "foul_rate": 0.012048192771084338,
    "ball_in_play_rate": 0.25645438898450945,
    "ball_rate": 0.3900172117039587,
    "called_strike_rate": 0.10912220309810672,
    "walk_rate": 0.016867469879518072,
    "strikeout_rate": 0.08502581755593804
  }
}