{
  "stochastic": {
    "pitches": 55853.0,
    "swing_rate": 0.49816482552414376,
    "take_rate": 0.5018351744758562,
    "contact_rate": 0.2556532325926987,
    "swing_contact_rate": 0.5131900517538815,
    "foul_rate": 0.011100567561276923,
    "ball_in_play_rate": 0.24455266503142176,
    "ball_rate": 0.38529711922367643,
    "called_strike_rate": 0.11653805525217983,
    "walk_rate": 0.019640842926969007,
    "strikeout_rate": 0.08850017008934166
  },
  "deterministic": {
    "pitches": 2696.0,
    "swing_rate": 0.5014836795252225,
    "take_rate": 0.49851632047477745,
    "contact_rate": 0.2655786350148368,
    "swing_contact_rate": 0.5295857988165681,
    "foul_rate": 0.008160237388724036,
    "ball_in_play_rate": 0.25741839762611274,
    "ball_rate": 0.38204747774480713,
    "called_strike_rate": 0.11646884272997032,
    "walk_rate": 0.017062314540059347,
    "strikeout_rate": 0.08456973293768547
  }
}