{
  "stochastic": {
    "pitches": 51810.0,
    "swing_rate": 0.45027986875120635,
    "take_rate": 0.5497201312487937,
    "contact_rate": 0.22854661262304574,
    "swing_contact_rate": 0.5075656907711432,
    "foul_rate": 0.015537541015248022,
    "ball_in_play_rate": 0.21300907160779772,
    "ball_rate": 0.3306890561667632,
    "called_strike_rate": 0.21903107508203049,
    "walk_rate": 0.008936498745415944,
    "strikeout_rate": 0.13319822428102682
  },
  "deterministic": {
    "pitches": 2452.0,
    "swing_rate": 0.44779771615008157,
    "take_rate": 0.5522022838499184,
    "contact_rate": 0.22145187601957586,
    "swing_contact_rate": 0.49453551912568305,
    "foul_rate": 0.01631321370309951,
    "ball_in_play_rate": 0.20513866231647634,
    "ball_rate": 0.3254486133768352,
    "called_strike_rate": 0.2267536704730832,
    "walk_rate": 0.010603588907014683,
    "strikeout_rate": 0.13866231647634583
  }
}