{
  "stochastic": {
    "pitches": 52192.0,
    "swing_rate": 0.4419642857142857,
    "take_rate": 0.5580357142857143,
    "contact_rate": 0.22647148988350704,
    "swing_contact_rate": 0.512420340746521,
    "foul_rate": 0.0158070202329859,
    "ball_in_play_rate": 0.21066446965052116,
    "ball_rate": 0.34355839975475166,
    "called_strike_rate": 0.2144773145309626,
    "walk_rate": 0.015021459227467811,
    "strikeout_rate": 0.12816140404659718
  },
  "deterministic": {
    "pitches": 2887.0,
    "swing_rate": 0.42985798406650505,
    "take_rate": 0.570142015933495,
    "contact_rate": 0.22583997228957395,
    "swing_contact_rate": 0.5253827558420628,
    "foul_rate": 0.014201593349497749,
    "ball_in_play_rate": 0.2116383789400762,
    "ball_rate": 0.3581572566678213,
    "called_strike_rate": 0.2119847592656737,
    "walk_rate": 0.01662625562868029,
    "strikeout_rate": 0.12331139591271216
  }
}