{
  "stochastic": {
    "pitches": 50703.0,
    "swing_rate": 0.45930221091454154,
    "take_rate": 0.5406977890854584,
    "contact_rate": 0.23225450170601344,
    "swing_contact_rate": 0.505668155273102,
    "foul_rate": 0.015896495276413625,
    "ball_in_play_rate": 0.21635800642959982,
    "ball_rate": 0.3139261976608879,
    "called_strike_rate": 0.22677159142457054,
    "walk_rate": 0.009111886870599373,
    "strikeout_rate": 0.13557383192316036
  },
  "deterministic": {
    "pitches": 2418.0,
    "swing_rate": 0.4681555004135649,
    "take_rate": 0.5318444995864351,
    "contact_rate": 0.23531844499586435,
    "swing_contact_rate": 0.5026501766784452,
    "foul_rate": 0.018196856906534328,
    "ball_in_play_rate": 0.21712158808933002,
    "ball_rate": 0.3122415219189413,
    "called_strike_rate": 0.2196029776674938,
    "walk_rate": 0.007857733664185277,
    "strikeout_rate": 0.14102564102564102
  }
}