{
  "stochastic": {
    "pitches": 50683.0,
    "swing_rate": 0.4475662450920427,
    "take_rate": 0.5524337549079573,
    "contact_rate": 0.22763056646212734,
    "swing_contact_rate": 0.508596367483689,
    "foul_rate": 0.015192470848213405,
    "ball_in_play_rate": 0.21243809561391394,
    "ball_rate": 0.32869009332517807,
    "called_strike_rate": 0.22374366158277922,
    "walk_rate": 0.010062545626738749,
    "strikeout_rate": 0.13531164295720458
  },
  "deterministic": {
    "pitches": 2511.0,
    "swing_rate": 0.4412584627638391,
    "take_rate": 0.5587415372361609,
    "contact_rate": 0.22580645161290322,
    "swing_contact_rate": 0.5117328519855595,
    "foul_rate": 0.01592990840302668,
    "ball_in_play_rate": 0.20987654320987653,
    "ball_rate": 0.3249701314217443,
    "called_strike_rate": 0.23377140581441658,
    "walk_rate": 0.008761449621664676,
    "strikeout_rate": 0.13898845081640782
  }
}