{
  "stochastic": {
    "pitches": 52314.0,
    "swing_rate": 0.4462285430286348,
    "take_rate": 0.5537714569713652,
    "contact_rate": 0.22705203196085177,
    "swing_contact_rate": 0.5088245373543523,
    "foul_rate": 0.015502542340482471,
    "ball_in_play_rate": 0.21154948962036932,
    "ball_rate": 0.3361624039454066,
    "called_strike_rate": 0.21760905302595862,
    "walk_rate": 0.008601903888060557,
    "strikeout_rate": 0.13315747218717744
  },
  "deterministic": {
    "pitches": 2380.0,
    "swing_rate": 0.44159663865546217,
    "take_rate": 0.5584033613445378,
    "contact_rate": 0.2180672268907563,
    "swing_contact_rate": 0.4938154138915319,
    "foul_rate": 0.012605042016806723,
    "ball_in_play_rate": 0.20546218487394957,
    "ball_rate": 0.32184873949579834,
    "called_strike_rate": 0.2365546218487395,
    "walk_rate": 0.007983193277310924,
    "strikeout_rate": 0.14285714285714285
  }
}