{
  "stochastic": {
    "pitches": 51887.0,
    "swing_rate": 0.44629676026750437,
    "take_rate": 0.5537032397324956,
    "contact_rate": 0.2263958216894405,
    "swing_contact_rate": 0.5072764174979488,
    "foul_rate": 0.015090485092605084,
    "ball_in_play_rate": 0.21130533659683542,
    "ball_rate": 0.33249176094204713,
    "called_strike_rate": 0.22121147879044847,
    "walk_rate": 0.011139591805269142,
    "strikeout_rate": 0.13194056314683833
  },
  "deterministic": {
    "pitches": 2355.0,
    "swing_rate": 0.45605095541401275,
    "take_rate": 0.5439490445859873,
    "contact_rate": 0.22845010615711253,
    "swing_contact_rate": 0.5009310986964618,
    "foul_rate": 0.01740976645435244,
    "ball_in_play_rate": 0.2110403397027601,
    "ball_rate": 0.31422505307855625,
    "called_strike_rate": 0.229723991507431,
    "walk_rate": 0.008492569002123142,
    "strikeout_rate": 0.13927813163481953
  }
}