{
  "stochastic": {
    "pitches": 47130.0,
    "swing_rate": 0.26030129429238275,
    "take_rate": 0.7396987057076172,
    "contact_rate": 0.2053044769785699,
    "swing_contact_rate": 0.7887186175415716,
    "foul_rate": 0.0622533418204965,
    "ball_in_play_rate": 0.08126458731169106,
    "ball_rate": 0.3257373223000212,
    "called_strike_rate": 0.10538934861022703,
    "walk_rate": 0.011457670273711012,
    "strikeout_rate": 0.1549543814979843
  },
  "deterministic": {
    "pitches": 2670.0,
    "swing_rate": 0.25205992509363295,
    "take_rate": 0.747940074906367,
    "contact_rate": 0.20187265917602995,
    "swing_contact_rate": 0.8008915304606241,
    "foul_rate": 0.06179775280898876,
    "ball_in_play_rate": 0.07865168539325842,
    "ball_rate": 0.33220973782771535,
    "called_strike_rate": 0.09700374531835206,
    "walk_rate": 0.013108614232209739,
    "strikeout_rate": 0.15280898876404495
  }
}