pitch,alive_prob,resolved_prob
1,1.0,0.10402219140083217
2,0.8959778085991679,0.11650485436893204
3,0.7794729542302358,0.29542302357836336
4,0.4840499306518724,0.24965325936199723
5,0.23439667128987518,0.1553398058252427
6,0.07905686546463246,0.07905686546463246
