pitch,alive_prob,resolved_prob
1,1.0,0.10418429101321013
2,0.8958157089867899,0.12142903624650224
3,0.7743866727402876,0.2970651395848246
4,0.477321533155463,0.23609032342031627
5,0.24123120973514675,0.16027851890414524
6,0.0809526908310015,0.0809526908310015
