{
  "stochastic": {
    "pitches": 33005.0,
    "swing_rate": 0.3681260415088623,
    "take_rate": 0.6318739584911377,
    "contact_rate": 0.2713831237691259,
    "swing_contact_rate": 0.737201646090535,
    "foul_rate": 0.039690955915770335,
    "ball_in_play_rate": 0.1391910316618694,
    "ball_rate": 0.45187092864717465,
    "called_strike_rate": 0.15134070595364338,
    "walk_rate": 0.027420087865474927,
    "strikeout_rate": 0.06317224662929859
  },
  "deterministic": {
    "pitches": 1478.0,
    "swing_rate": 0.38903924221921515,
    "take_rate": 0.6109607577807848,
    "contact_rate": 0.27266576454668473,
    "swing_contact_rate": 0.7008695652173913,
    "foul_rate": 0.039918809201623814,
    "ball_in_play_rate": 0.13802435723951287,
    "ball_rate": 0.44587280108254396,
    "called_strike_rate": 0.14343707713125844,
    "walk_rate": 0.02571041948579161,
    "strikeout_rate": 0.07036535859269283
  }
}