{
  "seasons": [],
  "metric_totals": {
    "pitches_per_pa": {
      "max_abs_delta": 0.01662525281710492,
      "avg_abs_delta": 0.009180422853148861
    },
    "avg": {
      "max_abs_delta": 0.008526716964528364,
      "avg_abs_delta": 0.006698860664126216
    },
    "obp": {
      "max_abs_delta": 0.004450073165633062,
      "avg_abs_delta": 0.0027659534446039524
    },
    "slg": {
      "max_abs_delta": 0.00740138776661925,
      "avg_abs_delta": 0.0037580663800619307
    },
    "ops": {
      "max_abs_delta": 0.010144377773969704,
      "avg_abs_delta": 0.006395676247290871
    },
    "iso": {
      "max_abs_delta": 0.019297330922056793,
      "avg_abs_delta": 0.01493086213856078
    },
    "babip": {
      "max_abs_delta": 0.004267632433984925,
      "avg_abs_delta": 0.002904066017147344
    },
    "k_pct": {
      "max_abs_delta": 0.016761442916943065,
      "avg_abs_delta": 0.010881826101173653
    },
    "bb_pct": {
      "max_abs_delta": 0.003613846030123047,
      "avg_abs_delta": 0.003187694129164692
    },
    "k_minus_bb_pct": {
      "max_abs_delta": 0.014001875700528382,
      "avg_abs_delta": 0.007694131972008944
    },
    "swing_pct": {
      "max_abs_delta": 0.019924504570558277,
      "avg_abs_delta": 0.018607846458582787
    },
    "z_swing_pct": {
      "max_abs_delta": 0.007623015360026297,
      "avg_abs_delta": 0.005424690855567649
    },
    "o_swing_pct": {
      "max_abs_delta": 0.008435903673072231,
      "avg_abs_delta": 0.00725939821331788
    },
    "contact_pct": {
      "max_abs_delta": 0.039299782797300065,
      "avg_abs_delta": 0.036781385372162065
    },
    "z_contact_pct": {
      "max_abs_delta": 0.05244827807467023,
      "avg_abs_delta": 0.049758280884838156
    },
    "o_contact_pct": {
      "max_abs_delta": 0.0307369278625389,
      "avg_abs_delta": 0.028081485389693593
    },
    "first_pitch_strike_pct": {
      "max_abs_delta": 0.028643314224004235,
      "avg_abs_delta": 0.027029214455003437
    },
    "zone_pct": {
      "max_abs_delta": 0.01936140308906864,
      "avg_abs_delta": 0.018479064549344983
    },
    "pitches_put_in_play_pct": {
      "max_abs_delta": 0.004528761146958049,
      "avg_abs_delta": 0.002685946243841486
    },
    "bip_gb_pct": {
      "max_abs_delta": 0.02051208856242709,
      "avg_abs_delta": 0.016280728699131906
    },
    "bip_ld_pct": {
      "max_abs_delta": 0.008377399871194596,
      "avg_abs_delta": 0.007840695847109396
    },
    "bip_fb_pct": {
      "max_abs_delta": 0.012134688691232576,
      "avg_abs_delta": 0.008440032852022527
    },
    "hr_per_fb_pct": {
      "max_abs_delta": 0.012296341569894356,
      "avg_abs_delta": 0.01046587833955349
    },
    "sb_pct": {
      "max_abs_delta": 0.026371018113678923,
      "avg_abs_delta": 0.021162931799613614
    },
    "sba_per_pa": {
      "max_abs_delta": 0.007534781659639486,
      "avg_abs_delta": 0.0063631960120031665
    },
    "bip_double_play_pct": {
      "max_abs_delta": 0.005023898626655761,
      "avg_abs_delta": 0.0038198857859951135
    },
    "called_third_strike_share_of_so": {
      "max_abs_delta": 0.010397082266557195,
      "avg_abs_delta": 0.004263595468360309
    }
  }
}