{
  "metrics": {
    "pitches_per_pa": 3.869444380904454,
    "avg": 0.23889594315543755,
    "obp": 0.31096992507164806,
    "slg": 0.38459861223338077,
    "ops": 0.6955685373050289,
    "iso": 0.14570266907794321,
    "babip": 0.2950028801843318,
    "k_pct": 0.23676144291694307,
    "bb_pct": 0.08275956721641467,
    "k_minus_bb_pct": 0.1540018757005284,
    "swing_pct": 0.48781778252015096,
    "z_swing_pct": 0.6439556217839764,
    "o_swing_pct": 0.3267377270680078,
    "contact_pct": 0.7897527251134581,
    "z_contact_pct": 0.8618445434741343,
    "o_contact_pct": 0.6431722109906267,
    "first_pitch_strike_pct": 0.6272045199807855,
    "zone_pct": 0.5077899391406386,
    "pitches_put_in_play_pct": 0.17047123885304194,
    "bip_gb_pct": 0.4250962305371571,
    "bip_ld_pct": 0.2165447168568159,
    "bip_fb_pct": 0.35835905260602696,
    "hr_per_fb_pct": 0.09770365843010564,
    "sb_pct": 0.7991967871485943,
    "sba_per_pa": 0.05695724775259053,
    "bip_double_play_pct": 0.024152997884662065,
    "called_third_strike_share_of_so": 0.21960291773344282
  },
  "mlb_deltas": {
    "pitches_per_pa": 0.009444380904453986,
    "avg": -0.006104056844562444,
    "obp": -0.0020300749283519437,
    "slg": -0.00740138776661925,
    "ops": -0.009431462694971082,
    "iso": -0.019297330922056793,
    "babip": 0.004002880184331814,
    "k_pct": 0.016761442916943065,
    "bb_pct": 0.0027595672164146684,
    "k_minus_bb_pct": 0.014001875700528382,
    "swing_pct": 0.017817782520150982,
    "z_swing_pct": -0.00604437821602366,
    "o_swing_pct": 0.006737727068007793,
    "contact_pct": 0.029752725113458056,
    "z_contact_pct": 0.041844543474134355,
    "o_contact_pct": 0.023172210990626718,
    "first_pitch_strike_pct": 0.027204519980785546,
    "zone_pct": 0.017789939140638644,
    "pitches_put_in_play_pct": -0.004528761146958049,
    "bip_gb_pct": -0.014903769462842886,
    "bip_ld_pct": 0.006544716856815902,
    "bip_fb_pct": 0.008359052606026984,
    "hr_per_fb_pct": -0.012296341569894356,
    "sb_pct": 0.019196787148594296,
    "sba_per_pa": 0.006957247752590524,
    "bip_double_play_pct": -0.003847002115337936,
    "called_third_strike_share_of_so": -0.010397082266557195
  },
  "flags": [],
  "leaders": {
    "batting": {
      "avg": [
        {
          "player_id": "P5185",
          "name": "Reginald Auble",
          "team_id": "COL",
          "value": 0.3295269168026101
        },
        {
          "player_id": "P6626",
          "name": "Tyrone Walker",
          "team_id": "LOS",
          "value": 0.3179190751445087
        },
        {
          "player_id": "P8915",
          "name": "Carlos Perez",
          "team_id": "AUS",
          "value": 0.313758389261745
        }
      ],
      "hr": [
        {
          "player_id": "P5077",
          "name": "Jesus Mahi",
          "team_id": "SAN",
          "value": 42.0
        },
        {
          "player_id": "P5185",
          "name": "Reginald Auble",
          "team_id": "COL",
          "value": 42.0
        },
        {
          "player_id": "P6626",
          "name": "Tyrone Walker",
          "team_id": "LOS",
          "value": 39.0
        }
      ],
      "rbi": [
        {
          "player_id": "P5185",
          "name": "Reginald Auble",
          "team_id": "COL",
          "value": 128.0
        },
        {
          "player_id": "P5684",
          "name": "Dee Laport",
          "team_id": "JAC",
          "value": 123.0
        },
        {
          "player_id": "P1769",
          "name": "Jorge Rodriguez",
          "team_id": "COL",
          "value": 103.0
        }
      ],
      "sb": [
        {
          "player_id": "P5064",
          "name": "Woodrow Kusumoto",
          "team_id": "COL",
          "value": 60.0
        },
        {
          "player_id": "P2078",
          "name": "Rufus Mitchell",
          "team_id": "BAL",
          "value": 58.0
        },
        {
          "player_id": "P6580",
          "name": "Charlie Stchur",
          "team_id": "LAS",
          "value": 57.0
        }
      ],
      "ops": [
        {
          "player_id": "P5185",
          "name": "Reginald Auble",
          "team_id": "COL",
          "value": 1.0216722475029334
        },
        {
          "player_id": "P6626",
          "name": "Tyrone Walker",
          "team_id": "LOS",
          "value": 0.9515194271236327
        },
        {
          "player_id": "P8915",
          "name": "Carlos Perez",
          "team_id": "AUS",
          "value": 0.9506751839573058
        }
      ]
    },
    "pitching": {
      "era": [
        {
          "player_id": "P2965",
          "name": "Wyatt Cristy",
          "team_id": "LAS",
          "value": 2.472897196261682
        },
        {
          "player_id": "P6793",
          "name": "Ed Nibbe",
          "team_id": "LAS",
          "value": 2.6818181818181817
        },
        {
          "player_id": "P9231",
          "name": "Austin Hellmuth",
          "team_id": "ALB",
          "value": 2.7226890756302518
        }
      ],
      "so": [
        {
          "player_id": "P3033",
          "name": "Cliff Rothman",
          "team_id": "ALB",
          "value": 236.0
        },
        {
          "player_id": "P6672",
          "name": "Damien Wooden",
          "team_id": "ALB",
          "value": 225.0
        },
        {
          "player_id": "P1324",
          "name": "Fernando Perez",
          "team_id": "AUS",
          "value": 220.0
        }
      ],
      "wins": [
        {
          "player_id": "P9231",
          "name": "Austin Hellmuth",
          "team_id": "ALB",
          "value": 20.0
        },
        {
          "player_id": "P8944",
          "name": "Darnell King",
          "team_id": "SAN",
          "value": 18.0
        },
        {
          "player_id": "P1219",
          "name": "Manuel Gonzalez",
          "team_id": "COL",
          "value": 17.0
        }
      ],
      "saves": [
        {
          "player_id": "P8781",
          "name": "Basil Gaver",
          "team_id": "LAS",
          "value": 56.0
        },
        {
          "player_id": "P5804",
          "name": "Pedro Diaz",
          "team_id": "OKL",
          "value": 50.0
        },
        {
          "player_id": "P1916",
          "name": "Yong Kim",
          "team_id": "JAC",
          "value": 49.0
        }
      ]
    }
  },
  "year": 2025,
  "season_id": "nexgen-long-run-2025",
  "champion": "LAS",
  "runner_up": "COL"
}