{
  "metrics": {
    "pitches_per_pa": 3.843374747182895,
    "avg": 0.24078684613190177,
    "obp": 0.3126381424350294,
    "slg": 0.3923208589434373,
    "ops": 0.7049590013784668,
    "iso": 0.15153401281153556,
    "babip": 0.292979427420515,
    "k_pct": 0.22850043340075124,
    "bb_pct": 0.08337474718289511,
    "k_minus_bb_pct": 0.1451256862178561,
    "swing_pct": 0.4887144111526757,
    "z_swing_pct": 0.6454061409217299,
    "o_swing_pct": 0.32674078694700276,
    "contact_pct": 0.7992997827973001,
    "z_contact_pct": 0.8724482780746702,
    "o_contact_pct": 0.6499401063112974,
    "first_pitch_strike_pct": 0.6257728980063565,
    "zone_pct": 0.5082875254098657,
    "pitches_put_in_play_pct": 0.17360802049628926,
    "bip_gb_pct": 0.4239689605598185,
    "bip_ld_pct": 0.21800356814993158,
    "bip_fb_pct": 0.3580274712902499,
    "hr_per_fb_pct": 0.09922865734082886,
    "sb_pct": 0.806371018113679,
    "sba_per_pa": 0.055509968217278244,
    "bip_double_play_pct": 0.023937782550707568,
    "called_third_strike_share_of_so": 0.23337211066713873
  },
  "mlb_deltas": {
    "pitches_per_pa": -0.01662525281710492,
    "avg": -0.0042131538680982294,
    "obp": -0.0003618575649705913,
    "slg": 0.0003208589434373077,
    "ops": -4.0998621533172575e-05,
    "iso": -0.013465987188464451,
    "babip": 0.0019794274205150453,
    "k_pct": 0.00850043340075124,
    "bb_pct": 0.003374747182895113,
    "k_minus_bb_pct": 0.005125686217856085,
    "swing_pct": 0.018714411152675747,
    "z_swing_pct": -0.004593859078270146,
    "o_swing_pct": 0.006740786947002753,
    "contact_pct": 0.039299782797300065,
    "z_contact_pct": 0.05244827807467023,
    "o_contact_pct": 0.0299401063112974,
    "first_pitch_strike_pct": 0.025772898006356515,
    "zone_pct": 0.018287525409865668,
    "pitches_put_in_play_pct": -0.0013919795037107274,
    "bip_gb_pct": -0.016031039440181527,
    "bip_ld_pct": 0.008003568149931584,
    "bip_fb_pct": 0.008027471290249943,
    "hr_per_fb_pct": -0.010771342659171138,
    "sb_pct": 0.026371018113678923,
    "sba_per_pa": 0.005509968217278241,
    "bip_double_play_pct": -0.004062217449292433,
    "called_third_strike_share_of_so": 0.003372110667138717
  },
  "flags": [],
  "leaders": {
    "batting": {
      "avg": [
        {
          "player_id": "P5077",
          "name": "Jesus Mahi",
          "team_id": "SAN",
          "value": 0.34365781710914456
        },
        {
          "player_id": "P8459",
          "name": "Antione Stotz",
          "team_id": "LAS",
          "value": 0.33818770226537215
        },
        {
          "player_id": "P8915",
          "name": "Carlos Perez",
          "team_id": "AUS",
          "value": 0.32781954887218046
        }
      ],
      "hr": [
        {
          "player_id": "P5077",
          "name": "Jesus Mahi",
          "team_id": "SAN",
          "value": 48.0
        },
        {
          "player_id": "P8915",
          "name": "Carlos Perez",
          "team_id": "AUS",
          "value": 46.0
        },
        {
          "player_id": "P1769",
          "name": "Jorge Rodriguez",
          "team_id": "COL",
          "value": 42.0
        }
      ],
      "rbi": [
        {
          "player_id": "P1769",
          "name": "Jorge Rodriguez",
          "team_id": "COL",
          "value": 121.0
        },
        {
          "player_id": "P1867",
          "name": "Antonio Mendoza",
          "team_id": "SAN",
          "value": 119.0
        },
        {
          "player_id": "P5077",
          "name": "Jesus Mahi",
          "team_id": "SAN",
          "value": 116.0
        }
      ],
      "sb": [
        {
          "player_id": "P2520",
          "name": "Leroy Scott",
          "team_id": "LOU",
          "value": 74.0
        },
        {
          "player_id": "P6560",
          "name": "Sung Lin",
          "team_id": "JAC",
          "value": 68.0
        },
        {
          "player_id": "P4995",
          "name": "Luis Rivera",
          "team_id": "LOU",
          "value": 65.0
        }
      ],
      "ops": [
        {
          "player_id": "P5077",
          "name": "Jesus Mahi",
          "team_id": "SAN",
          "value": 1.0787320341429738
        },
        {
          "player_id": "P8915",
          "name": "Carlos Perez",
          "team_id": "AUS",
          "value": 1.0343768267854623
        },
        {
          "player_id": "P8459",
          "name": "Antione Stotz",
          "team_id": "LAS",
          "value": 1.0068176914778857
        }
      ]
    },
    "pitching": {
      "era": [
        {
          "player_id": "P5183",
          "name": "Ollie Matarese",
          "team_id": "BOS",
          "value": 2.199680511182109
        },
        {
          "player_id": "P9637",
          "name": "Rafael Castillo",
          "team_id": "BAL",
          "value": 2.751592356687898
        },
        {
          "player_id": "P6206",
          "name": "Francisco Ortiz",
          "team_id": "OKL",
          "value": 2.8911917098445596
        }
      ],
      "so": [
        {
          "player_id": "P1781",
          "name": "Russ Tomlinson",
          "team_id": "COL",
          "value": 215.0
        },
        {
          "player_id": "P9637",
          "name": "Rafael Castillo",
          "team_id": "BAL",
          "value": 208.0
        },
        {
          "player_id": "P7188",
          "name": "Pete Winge",
          "team_id": "LAS",
          "value": 208.0
        }
      ],
      "wins": [
        {
          "player_id": "P1219",
          "name": "Manuel Gonzalez",
          "team_id": "COL",
          "value": 19.0
        },
        {
          "player_id": "P9637",
          "name": "Rafael Castillo",
          "team_id": "BAL",
          "value": 18.0
        },
        {
          "player_id": "P1781",
          "name": "Russ Tomlinson",
          "team_id": "COL",
          "value": 16.0
        }
      ],
      "saves": [
        {
          "player_id": "P2302",
          "name": "Roberto Hernandez",
          "team_id": "COL",
          "value": 54.0
        },
        {
          "player_id": "P1605",
          "name": "Manuel Reyes",
          "team_id": "ALB",
          "value": 52.0
        },
        {
          "player_id": "P2420",
          "name": "Jorge Flores",
          "team_id": "LOS",
          "value": 50.0
        }
      ]
    }
  },
  "year": 2026,
  "season_id": "nexgen-long-run-2026",
  "champion": "COL",
  "runner_up": "SAN"
}