{
  "metrics": {
    "pitches_per_pa": 3.874285052680329,
    "avg": 0.23711554447215294,
    "obp": 0.3087124743613649,
    "slg": 0.38822215295095597,
    "ops": 0.6969346273123209,
    "iso": 0.15110660847880303,
    "babip": 0.28875390928647615,
    "k_pct": 0.23126085446335534,
    "bb_pct": 0.08325807572073636,
    "k_minus_bb_pct": 0.14800277874261897,
    "swing_pct": 0.488100005379204,
    "z_swing_pct": 0.6423769846399737,
    "o_swing_pct": 0.32843590367307224,
    "contact_pct": 0.7977211640308824,
    "z_contact_pct": 0.8703359830224751,
    "o_contact_pct": 0.6507369278625389,
    "first_pitch_strike_pct": 0.6279958318860716,
    "zone_pct": 0.5085798303757673,
    "pitches_put_in_play_pct": 0.17168924936196664,
    "bip_gb_pct": 0.4194879114375729,
    "bip_ld_pct": 0.2183773998711946,
    "bip_fb_pct": 0.36213468869123255,
    "hr_per_fb_pct": 0.09888253638253638,
    "sb_pct": 0.8006496142915144,
    "sba_per_pa": 0.05703369225425495,
    "bip_double_play_pct": 0.02297610137334424,
    "called_third_strike_share_of_so": 0.2270952237909282
  },
  "mlb_deltas": {
    "pitches_per_pa": 0.014285052680329091,
    "avg": -0.007884455527847056,
    "obp": -0.0042875256386351035,
    "slg": -0.0037778470490440474,
    "ops": -0.00806537268767904,
    "iso": -0.01389339152119698,
    "babip": -0.0022460907135238295,
    "k_pct": 0.011260854463355341,
    "bb_pct": 0.0032580757207363586,
    "k_minus_bb_pct": 0.008002778742618954,
    "swing_pct": 0.01810000537920403,
    "z_swing_pct": -0.007623015360026297,
    "o_swing_pct": 0.008435903673072231,
    "contact_pct": 0.03772116403088244,
    "z_contact_pct": 0.050335983022475106,
    "o_contact_pct": 0.0307369278625389,
    "first_pitch_strike_pct": 0.027995831886071576,
    "zone_pct": 0.01857983037576727,
    "pitches_put_in_play_pct": -0.0033107506380333496,
    "bip_gb_pct": -0.02051208856242709,
    "bip_ld_pct": 0.008377399871194596,
    "bip_fb_pct": 0.012134688691232576,
    "hr_per_fb_pct": -0.011117463617463616,
    "sb_pct": 0.02064961429151435,
    "sba_per_pa": 0.007033692254254945,
    "bip_double_play_pct": -0.005023898626655761,
    "called_third_strike_share_of_so": -0.0029047762090718132
  },
  "flags": [],
  "leaders": {
    "batting": {
      "avg": [
        {
          "player_id": "P5077",
          "name": "Jesus Mahi",
          "team_id": "SAN",
          "value": 0.3397341211225997
        },
        {
          "player_id": "P5311",
          "name": "Percy Jefferson",
          "team_id": "LOS",
          "value": 0.31726283048211507
        },
        {
          "player_id": "P1867",
          "name": "Antonio Mendoza",
          "team_id": "SAN",
          "value": 0.3157894736842105
        }
      ],
      "hr": [
        {
          "player_id": "P5077",
          "name": "Jesus Mahi",
          "team_id": "SAN",
          "value": 60.0
        },
        {
          "player_id": "P8459",
          "name": "Antione Stotz",
          "team_id": "LAS",
          "value": 49.0
        },
        {
          "player_id": "P5185",
          "name": "Reginald Auble",
          "team_id": "COL",
          "value": 48.0
        }
      ],
      "rbi": [
        {
          "player_id": "P5185",
          "name": "Reginald Auble",
          "team_id": "COL",
          "value": 138.0
        },
        {
          "player_id": "P9204",
          "name": "Xavier Harris",
          "team_id": "ALB",
          "value": 130.0
        },
        {
          "player_id": "P5077",
          "name": "Jesus Mahi",
          "team_id": "SAN",
          "value": 124.0
        }
      ],
      "sb": [
        {
          "player_id": "P4901",
          "name": "Rick Soukup",
          "team_id": "JAC",
          "value": 64.0
        },
        {
          "player_id": "P9642",
          "name": "Antonio Reyes",
          "team_id": "OKL",
          "value": 62.0
        },
        {
          "player_id": "P2060",
          "name": "Thaddeus Lingo",
          "team_id": "LAS",
          "value": 60.0
        }
      ],
      "ops": [
        {
          "player_id": "P5077",
          "name": "Jesus Mahi",
          "team_id": "SAN",
          "value": 1.1012174203078096
        },
        {
          "player_id": "P1867",
          "name": "Antonio Mendoza",
          "team_id": "SAN",
          "value": 0.9872655702298685
        },
        {
          "player_id": "P5185",
          "name": "Reginald Auble",
          "team_id": "COL",
          "value": 0.9788875840717413
        }
      ]
    },
    "pitching": {
      "era": [
        {
          "player_id": "P3706",
          "name": "Jamal Scott",
          "team_id": "BOS",
          "value": 2.042016806722689
        },
        {
          "player_id": "P6206",
          "name": "Francisco Ortiz",
          "team_id": "OKL",
          "value": 2.3402889245585876
        },
        {
          "player_id": "P1088",
          "name": "Bryant Mcgeorge",
          "team_id": "ALB",
          "value": 2.6815068493150687
        }
      ],
      "so": [
        {
          "player_id": "P6672",
          "name": "Damien Wooden",
          "team_id": "ALB",
          "value": 208.0
        },
        {
          "player_id": "P2778",
          "name": "Rufus King",
          "team_id": "SAN",
          "value": 203.0
        },
        {
          "player_id": "P4445",
          "name": "Jarod Wedner",
          "team_id": "SAN1",
          "value": 203.0
        }
      ],
      "wins": [
        {
          "player_id": "P8925",
          "name": "Jorge Perez",
          "team_id": "JAC",
          "value": 17.0
        },
        {
          "player_id": "P9387",
          "name": "Tyrone Mitchell",
          "team_id": "AUS",
          "value": 15.0
        },
        {
          "player_id": "P3611",
          "name": "Tuan Bulgrin",
          "team_id": "AUS",
          "value": 15.0
        }
      ],
      "saves": [
        {
          "player_id": "P8781",
          "name": "Basil Gaver",
          "team_id": "LAS",
          "value": 53.0
        },
        {
          "player_id": "P5804",
          "name": "Pedro Diaz",
          "team_id": "OKL",
          "value": 50.0
        },
        {
          "player_id": "P2420",
          "name": "Jorge Flores",
          "team_id": "LOS",
          "value": 48.0
        }
      ]
    }
  },
  "year": 2027,
  "season_id": "nexgen-long-run-2027",
  "champion": "ALB",
  "runner_up": "SAN"
}