{
  "metrics": {
    "pitches_per_pa": 3.859840483857936,
    "avg": 0.23647328303547163,
    "obp": 0.30854992683436694,
    "slg": 0.3863056953916633,
    "ops": 0.6948556222260303,
    "iso": 0.14983241235619169,
    "babip": 0.28673236756601506,
    "k_pct": 0.22858593903297666,
    "bb_pct": 0.08293223449565428,
    "k_minus_bb_pct": 0.1456537045373224,
    "swing_pct": 0.4884825286703249,
    "z_swing_pct": 0.6444200477887432,
    "o_swing_pct": 0.32659442196109023,
    "contact_pct": 0.7989972513177146,
    "z_contact_pct": 0.872383069438624,
    "o_contact_pct": 0.6486703368479985,
    "first_pitch_strike_pct": 0.6255295081777993,
    "zone_pct": 0.5093614030890686,
    "pitches_put_in_play_pct": 0.1729938248530973,
    "bip_gb_pct": 0.42698357821953326,
    "bip_ld_pct": 0.21835782195332756,
    "bip_fb_pct": 0.35465859982713915,
    "hr_per_fb_pct": 0.10080203357145988,
    "sb_pct": 0.7968815844922039,
    "sba_per_pa": 0.05478029017625264,
    "bip_double_play_pct": 0.02582541054451167,
    "called_third_strike_share_of_so": 0.23025651383558876
  },
  "mlb_deltas": {
    "pitches_per_pa": -0.00015951614206377585,
    "avg": -0.008526716964528364,
    "obp": -0.004450073165633062,
    "slg": -0.005694304608336698,
    "ops": -0.010144377773969704,
    "iso": -0.015167587643808322,
    "babip": -0.004267632433984925,
    "k_pct": 0.008585939032976664,
    "bb_pct": 0.0029322344956542734,
    "k_minus_bb_pct": 0.00565370453732239,
    "swing_pct": 0.018482528670324905,
    "z_swing_pct": -0.0055799522112568445,
    "o_swing_pct": 0.006594421961090224,
    "contact_pct": 0.03899725131771459,
    "z_contact_pct": 0.05238306943862403,
    "o_contact_pct": 0.028670336847998468,
    "first_pitch_strike_pct": 0.02552950817779931,
    "zone_pct": 0.01936140308906864,
    "pitches_put_in_play_pct": -0.0020061751469026834,
    "bip_gb_pct": -0.013016421780466747,
    "bip_ld_pct": 0.008357821953327571,
    "bip_fb_pct": 0.004658599827139176,
    "hr_per_fb_pct": -0.009197966428540122,
    "sb_pct": 0.016881584492203894,
    "sba_per_pa": 0.004780290176252637,
    "bip_double_play_pct": -0.002174589455488332,
    "called_third_strike_share_of_so": 0.00025651383558875085
  },
  "flags": [],
  "leaders": {
    "batting": {
      "avg": [
        {
          "player_id": "P5077",
          "name": "Jesus Mahi",
          "team_id": "SAN",
          "value": 0.3299565846599132
        },
        {
          "player_id": "P1867",
          "name": "Antonio Mendoza",
          "team_id": "SAN",
          "value": 0.32973805855161786
        },
        {
          "player_id": "P3771",
          "name": "Rafael Flores",
          "team_id": "BAL",
          "value": 0.31671554252199413
        }
      ],
      "hr": [
        {
          "player_id": "P5077",
          "name": "Jesus Mahi",
          "team_id": "SAN",
          "value": 57.0
        },
        {
          "player_id": "P6626",
          "name": "Tyrone Walker",
          "team_id": "LOS",
          "value": 46.0
        },
        {
          "player_id": "P1867",
          "name": "Antonio Mendoza",
          "team_id": "SAN",
          "value": 45.0
        }
      ],
      "rbi": [
        {
          "player_id": "P8459",
          "name": "Antione Stotz",
          "team_id": "LAS",
          "value": 141.0
        },
        {
          "player_id": "P5077",
          "name": "Jesus Mahi",
          "team_id": "SAN",
          "value": 127.0
        },
        {
          "player_id": "P1867",
          "name": "Antonio Mendoza",
          "team_id": "SAN",
          "value": 122.0
        }
      ],
      "sb": [
        {
          "player_id": "P6580",
          "name": "Charlie Stchur",
          "team_id": "LAS",
          "value": 67.0
        },
        {
          "player_id": "P2520",
          "name": "Leroy Scott",
          "team_id": "LOU",
          "value": 66.0
        },
        {
          "player_id": "P3534",
          "name": "Lucien Number",
          "team_id": "ALB",
          "value": 56.0
        }
      ],
      "ops": [
        {
          "player_id": "P5077",
          "name": "Jesus Mahi",
          "team_id": "SAN",
          "value": 1.0832317270037337
        },
        {
          "player_id": "P1867",
          "name": "Antonio Mendoza",
          "team_id": "SAN",
          "value": 1.028033473682883
        },
        {
          "player_id": "P8459",
          "name": "Antione Stotz",
          "team_id": "LAS",
          "value": 0.9940115165048448
        }
      ]
    },
    "pitching": {
      "era": [
        {
          "player_id": "P1324",
          "name": "Fernando Perez",
          "team_id": "AUS",
          "value": 2.124125874125874
        },
        {
          "player_id": "P5560",
          "name": "Manuel Delgado",
          "team_id": "SAN",
          "value": 2.276470588235294
        },
        {
          "player_id": "P1781",
          "name": "Russ Tomlinson",
          "team_id": "COL",
          "value": 2.622611464968153
        }
      ],
      "so": [
        {
          "player_id": "P1781",
          "name": "Russ Tomlinson",
          "team_id": "COL",
          "value": 212.0
        },
        {
          "player_id": "P6672",
          "name": "Damien Wooden",
          "team_id": "ALB",
          "value": 207.0
        },
        {
          "player_id": "P7481",
          "name": "Curtis Retersdorf",
          "team_id": "LOU",
          "value": 200.0
        }
      ],
      "wins": [
        {
          "player_id": "P1781",
          "name": "Russ Tomlinson",
          "team_id": "COL",
          "value": 19.0
        },
        {
          "player_id": "P5560",
          "name": "Manuel Delgado",
          "team_id": "SAN",
          "value": 17.0
        },
        {
          "player_id": "P1324",
          "name": "Fernando Perez",
          "team_id": "AUS",
          "value": 16.0
        }
      ],
      "saves": [
        {
          "player_id": "P5804",
          "name": "Pedro Diaz",
          "team_id": "OKL",
          "value": 47.0
        },
        {
          "player_id": "P3007",
          "name": "Carlos Ortiz",
          "team_id": "SAN",
          "value": 46.0
        },
        {
          "player_id": "P1916",
          "name": "Yong Kim",
          "team_id": "JAC",
          "value": 44.0
        }
      ]
    }
  },
  "year": 2028,
  "season_id": "nexgen-long-run-2028",
  "champion": "COL",
  "runner_up": "ALB"
}