{
  "metrics": {
    "pitches_per_pa": 3.8546120882782073,
    "avg": 0.238234079884405,
    "obp": 0.31029976407457094,
    "slg": 0.39040406646712766,
    "ops": 0.7007038305416986,
    "iso": 0.15216998658272265,
    "babip": 0.2889757006666189,
    "k_pct": 0.22930046069184196,
    "bb_pct": 0.08361384603012305,
    "k_minus_bb_pct": 0.14568661466171892,
    "swing_pct": 0.48992450457055825,
    "z_swing_pct": 0.6467177505877387,
    "o_swing_pct": 0.3277881514174164,
    "contact_pct": 0.7981360036014552,
    "z_contact_pct": 0.871779530414287,
    "o_contact_pct": 0.6478878449360065,
    "first_pitch_strike_pct": 0.6286433142240042,
    "zone_pct": 0.5083766247313847,
    "pitches_put_in_play_pct": 0.17280793521639737,
    "bip_gb_pct": 0.4230596757502587,
    "bip_ld_pct": 0.21791997240427732,
    "bip_fb_pct": 0.35902035184546394,
    "hr_per_fb_pct": 0.10105372257730177,
    "sb_pct": 0.8027156549520766,
    "sba_per_pa": 0.05753478165963949,
    "bip_double_play_pct": 0.024008278716798895,
    "called_third_strike_share_of_so": 0.22561250563655494
  },
  "mlb_deltas": {
    "pitches_per_pa": -0.005387911721792538,
    "avg": -0.006765920115594987,
    "obp": -0.002700235925429062,
    "slg": -0.0015959335328723512,
    "ops": -0.004296169458301358,
    "iso": -0.012830013417277353,
    "babip": -0.0020242993333811077,
    "k_pct": 0.009300460691841955,
    "bb_pct": 0.003613846030123047,
    "k_minus_bb_pct": 0.005686614661718908,
    "swing_pct": 0.019924504570558277,
    "z_swing_pct": -0.0032822494122612955,
    "o_swing_pct": 0.0077881514174164,
    "contact_pct": 0.03813600360145519,
    "z_contact_pct": 0.05177953041428707,
    "o_contact_pct": 0.02788784493600649,
    "first_pitch_strike_pct": 0.028643314224004235,
    "zone_pct": 0.018376624731384683,
    "pitches_put_in_play_pct": -0.002192064783602621,
    "bip_gb_pct": -0.01694032424974129,
    "bip_ld_pct": 0.007919972404277331,
    "bip_fb_pct": 0.009020351845463959,
    "hr_per_fb_pct": -0.008946277422698226,
    "sb_pct": 0.022715654952076614,
    "sba_per_pa": 0.007534781659639486,
    "bip_double_play_pct": -0.003991721283201105,
    "called_third_strike_share_of_so": -0.004387494363445071
  },
  "flags": [],
  "leaders": {
    "batting": {
      "avg": [
        {
          "player_id": "P8459",
          "name": "Antione Stotz",
          "team_id": "LAS",
          "value": 0.34179357021996615
        },
        {
          "player_id": "P8915",
          "name": "Carlos Perez",
          "team_id": "AUS",
          "value": 0.32168850072780203
        },
        {
          "player_id": "P5077",
          "name": "Jesus Mahi",
          "team_id": "SAN",
          "value": 0.3186490455212922
        }
      ],
      "hr": [
        {
          "player_id": "P5077",
          "name": "Jesus Mahi",
          "team_id": "SAN",
          "value": 52.0
        },
        {
          "player_id": "P8915",
          "name": "Carlos Perez",
          "team_id": "AUS",
          "value": 50.0
        },
        {
          "player_id": "P8459",
          "name": "Antione Stotz",
          "team_id": "LAS",
          "value": 48.0
        }
      ],
      "rbi": [
        {
          "player_id": "P8459",
          "name": "Antione Stotz",
          "team_id": "LAS",
          "value": 147.0
        },
        {
          "player_id": "P5077",
          "name": "Jesus Mahi",
          "team_id": "SAN",
          "value": 123.0
        },
        {
          "player_id": "P5684",
          "name": "Dee Laport",
          "team_id": "JAC",
          "value": 119.0
        }
      ],
      "sb": [
        {
          "player_id": "P2520",
          "name": "Leroy Scott",
          "team_id": "LOU",
          "value": 70.0
        },
        {
          "player_id": "P5064",
          "name": "Woodrow Kusumoto",
          "team_id": "COL",
          "value": 63.0
        },
        {
          "player_id": "P6560",
          "name": "Sung Lin",
          "team_id": "JAC",
          "value": 60.0
        }
      ],
      "ops": [
        {
          "player_id": "P8459",
          "name": "Antione Stotz",
          "team_id": "LAS",
          "value": 1.0889522671165344
        },
        {
          "player_id": "P5077",
          "name": "Jesus Mahi",
          "team_id": "SAN",
          "value": 1.033716049810954
        },
        {
          "player_id": "P8915",
          "name": "Carlos Perez",
          "team_id": "AUS",
          "value": 0.9938945495714054
        }
      ]
    },
    "pitching": {
      "era": [
        {
          "player_id": "P9230",
          "name": "Jerry Fulvio",
          "team_id": "AUS",
          "value": 2.3251318101933216
        },
        {
          "player_id": "P5984",
          "name": "Tyrone Allen",
          "team_id": "LAS",
          "value": 2.409090909090909
        },
        {
          "player_id": "P7027",
          "name": "Sung Le",
          "team_id": "JAC",
          "value": 2.581847649918963
        }
      ],
      "so": [
        {
          "player_id": "P3033",
          "name": "Cliff Rothman",
          "team_id": "ALB",
          "value": 215.0
        },
        {
          "player_id": "P1781",
          "name": "Russ Tomlinson",
          "team_id": "COL",
          "value": 207.0
        },
        {
          "player_id": "P5250",
          "name": "Enoch Vielle",
          "team_id": "ALB",
          "value": 202.0
        }
      ],
      "wins": [
        {
          "player_id": "P5984",
          "name": "Tyrone Allen",
          "team_id": "LAS",
          "value": 21.0
        },
        {
          "player_id": "P2376",
          "name": "Rufus White",
          "team_id": "BAL",
          "value": 16.0
        },
        {
          "player_id": "P5250",
          "name": "Enoch Vielle",
          "team_id": "ALB",
          "value": 16.0
        }
      ],
      "saves": [
        {
          "player_id": "P5804",
          "name": "Pedro Diaz",
          "team_id": "OKL",
          "value": 46.0
        },
        {
          "player_id": "P6548",
          "name": "Yong Khan",
          "team_id": "BOS",
          "value": 45.0
        },
        {
          "player_id": "P3007",
          "name": "Carlos Ortiz",
          "team_id": "SAN",
          "value": 45.0
        }
      ]
    }
  },
  "year": 2029,
  "season_id": "nexgen-long-run-2029",
  "champion": "JAC",
  "runner_up": "ALB"
}