{
  "stochastic": {
    "pitches": 30970.0,
    "swing_rate": 0.39793348401679046,
    "take_rate": 0.6020665159832096,
    "contact_rate": 0.27965773329028093,
    "swing_contact_rate": 0.7027750730282376,
    "foul_rate": 0.04229899903132063,
    "ball_in_play_rate": 0.1463351630610268,
    "ball_rate": 0.42915724895059737,
    "called_strike_rate": 0.1458185340652244,
    "walk_rate": 0.02292541168873103,
    "strikeout_rate": 0.06628995802389409
  },
  "deterministic": {
    "pitches": 1496.0,
    "swing_rate": 0.3963903743315508,
    "take_rate": 0.6036096256684492,
    "contact_rate": 0.25935828877005346,
    "swing_contact_rate": 0.654300168634064,
    "foul_rate": 0.038101604278074866,
    "ball_in_play_rate": 0.13502673796791445,
    "ball_rate": 0.44585561497326204,
    "called_strike_rate": 0.14037433155080214,
    "walk_rate": 0.024732620320855617,
    "strikeout_rate": 0.06751336898395723
  }
}