{
  "stochastic": {
    "pitches": 28894.0,
    "swing_rate": 0.4768117948362982,
    "take_rate": 0.5231882051637018,
    "contact_rate": 0.30961445282757666,
    "swing_contact_rate": 0.6493431080786819,
    "foul_rate": 0.04398837128815671,
    "ball_in_play_rate": 0.17242334048591404,
    "ball_rate": 0.370249878867585,
    "called_strike_rate": 0.12490482453104451,
    "walk_rate": 0.015816432477330934,
    "strikeout_rate": 0.07333702498788676
  },
  "deterministic": {
    "pitches": 1165.0,
    "swing_rate": 0.48669527896995707,
    "take_rate": 0.5133047210300429,
    "contact_rate": 0.3150214592274678,
    "swing_contact_rate": 0.6472663139329806,
    "foul_rate": 0.05665236051502146,
    "ball_in_play_rate": 0.17253218884120172,
    "ball_rate": 0.3725321888412017,
    "called_strike_rate": 0.12188841201716738,
    "walk_rate": 0.00944206008583691,
    "strikeout_rate": 0.07296137339055794
  }
}