{
  "stochastic": {
    "pitches": 52274.0,
    "swing_rate": 0.2437158051803956,
    "take_rate": 0.7562841948196044,
    "contact_rate": 0.12329265026590656,
    "swing_contact_rate": 0.5058869701726845,
    "foul_rate": 0.020851666220300723,
    "ball_in_play_rate": 0.08235451658568313,
    "ball_rate": 0.3912843861192945,
    "called_strike_rate": 0.09718024256800704,
    "walk_rate": 0.016738722883268928,
    "strikeout_rate": 0.13412021272525537
  },
  "deterministic": {
    "pitches": 3446.0,
    "swing_rate": 0.23766686012768426,
    "take_rate": 0.7623331398723158,
    "contact_rate": 0.1195589088798607,
    "swing_contact_rate": 0.503052503052503,
    "foul_rate": 0.019442832269297737,
    "ball_in_play_rate": 0.07864190365641323,
    "ball_rate": 0.3903076030179919,
    "called_strike_rate": 0.0893789901334881,
    "walk_rate": 0.013639001741149159,
    "strikeout_rate": 0.13609982588508415
  }
}