{
  "stochastic": {
    "pitches": 51581.0,
    "swing_rate": 0.45825013086213917,
    "take_rate": 0.5417498691378608,
    "contact_rate": 0.2314030360016285,
    "swing_contact_rate": 0.5049710200109997,
    "foul_rate": 0.017777863942149242,
    "ball_in_play_rate": 0.21362517205947926,
    "ball_rate": 0.30499602566836626,
    "called_strike_rate": 0.23675384346949457,
    "walk_rate": 0.011709738081851846,
    "strikeout_rate": 0.13603846377542117
  },
  "deterministic": {
    "pitches": 2613.0,
    "swing_rate": 0.4661308840413318,
    "take_rate": 0.5338691159586682,
    "contact_rate": 0.2426329889016456,
    "swing_contact_rate": 0.5205254515599343,
    "foul_rate": 0.017986988136241867,
    "ball_in_play_rate": 0.22464600076540375,
    "ball_rate": 0.29544584768465365,
    "called_strike_rate": 0.23842326827401455,
    "walk_rate": 0.009950248756218905,
    "strikeout_rate": 0.13930348258706468
  }
}