count,pitches,fouls,foul_pct
0-0,198091,24563,0.12399856631548127
0-1,99226,18870,0.19017193074395825
0-2,52737,10369,0.19661717579687885
1-0,72884,12219,0.1676499643268756
1-1,75462,16385,0.21712915109591582
1-2,73980,17023,0.23010273046769397
2-0,24829,4241,0.17080832897015585
2-1,38472,9108,0.23674360573923892
2-2,62598,16628,0.265631489823956
3-0,8247,332,0.04025706317448769
3-1,15828,3585,0.22649734647460198
3-2,37893,11360,0.299791518222363
4-2,1,0,0.0
