{
  "pa": 28899,
  "k": 10848,
  "bb": 4728,
  "hits": 6872,
  "home_runs": 684,
  "sb_success": 1524,
  "sb_caught": 779,
  "metrics": {
    "runs_per_team_game": 5.095,
    "runs_allowed_per_team_game": 5.095,
    "k_pct": 0.3753763105989827,
    "bb_pct": 0.16360427696460086,
    "iso": 0.1466456064510766,
    "babip": 0.2815158546017015,
    "bip_gb_pct": 0.44242755106683046,
    "bip_fb_pct": 0.3500295709931304,
    "bip_ld_pct": 0.20754287794003912,
    "pitches_per_pa": 7.840375099484411,
    "pitches_put_in_play_pct": 0.09701252101915889,
    "sb_attempts_per_pa": 0.07969133880065055,
    "sb_pct": 0.6617455492835432,
    "defensive_efficiency": 0.2736187514948577,
    "avg": 0.28564302934574776,
    "obp": 0.4048739961229576,
    "slg": 0.43228863579682436,
    "bip_double_play_pct": 0.01537691642782403,
    "swstr_pct": 0.08748824913164945,
    "called_third_strike_share_of_so": 0.3168325958702065,
    "o_swing_pct": 0.22509004365367238,
    "z_swing_pct": 0.7911655840882578,
    "swing_pct": 0.3985585601489988,
    "z_contact_pct": 0.7837365517994648,
    "o_contact_pct": 0.7754438538957368,
    "contact_pct": 0.7804883450528763
  },
  "benchmarks": {
    "runs_per_team_game": null,
    "runs_allowed_per_team_game": null,
    "k_pct": 0.22,
    "bb_pct": 0.08,
    "iso": 0.165,
    "babip": 0.291,
    "bip_gb_pct": 0.44,
    "bip_fb_pct": 0.35,
    "bip_ld_pct": 0.21,
    "pitches_per_pa": 3.86,
    "pitches_put_in_play_pct": 0.175,
    "sb_attempts_per_pa": 0.05,
    "sb_pct": 0.78,
    "defensive_efficiency": 0.69,
    "avg": 0.245,
    "obp": 0.313,
    "slg": 0.392,
    "bip_double_play_pct": 0.028,
    "swstr_pct": 0.11,
    "called_third_strike_share_of_so": 0.23,
    "o_swing_pct": 0.32,
    "z_swing_pct": 0.65,
    "swing_pct": 0.47,
    "z_contact_pct": 0.82,
    "o_contact_pct": 0.62,
    "contact_pct": 0.76
  }
}