{
  "pa": 75266,
  "k": 47556,
  "bb": 1050,
  "hits": 13958,
  "home_runs": 1491,
  "sb_success": 2827,
  "sb_caught": 1240,
  "metrics": {
    "runs_per_team_game": 1.7968106995884774,
    "runs_allowed_per_team_game": 1.7968106995884774,
    "k_pct": 0.6318390774054686,
    "bb_pct": 0.013950522148114687,
    "iso": 0.10093820769977357,
    "babip": 0.26162046460873395,
    "bip_gb_pct": 0.43254359641575557,
    "bip_fb_pct": 0.3603760518750131,
    "bip_ld_pct": 0.2070803517092313,
    "pitches_per_pa": 3.806446469853586,
    "pitches_put_in_play_pct": 0.16633041997095946,
    "sb_attempts_per_pa": 0.054035022453697554,
    "sb_pct": 0.695106958446029,
    "defensive_efficiency": 0.256982796297032,
    "avg": 0.18815377979079045,
    "obp": 0.19947897283215482,
    "slg": 0.28909198749056403,
    "bip_double_play_pct": 0.008477955217929616,
    "swstr_pct": 0.13563889199151122,
    "called_third_strike_share_of_so": 0.7448271511481201,
    "o_swing_pct": 0.45642583929737585,
    "z_swing_pct": 0.587998846133839,
    "swing_pct": 0.5535400145202726,
    "z_contact_pct": 0.7558307865529998,
    "o_contact_pct": 0.7518030776418373,
    "contact_pct": 0.7549609993252915
  },
  "benchmarks": {
    "runs_per_team_game": null,
    "runs_allowed_per_team_game": null,
    "k_pct": 0.22,
    "bb_pct": 0.08,
    "iso": 0.165,
    "babip": 0.291,
    "bip_gb_pct": 0.44,
    "bip_fb_pct": 0.35,
    "bip_ld_pct": 0.21,
    "pitches_per_pa": 3.86,
    "pitches_put_in_play_pct": 0.175,
    "sb_attempts_per_pa": 0.05,
    "sb_pct": 0.78,
    "defensive_efficiency": 0.69,
    "avg": 0.245,
    "obp": 0.313,
    "slg": 0.392,
    "bip_double_play_pct": 0.028,
    "swstr_pct": 0.11,
    "called_third_strike_share_of_so": 0.23,
    "o_swing_pct": 0.32,
    "z_swing_pct": 0.65,
    "swing_pct": 0.47,
    "z_contact_pct": 0.82,
    "o_contact_pct": 0.62,
    "contact_pct": 0.76
  }
}