{
  "pa": 27403,
  "k": 9447,
  "bb": 5495,
  "hits": 6414,
  "home_runs": 635,
  "sb_success": 1298,
  "sb_caught": 571,
  "metrics": {
    "runs_per_team_game": 6.446969696969697,
    "runs_allowed_per_team_game": 6.446969696969697,
    "k_pct": 0.34474327628361856,
    "bb_pct": 0.20052548990986388,
    "iso": 0.15467889908256882,
    "babip": 0.26684212956549846,
    "bip_gb_pct": 0.4347324190792815,
    "bip_fb_pct": 0.3581751858521494,
    "bip_ld_pct": 0.20709239506856905,
    "pitches_per_pa": 5.330584242601175,
    "pitches_put_in_play_pct": 0.14826047072031984,
    "sb_attempts_per_pa": 0.06820421121774989,
    "sb_pct": 0.6944890315676833,
    "defensive_efficiency": 0.26015844620495787,
    "avg": 0.2942201834862385,
    "obp": 0.43798605279491765,
    "slg": 0.44889908256880734,
    "bip_double_play_pct": 0.015006695294823845,
    "swstr_pct": 0.13300792748880705,
    "called_third_strike_share_of_so": 0.2938498994389753,
    "o_swing_pct": 0.4127055109825069,
    "z_swing_pct": 0.8000828050939409,
    "swing_pct": 0.5984569464791818,
    "z_contact_pct": 0.7764493852714976,
    "o_contact_pct": 0.7800688380393906,
    "contact_pct": 0.7777485443667852
  },
  "benchmarks": {
    "runs_per_team_game": null,
    "runs_allowed_per_team_game": null,
    "k_pct": 0.22,
    "bb_pct": 0.08,
    "iso": 0.165,
    "babip": 0.291,
    "bip_gb_pct": 0.44,
    "bip_fb_pct": 0.35,
    "bip_ld_pct": 0.21,
    "pitches_per_pa": 3.86,
    "pitches_put_in_play_pct": 0.175,
    "sb_attempts_per_pa": 0.05,
    "sb_pct": 0.78,
    "defensive_efficiency": 0.69,
    "avg": 0.245,
    "obp": 0.313,
    "slg": 0.392,
    "bip_double_play_pct": 0.028,
    "swstr_pct": 0.11,
    "called_third_strike_share_of_so": 0.23,
    "o_swing_pct": 0.32,
    "z_swing_pct": 0.65,
    "swing_pct": 0.47,
    "z_contact_pct": 0.82,
    "o_contact_pct": 0.62,
    "contact_pct": 0.76
  }
}