{
  "stochastic": {
    "pitches": 51081.0,
    "swing_rate": 0.4460758403320217,
    "take_rate": 0.5539241596679783,
    "contact_rate": 0.22922417337170375,
    "swing_contact_rate": 0.5138681646625121,
    "foul_rate": 0.016052935533760106,
    "ball_in_play_rate": 0.21317123783794364,
    "ball_rate": 0.32671639161332,
    "called_strike_rate": 0.22720776805465828,
    "walk_rate": 0.00863334703705879,
    "strikeout_rate": 0.13693937080323407
  },
  "deterministic": {
    "pitches": 2477.0,
    "swing_rate": 0.4493338716188938,
    "take_rate": 0.5506661283811062,
    "contact_rate": 0.22567622123536535,
    "swing_contact_rate": 0.5022461814914645,
    "foul_rate": 0.015744852644327817,
    "ball_in_play_rate": 0.20993136859103753,
    "ball_rate": 0.31610819539765844,
    "called_strike_rate": 0.2345579329834477,
    "walk_rate": 0.0072668550666128385,
    "strikeout_rate": 0.14008881711748083
  }
}