{
  "stochastic": {
    "pitches": 49391.0,
    "swing_rate": 0.3709380251462817,
    "take_rate": 0.6290619748537183,
    "contact_rate": 0.2276325646372821,
    "swing_contact_rate": 0.6136673762349216,
    "foul_rate": 0.06073981089672208,
    "ball_in_play_rate": 0.1380210969609848,
    "ball_rate": 0.4557308011581057,
    "called_strike_rate": 0.16152740377801625,
    "walk_rate": 0.027575874147111823,
    "strikeout_rate": 0.07608673644996052
  },
  "deterministic": {
    "pitches": 2319.0,
    "swing_rate": 0.37516170763260026,
    "take_rate": 0.6248382923673997,
    "contact_rate": 0.23070288917636914,
    "swing_contact_rate": 0.6149425287356322,
    "foul_rate": 0.05907718844329452,
    "ball_in_play_rate": 0.1414402759810263,
    "ball_rate": 0.44415696420871065,
    "called_strike_rate": 0.1677447175506684,
    "walk_rate": 0.02414833980163864,
    "strikeout_rate": 0.07416990081931867
  }
}