{
  "stochastic": {
    "pitches_per_pa": 3.002080026274016,
    "swing_rate": 0.5073206308688121,
    "take_rate": 0.4926793691311879,
    "strikeout_pct": 0.27034867808856533,
    "walk_pct": 0.06371448902512453,
    "first_pitch_strike_pct": 0.3644072432846436,
    "called_strike_pct": 0.11867991612726775,
    "foul_share_est": 0.12467863980308141,
    "swinging_strike_pct": 0.07891330112134197,
    "contact_rate_pa": 0.7296513219114347,
    "bip_final_pct": 0.6659368328863101
  },
  "deterministic": {
    "pitches_per_pa": 2.9408482142857144,
    "swing_rate": 0.5130929791271347,
    "take_rate": 0.4869070208728653,
    "strikeout_pct": 0.2544642857142857,
    "walk_pct": 0.05915178571428571,
    "first_pitch_strike_pct": 0.3560267857142857,
    "called_strike_pct": 0.11916508538899431,
    "foul_share_est": 0.1256166982922201,
    "swinging_strike_pct": 0.076280834914611,
    "contact_rate_pa": 0.7455357142857143,
    "bip_final_pct": 0.6863839285714286
  },
  "stochastic_bucket_share": {
    "waste": 0.3650296313537321,
    "zone": 0.6349703686462679
  },
  "deterministic_bucket_share": {
    "zone": 0.6428041543026706,
    "waste": 0.3571958456973294
  }
}