{
  "stochastic": {
    "pitches": 43313.0,
    "swing_rate": 0.27296654584074065,
    "take_rate": 0.7270334541592594,
    "contact_rate": 0.21524715443400363,
    "swing_contact_rate": 0.7885477459189715,
    "foul_rate": 0.055249001454528664,
    "ball_in_play_rate": 0.09355158959203934,
    "ball_rate": 0.35414309791517556,
    "called_strike_rate": 0.11005933553436613,
    "walk_rate": 0.013275460023549512,
    "strikeout_rate": 0.1385727148892942
  },
  "deterministic": {
    "pitches": 1984.0,
    "swing_rate": 0.2777217741935484,
    "take_rate": 0.7222782258064516,
    "contact_rate": 0.21370967741935484,
    "swing_contact_rate": 0.7695099818511797,
    "foul_rate": 0.05594758064516129,
    "ball_in_play_rate": 0.0967741935483871,
    "ball_rate": 0.3477822580645161,
    "called_strike_rate": 0.11139112903225806,
    "walk_rate": 0.007056451612903226,
    "strikeout_rate": 0.140625
  }
}