{
  "stochastic": {
    "pitches": 52858.0,
    "swing_rate": 0.4421468841045821,
    "take_rate": 0.5578531158954179,
    "contact_rate": 0.22524499602709144,
    "swing_contact_rate": 0.5094347695862393,
    "foul_rate": 0.014510575504181012,
    "ball_in_play_rate": 0.21073442052291044,
    "ball_rate": 0.3502591849861894,
    "called_strike_rate": 0.2075939309092285,
    "walk_rate": 0.01708350675394453,
    "strikeout_rate": 0.12717091074198797
  },
  "deterministic": {
    "pitches": 2674.0,
    "swing_rate": 0.42296185489902766,
    "take_rate": 0.5770381451009723,
    "contact_rate": 0.21391174270755423,
    "swing_contact_rate": 0.5057471264367817,
    "foul_rate": 0.010471204188481676,
    "ball_in_play_rate": 0.20344053851907254,
    "ball_rate": 0.36836200448765893,
    "called_strike_rate": 0.20867614061331338,
    "walk_rate": 0.022064323111443532,
    "strikeout_rate": 0.12266267763649963
  }
}