{
  "stochastic": {
    "pitches": 53637.0,
    "swing_rate": 0.4381303950631094,
    "take_rate": 0.5618696049368905,
    "contact_rate": 0.22575833846039114,
    "swing_contact_rate": 0.5152765957446809,
    "foul_rate": 0.015008296511736302,
    "ball_in_play_rate": 0.21075004194865485,
    "ball_rate": 0.3519585360851651,
    "called_strike_rate": 0.20991106885172547,
    "walk_rate": 0.01385237802263363,
    "strikeout_rate": 0.12549173145403358
  },
  "deterministic": {
    "pitches": 2487.0,
    "swing_rate": 0.45556895858464014,
    "take_rate": 0.5444310414153599,
    "contact_rate": 0.22677925211097708,
    "swing_contact_rate": 0.4977934686672551,
    "foul_rate": 0.012866907921190189,
    "ball_in_play_rate": 0.21391234418978688,
    "ball_rate": 0.320064334539606,
    "called_strike_rate": 0.2243667068757539,
    "walk_rate": 0.01166063530357861,
    "strikeout_rate": 0.1334941696823482
  }
}