{
  "stochastic": {
    "pitches": 48007.0,
    "swing_rate": 0.46963984418938903,
    "take_rate": 0.5303601558106109,
    "contact_rate": 0.24211052554835752,
    "swing_contact_rate": 0.5155238179721459,
    "foul_rate": 0.016289291145041348,
    "ball_in_play_rate": 0.2258212344033162,
    "ball_rate": 0.28997854479555063,
    "called_strike_rate": 0.2403816110150603,
    "walk_rate": 0.026829420709479867,
    "strikeout_rate": 0.1416251796612994
  },
  "deterministic": {
    "pitches": 2501.0,
    "swing_rate": 0.4622151139544182,
    "take_rate": 0.5377848860455817,
    "contact_rate": 0.23550579768092764,
    "swing_contact_rate": 0.509515570934256,
    "foul_rate": 0.012794882047181128,
    "ball_in_play_rate": 0.2227109156337465,
    "ball_rate": 0.3046781287485006,
    "called_strike_rate": 0.23310675729708116,
    "walk_rate": 0.03438624550179928,
    "strikeout_rate": 0.13594562175129948
  }
}