{
  "stochastic": {
    "pitches": 45407.0,
    "swing_rate": 0.30554760279252097,
    "take_rate": 0.694452397207479,
    "contact_rate": 0.15460171339220824,
    "swing_contact_rate": 0.5059824131468935,
    "foul_rate": 0.02966502962098355,
    "ball_in_play_rate": 0.10436716805778845,
    "ball_rate": 0.3364238993987711,
    "called_strike_rate": 0.10632721827031075,
    "walk_rate": 0.011121633228356862,
    "strikeout_rate": 0.1477965952386196
  },
  "deterministic": {
    "pitches": 2459.0,
    "swing_rate": 0.30459536396909315,
    "take_rate": 0.6954046360309069,
    "contact_rate": 0.1508743391622611,
    "swing_contact_rate": 0.4953271028037383,
    "foul_rate": 0.02887352582350549,
    "ball_in_play_rate": 0.10044733631557544,
    "ball_rate": 0.31720211468076454,
    "called_strike_rate": 0.10451403009353395,
    "walk_rate": 0.0069133794225294835,
    "strikeout_rate": 0.156567710451403
  }
}