POS,total_PO,total_G,avg_PO_per_game
C,184041,23975,7.676371220020855
1B,159276,24321,6.5489083508079435
CF,51945,25158,2.0647507751013596
OF,132500,75710,1.7500990622110686
RF,42289,25965,1.628692470633545
LF,38326,26552,1.4434317565531787
2B,33988,24948,1.362353695687029
SS,26580,23411,1.135363717910384
3B,14874,24458,0.6081445743723934
P,10770,91704,0.11744307772834336
