{
  "stochastic": {
    "pitches_per_pa": 2.8534713638236506,
    "swing_rate": 0.45354944678086023,
    "take_rate": 0.5464505532191397,
    "strikeout_pct": 0.17928512566955088,
    "walk_pct": 0.06494643592913062,
    "first_pitch_strike_pct": 0.3690378289473684,
    "called_strike_pct": 0.14134613649080374,
    "foul_share_est": 0.18971896828691587,
    "swinging_strike_pct": 0.04806598920636067,
    "contact_rate_pa": 0.8207148743304491,
    "bip_final_pct": 0.6965389369592089
  },
  "deterministic": {
    "pitches_per_pa": 2.7737142857142856,
    "swing_rate": 0.4618871034198599,
    "take_rate": 0.53811289658014,
    "strikeout_pct": 0.19885714285714284,
    "walk_pct": 0.05142857142857143,
    "first_pitch_strike_pct": 0.3588571428571429,
    "called_strike_pct": 0.14668314791924186,
    "foul_share_est": 0.17758549649773384,
    "swinging_strike_pct": 0.05644829007004532,
    "contact_rate_pa": 0.8011428571428572,
    "bip_final_pct": 0.6868571428571428
  },
  "stochastic_bucket_share": {
    "zone": 0.7307370854450076,
    "waste": 0.26926291455499246
  },
  "deterministic_bucket_share": {
    "zone": 0.7245677523120225,
    "waste": 0.27543224768797747
  }
}