{
  "stochastic": {
    "pitches": 51189.0,
    "swing_rate": 0.44079782765828596,
    "take_rate": 0.559202172341714,
    "contact_rate": 0.2280763445271445,
    "swing_contact_rate": 0.5174171246232937,
    "foul_rate": 0.015179042372384693,
    "ball_in_play_rate": 0.2128973021547598,
    "ball_rate": 0.3354236261696849,
    "called_strike_rate": 0.22377854617202914,
    "walk_rate": 0.00994354255797144,
    "strikeout_rate": 0.1345992303033855
  },
  "deterministic": {
    "pitches": 2418.0,
    "swing_rate": 0.44623655913978494,
    "take_rate": 0.553763440860215,
    "contact_rate": 0.22870140612076095,
    "swing_contact_rate": 0.5125115848007414,
    "foul_rate": 0.016129032258064516,
    "ball_in_play_rate": 0.21257237386269645,
    "ball_rate": 0.3188585607940447,
    "called_strike_rate": 0.23490488006617039,
    "walk_rate": 0.007857733664185277,
    "strikeout_rate": 0.1480562448304384
  }
}