{
  "stochastic": {
    "pitches": 58305.0,
    "swing_rate": 0.39929680130349027,
    "take_rate": 0.6007031986965098,
    "contact_rate": 0.17276391390103765,
    "swing_contact_rate": 0.4326704179373738,
    "foul_rate": 0.03275876854472172,
    "ball_in_play_rate": 0.1223565731926936,
    "ball_rate": 0.43965354600806106,
    "called_strike_rate": 0.14863219277934997,
    "walk_rate": 0.028539576365663323,
    "strikeout_rate": 0.09566932510076323
  },
  "deterministic": {
    "pitches": 2915.0,
    "swing_rate": 0.4144082332761578,
    "take_rate": 0.5855917667238422,
    "contact_rate": 0.18250428816466552,
    "swing_contact_rate": 0.44039735099337746,
    "foul_rate": 0.035334476843910806,
    "ball_in_play_rate": 0.12727272727272726,
    "ball_rate": 0.43087478559176673,
    "called_strike_rate": 0.14168096054888507,
    "walk_rate": 0.026758147512864493,
    "strikeout_rate": 0.09605488850771869
  }
}