{
  "stochastic": {
    "pitches": 31010.0,
    "swing_rate": 0.40377297645920673,
    "take_rate": 0.5962270235407933,
    "contact_rate": 0.281941309255079,
    "swing_contact_rate": 0.6982669115885313,
    "foul_rate": 0.04227668494034183,
    "ball_in_play_rate": 0.14843598839084166,
    "ball_rate": 0.4271525314414705,
    "called_strike_rate": 0.14240567558851983,
    "walk_rate": 0.022250886810706225,
    "strikeout_rate": 0.06401160915833602
  },
  "deterministic": {
    "pitches": 1444.0,
    "swing_rate": 0.4037396121883656,
    "take_rate": 0.5962603878116344,
    "contact_rate": 0.26385041551246535,
    "swing_contact_rate": 0.6535162950257289,
    "foul_rate": 0.038088642659279776,
    "ball_in_play_rate": 0.15027700831024932,
    "ball_rate": 0.43213296398891965,
    "called_strike_rate": 0.14750692520775624,
    "walk_rate": 0.0221606648199446,
    "strikeout_rate": 0.06578947368421052
  }
}