{
  "metrics": {
    "pitches_per_pa": 3.986869531424803,
    "avg": 0.2133894515322899,
    "obp": 0.287013002406097,
    "slg": 0.406339602788373,
    "ops": 0.6933526051944701,
    "iso": 0.1929501512560831,
    "babip": 0.29898369729528596,
    "k_pct": 0.35341568826030123,
    "bb_pct": 0.08139712896122096,
    "k_minus_bb_pct": 0.27201855929908025,
    "swing_pct": 0.4952400362720165,
    "z_swing_pct": 0.6476215459951031,
    "o_swing_pct": 0.3387281229604881,
    "contact_pct": 0.657919064801837,
    "z_contact_pct": 0.7245911083506612,
    "o_contact_pct": 0.5269921515944284,
    "first_pitch_strike_pct": 0.626270358114394,
    "zone_pct": 0.5066858069489858,
    "pitches_put_in_play_pct": 0.13659013507486273,
    "bip_gb_pct": 0.4223558160153969,
    "bip_ld_pct": 0.22660727028955735,
    "bip_fb_pct": 0.35103691369504575,
    "hr_per_fb_pct": 0.1718279679608183,
    "sb_pct": 0.7960644007155635,
    "sba_per_pa": 0.052663188760789945,
    "bip_double_play_pct": 0.02119239668706615,
    "called_third_strike_share_of_so": 0.12328812768651494
  },
  "mlb_deltas": {
    "pitches_per_pa": 0.12686953142480295,
    "avg": -0.03161054846771011,
    "obp": -0.025986997593902994,
    "slg": 0.014339602788372985,
    "ops": -0.011647394805529898,
    "iso": 0.027950151256083106,
    "babip": 0.007983697295285974,
    "k_pct": 0.13341568826030123,
    "bb_pct": 0.0013971289612209614,
    "k_minus_bb_pct": 0.13201855929908024,
    "swing_pct": 0.02524003627201654,
    "z_swing_pct": -0.0023784540048968905,
    "o_swing_pct": 0.01872812296048809,
    "contact_pct": -0.10208093519816297,
    "z_contact_pct": -0.09540889164933875,
    "o_contact_pct": -0.09300784840557164,
    "first_pitch_strike_pct": 0.026270358114394043,
    "zone_pct": 0.016685806948985804,
    "pitches_put_in_play_pct": -0.03840986492513726,
    "bip_gb_pct": -0.0176441839846031,
    "bip_ld_pct": 0.016607270289557358,
    "bip_fb_pct": 0.0010369136950457714,
    "hr_per_fb_pct": 0.06182796796081831,
    "sb_pct": 0.016064400715563476,
    "sba_per_pa": 0.002663188760789942,
    "bip_double_play_pct": -0.006807603312933851,
    "called_third_strike_share_of_so": -0.10671187231348507
  },
  "flags": [
    {
      "metric": "pitches_per_pa",
      "delta": 0.12686953142480295,
      "tolerance": 0.05
    },
    {
      "metric": "k_pct",
      "delta": 0.13341568826030123,
      "tolerance": 0.02
    },
    {
      "metric": "pitches_put_in_play_pct",
      "delta": -0.03840986492513726,
      "tolerance": 0.03
    },
    {
      "metric": "hr_per_fb_pct",
      "delta": 0.06182796796081831,
      "tolerance": 0.02
    }
  ],
  "leaders": {
    "batting": {
      "avg": [
        {
          "player_id": "P2546",
          "name": "Cyrus Humpal",
          "team_id": "NAS",
          "value": 0.34684684684684686
        },
        {
          "player_id": "P5033",
          "name": "Elijah Hulcy",
          "team_id": "DEN",
          "value": 0.33434190620272314
        },
        {
          "player_id": "P7997",
          "name": "Rob Eckes",
          "team_id": "DAL",
          "value": 0.3244047619047619
        }
      ],
      "hr": [
        {
          "player_id": "P2546",
          "name": "Cyrus Humpal",
          "team_id": "NAS",
          "value": 78.0
        },
        {
          "player_id": "P8496",
          "name": "Isidro Burham",
          "team_id": "BOS",
          "value": 77.0
        },
        {
          "player_id": "P7997",
          "name": "Rob Eckes",
          "team_id": "DAL",
          "value": 73.0
        }
      ],
      "rbi": [
        {
          "player_id": "P8496",
          "name": "Isidro Burham",
          "team_id": "BOS",
          "value": 161.0
        },
        {
          "player_id": "P2546",
          "name": "Cyrus Humpal",
          "team_id": "NAS",
          "value": 159.0
        },
        {
          "player_id": "P3751",
          "name": "Jermaine Robinson",
          "team_id": "NAS",
          "value": 143.0
        }
      ],
      "sb": [
        {
          "player_id": "P7575",
          "name": "Pedro Delgado",
          "team_id": "BOS",
          "value": 66.0
        },
        {
          "player_id": "P5344",
          "name": "Chauncey Domer",
          "team_id": "POR",
          "value": 61.0
        },
        {
          "player_id": "P7691",
          "name": "Hector Diaz",
          "team_id": "HOU",
          "value": 55.0
        }
      ],
      "ops": [
        {
          "player_id": "P2546",
          "name": "Cyrus Humpal",
          "team_id": "NAS",
          "value": 1.2168042874637761
        },
        {
          "player_id": "P5033",
          "name": "Elijah Hulcy",
          "team_id": "DEN",
          "value": 1.1474568875876214
        },
        {
          "player_id": "P7997",
          "name": "Rob Eckes",
          "team_id": "DAL",
          "value": 1.136047619047619
        }
      ]
    },
    "pitching": {
      "era": [
        {
          "player_id": "P4269",
          "name": "Terence Bonawitz",
          "team_id": "NEW",
          "value": 1.9820554649265905
        },
        {
          "player_id": "P4850",
          "name": "Franklin Blann",
          "team_id": "DEN",
          "value": 2.6587436332767402
        },
        {
          "player_id": "P4071",
          "name": "Tyrone Robinson",
          "team_id": "SAN",
          "value": 2.671875
        }
      ],
      "so": [
        {
          "player_id": "P8916",
          "name": "Juan Ramirez",
          "team_id": "POR",
          "value": 329.0
        },
        {
          "player_id": "P7799",
          "name": "Marshall Mcclenahan",
          "team_id": "SEA",
          "value": 320.0
        },
        {
          "player_id": "P9519",
          "name": "Luis Lopez",
          "team_id": "POR",
          "value": 316.0
        }
      ],
      "wins": [
        {
          "player_id": "P2852",
          "name": "Daron Stoneberger",
          "team_id": "BOS",
          "value": 19.0
        },
        {
          "player_id": "P1455",
          "name": "Errol Hults",
          "team_id": "DAL",
          "value": 18.0
        },
        {
          "player_id": "P4098",
          "name": "Pedro Rivera",
          "team_id": "BOS",
          "value": 17.0
        }
      ],
      "saves": [
        {
          "player_id": "P2589",
          "name": "Dion Uimari",
          "team_id": "BOS",
          "value": 57.0
        },
        {
          "player_id": "P1437",
          "name": "Tyrone Young",
          "team_id": "SEA",
          "value": 44.0
        },
        {
          "player_id": "P2681",
          "name": "Shannon Wrobbel",
          "team_id": "DAL",
          "value": 41.0
        }
      ]
    }
  },
  "year": 2027,
  "season_id": "nexgen-long-run-2027",
  "champion": "BOS",
  "runner_up": "NAS"
}