{
  "metrics": {
    "pitches_per_pa": 3.9840798704803024,
    "avg": 0.21368083315800546,
    "obp": 0.29005975013579577,
    "slg": 0.4055859457184936,
    "ops": 0.6956456958542894,
    "iso": 0.19190511256048814,
    "babip": 0.3016544375379726,
    "k_pct": 0.35473615054318497,
    "bb_pct": 0.0833431098805697,
    "k_minus_bb_pct": 0.27139304066261527,
    "swing_pct": 0.4942063340155185,
    "z_swing_pct": 0.6487225905595688,
    "o_swing_pct": 0.33601506537466774,
    "contact_pct": 0.6573735327414646,
    "z_contact_pct": 0.7247276708002082,
    "o_contact_pct": 0.5242444665153235,
    "first_pitch_strike_pct": 0.6257655036486074,
    "zone_pct": 0.5058761171395338,
    "pitches_put_in_play_pct": 0.1354672477509975,
    "bip_gb_pct": 0.4240500826015129,
    "bip_ld_pct": 0.22765411703330146,
    "bip_fb_pct": 0.34829580036518565,
    "hr_per_fb_pct": 0.1725366659781037,
    "sb_pct": 0.7902067464635474,
    "sba_per_pa": 0.05390788146132007,
    "bip_double_play_pct": 0.022454569167898442,
    "called_third_strike_share_of_so": 0.12812117604259682
  },
  "mlb_deltas": {
    "pitches_per_pa": 0.12407987048030256,
    "avg": -0.03131916684199454,
    "obp": -0.022940249864204232,
    "slg": 0.013585945718493586,
    "ops": -0.00935430414571059,
    "iso": 0.026905112560488137,
    "babip": 0.010654437537972627,
    "k_pct": 0.13473615054318497,
    "bb_pct": 0.0033431098805696974,
    "k_minus_bb_pct": 0.13139304066261526,
    "swing_pct": 0.024206334015518527,
    "z_swing_pct": -0.0012774094404311986,
    "o_swing_pct": 0.016015065374667736,
    "contact_pct": -0.10262646725853541,
    "z_contact_pct": -0.09527232919979178,
    "o_contact_pct": -0.09575553348467647,
    "first_pitch_strike_pct": 0.025765503648607413,
    "zone_pct": 0.015876117139533852,
    "pitches_put_in_play_pct": -0.03953275224900249,
    "bip_gb_pct": -0.015949917398487112,
    "bip_ld_pct": 0.01765411703330147,
    "bip_fb_pct": -0.0017041996348143296,
    "hr_per_fb_pct": 0.06253666597810369,
    "sb_pct": 0.010206746463547356,
    "sba_per_pa": 0.003907881461320067,
    "bip_double_play_pct": -0.005545430832101558,
    "called_third_strike_share_of_so": -0.10187882395740319
  },
  "flags": [
    {
      "metric": "pitches_per_pa",
      "delta": 0.12407987048030256,
      "tolerance": 0.05
    },
    {
      "metric": "k_pct",
      "delta": 0.13473615054318497,
      "tolerance": 0.02
    },
    {
      "metric": "pitches_put_in_play_pct",
      "delta": -0.03953275224900249,
      "tolerance": 0.03
    },
    {
      "metric": "hr_per_fb_pct",
      "delta": 0.06253666597810369,
      "tolerance": 0.02
    }
  ],
  "leaders": {
    "batting": {
      "avg": [
        {
          "player_id": "P7299",
          "name": "Thaddeus Starnes",
          "team_id": "BOS",
          "value": 0.3293718166383701
        },
        {
          "player_id": "P8496",
          "name": "Isidro Burham",
          "team_id": "BOS",
          "value": 0.3241491085899514
        },
        {
          "player_id": "P5033",
          "name": "Elijah Hulcy",
          "team_id": "DEN",
          "value": 0.3237518910741301
        }
      ],
      "hr": [
        {
          "player_id": "P5033",
          "name": "Elijah Hulcy",
          "team_id": "DEN",
          "value": 73.0
        },
        {
          "player_id": "P8496",
          "name": "Isidro Burham",
          "team_id": "BOS",
          "value": 65.0
        },
        {
          "player_id": "P3751",
          "name": "Jermaine Robinson",
          "team_id": "NAS",
          "value": 62.0
        }
      ],
      "rbi": [
        {
          "player_id": "P5033",
          "name": "Elijah Hulcy",
          "team_id": "DEN",
          "value": 148.0
        },
        {
          "player_id": "P9488",
          "name": "Francisco Morales",
          "team_id": "BOS",
          "value": 143.0
        },
        {
          "player_id": "P8496",
          "name": "Isidro Burham",
          "team_id": "BOS",
          "value": 136.0
        }
      ],
      "sb": [
        {
          "player_id": "P3382",
          "name": "Raul Ramos",
          "team_id": "POR",
          "value": 62.0
        },
        {
          "player_id": "P4386",
          "name": "Roberto Rodriguez",
          "team_id": "SAN",
          "value": 60.0
        },
        {
          "player_id": "P1757",
          "name": "Scott Bosshardt",
          "team_id": "MIL",
          "value": 59.0
        }
      ],
      "ops": [
        {
          "player_id": "P8496",
          "name": "Isidro Burham",
          "team_id": "BOS",
          "value": 1.13173410418143
        },
        {
          "player_id": "P5033",
          "name": "Elijah Hulcy",
          "team_id": "DEN",
          "value": 1.1270884372555536
        },
        {
          "player_id": "P6400",
          "name": "Brendan Brienen",
          "team_id": "SAN",
          "value": 1.1058823529411765
        }
      ]
    },
    "pitching": {
      "era": [
        {
          "player_id": "P4392",
          "name": "Leroy Young",
          "team_id": "LOS",
          "value": 2.151219512195122
        },
        {
          "player_id": "P7925",
          "name": "Hector Lopez",
          "team_id": "HOU",
          "value": 2.4633273703041145
        },
        {
          "player_id": "P4190",
          "name": "Jermaine Mitchell",
          "team_id": "DAL",
          "value": 2.829896907216495
        }
      ],
      "so": [
        {
          "player_id": "P8916",
          "name": "Juan Ramirez",
          "team_id": "POR",
          "value": 357.0
        },
        {
          "player_id": "P5855",
          "name": "Malik Jackson",
          "team_id": "HOU",
          "value": 345.0
        },
        {
          "player_id": "P1455",
          "name": "Errol Hults",
          "team_id": "DAL",
          "value": 325.0
        }
      ],
      "wins": [
        {
          "player_id": "P4448",
          "name": "Jeromy Zanni",
          "team_id": "DAL",
          "value": 17.0
        },
        {
          "player_id": "P6451",
          "name": "Jose Torres",
          "team_id": "BOS",
          "value": 17.0
        },
        {
          "player_id": "P1967",
          "name": "Ira Chomka",
          "team_id": "MIL",
          "value": 17.0
        }
      ],
      "saves": [
        {
          "player_id": "P2589",
          "name": "Dion Uimari",
          "team_id": "BOS",
          "value": 53.0
        },
        {
          "player_id": "P2681",
          "name": "Shannon Wrobbel",
          "team_id": "DAL",
          "value": 49.0
        },
        {
          "player_id": "P6020",
          "name": "Deshawn White",
          "team_id": "DEN",
          "value": 42.0
        }
      ]
    }
  },
  "year": 2026,
  "season_id": "nexgen-long-run-2026",
  "champion": "MIL",
  "runner_up": "BOS"
}