{
  "metrics": {
    "pitches_per_pa": 3.98241070591544,
    "avg": 0.21329962801907057,
    "obp": 0.2878303633554657,
    "slg": 0.3991853093728716,
    "ops": 0.6870156727283373,
    "iso": 0.18588568135380104,
    "babip": 0.30361636685618415,
    "k_pct": 0.35742242429924065,
    "bb_pct": 0.08150135933252085,
    "k_minus_bb_pct": 0.2759210649667198,
    "swing_pct": 0.4950992075752627,
    "z_swing_pct": 0.6499005316611794,
    "o_swing_pct": 0.33662440674332605,
    "contact_pct": 0.6519589197413466,
    "z_contact_pct": 0.7172751438774871,
    "o_contact_pct": 0.5228643705000973,
    "first_pitch_strike_pct": 0.6244023624261742,
    "zone_pct": 0.5058630014447848,
    "pitches_put_in_play_pct": 0.13548903464246725,
    "bip_gb_pct": 0.42165273102399825,
    "bip_ld_pct": 0.2278640460419155,
    "bip_fb_pct": 0.35048322293408624,
    "hr_per_fb_pct": 0.16784406744701696,
    "sb_pct": 0.7810479375696767,
    "sba_per_pa": 0.05255695134527046,
    "bip_double_play_pct": 0.020501683136062546,
    "called_third_strike_share_of_so": 0.12170092783843153
  },
  "mlb_deltas": {
    "pitches_per_pa": 0.12241070591544023,
    "avg": -0.031700371980929426,
    "obp": -0.02516963664453431,
    "slg": 0.0071853093728715955,
    "ops": -0.01798432727166266,
    "iso": 0.020885681353801033,
    "babip": 0.012616366856184169,
    "k_pct": 0.13742242429924065,
    "bb_pct": 0.0015013593325208519,
    "k_minus_bb_pct": 0.1359210649667198,
    "swing_pct": 0.02509920757526274,
    "z_swing_pct": -9.946833882057415e-05,
    "o_swing_pct": 0.016624406743326048,
    "contact_pct": -0.10804108025865344,
    "z_contact_pct": -0.10272485612251281,
    "o_contact_pct": -0.09713562949990273,
    "first_pitch_strike_pct": 0.024402362426174218,
    "zone_pct": 0.015863001444784808,
    "pitches_put_in_play_pct": -0.039510965357532735,
    "bip_gb_pct": -0.01834726897600175,
    "bip_ld_pct": 0.01786404604191552,
    "bip_fb_pct": 0.00048322293408625816,
    "hr_per_fb_pct": 0.057844067447016964,
    "sb_pct": 0.0010479375696766935,
    "sba_per_pa": 0.00255695134527046,
    "bip_double_play_pct": -0.007498316863937454,
    "called_third_strike_share_of_so": -0.10829907216156848
  },
  "flags": [
    {
      "metric": "pitches_per_pa",
      "delta": 0.12241070591544023,
      "tolerance": 0.05
    },
    {
      "metric": "k_pct",
      "delta": 0.13742242429924065,
      "tolerance": 0.02
    },
    {
      "metric": "pitches_put_in_play_pct",
      "delta": -0.039510965357532735,
      "tolerance": 0.03
    },
    {
      "metric": "hr_per_fb_pct",
      "delta": 0.057844067447016964,
      "tolerance": 0.02
    }
  ],
  "leaders": {
    "batting": {
      "avg": [
        {
          "player_id": "P3510",
          "name": "Ismael Sochan",
          "team_id": "MIL",
          "value": 0.3564356435643564
        },
        {
          "player_id": "P6400",
          "name": "Brendan Brienen",
          "team_id": "SAN",
          "value": 0.31545741324921134
        },
        {
          "player_id": "P7997",
          "name": "Rob Eckes",
          "team_id": "DAL",
          "value": 0.300763358778626
        }
      ],
      "hr": [
        {
          "player_id": "P3510",
          "name": "Ismael Sochan",
          "team_id": "MIL",
          "value": 72.0
        },
        {
          "player_id": "P6400",
          "name": "Brendan Brienen",
          "team_id": "SAN",
          "value": 69.0
        },
        {
          "player_id": "P7997",
          "name": "Rob Eckes",
          "team_id": "DAL",
          "value": 60.0
        }
      ],
      "rbi": [
        {
          "player_id": "P3510",
          "name": "Ismael Sochan",
          "team_id": "MIL",
          "value": 162.0
        },
        {
          "player_id": "P6400",
          "name": "Brendan Brienen",
          "team_id": "SAN",
          "value": 143.0
        },
        {
          "player_id": "P9648",
          "name": "Joey Vos",
          "team_id": "SAN",
          "value": 129.0
        }
      ],
      "sb": [
        {
          "player_id": "P9478",
          "name": "Mohammed Donica",
          "team_id": "MIL",
          "value": 54.0
        },
        {
          "player_id": "P9600",
          "name": "Adolfo Gessford",
          "team_id": "WAS",
          "value": 53.0
        },
        {
          "player_id": "P3382",
          "name": "Raul Ramos",
          "team_id": "POR",
          "value": 52.0
        }
      ],
      "ops": [
        {
          "player_id": "P3510",
          "name": "Ismael Sochan",
          "team_id": "MIL",
          "value": 1.2354105998835179
        },
        {
          "player_id": "P6400",
          "name": "Brendan Brienen",
          "team_id": "SAN",
          "value": 1.1102274144967832
        },
        {
          "player_id": "P7997",
          "name": "Rob Eckes",
          "team_id": "DAL",
          "value": 1.0353074406509521
        }
      ]
    },
    "pitching": {
      "era": [
        {
          "player_id": "P6392",
          "name": "Randolph Smerkar",
          "team_id": "DEN",
          "value": 2.2302284710017575
        },
        {
          "player_id": "P7584",
          "name": "Francisco Sanchez",
          "team_id": "SAN1",
          "value": 2.2654109589041096
        },
        {
          "player_id": "P1455",
          "name": "Errol Hults",
          "team_id": "DAL",
          "value": 2.5380875202593196
        }
      ],
      "so": [
        {
          "player_id": "P2776",
          "name": "Sung Li",
          "team_id": "BOS",
          "value": 307.0
        },
        {
          "player_id": "P7943",
          "name": "Alejandro Lopez",
          "team_id": "SAN1",
          "value": 306.0
        },
        {
          "player_id": "P2805",
          "name": "Mac Laurenceau",
          "team_id": "DAL",
          "value": 302.0
        }
      ],
      "wins": [
        {
          "player_id": "P1455",
          "name": "Errol Hults",
          "team_id": "DAL",
          "value": 15.0
        },
        {
          "player_id": "P1453",
          "name": "Refugio Stettler",
          "team_id": "NAS",
          "value": 15.0
        },
        {
          "player_id": "P4360",
          "name": "Carlos Flores",
          "team_id": "SEA",
          "value": 15.0
        }
      ],
      "saves": [
        {
          "player_id": "P2681",
          "name": "Shannon Wrobbel",
          "team_id": "DAL",
          "value": 46.0
        },
        {
          "player_id": "P1437",
          "name": "Tyrone Young",
          "team_id": "SEA",
          "value": 44.0
        },
        {
          "player_id": "P2589",
          "name": "Dion Uimari",
          "team_id": "BOS",
          "value": 35.0
        }
      ]
    }
  },
  "year": 2025,
  "season_id": "nexgen-long-run-2025",
  "champion": "DAL",
  "runner_up": "MIL"
}