{
  "stochastic": {
    "pitches": 51361.0,
    "swing_rate": 0.44847257646852673,
    "take_rate": 0.5515274235314733,
    "contact_rate": 0.22978524561437666,
    "swing_contact_rate": 0.5123730138056786,
    "foul_rate": 0.016685812192130216,
    "ball_in_play_rate": 0.21309943342224646,
    "ball_rate": 0.3273106053231051,
    "called_strike_rate": 0.22421681820836822,
    "walk_rate": 0.00903409201534238,
    "strikeout_rate": 0.13516091976402328
  },
  "deterministic": {
    "pitches": 2409.0,
    "swing_rate": 0.43669572436695725,
    "take_rate": 0.5633042756330428,
    "contact_rate": 0.2175176421751764,
    "swing_contact_rate": 0.49809885931558934,
    "foul_rate": 0.0186799501867995,
    "ball_in_play_rate": 0.19883769198837692,
    "ball_rate": 0.32918223329182233,
    "called_strike_rate": 0.23412204234122042,
    "walk_rate": 0.009547530095475302,
    "strikeout_rate": 0.1490244914902449
  }
}