{
  "stochastic": {
    "pitches": 50859.0,
    "swing_rate": 0.44452309325783046,
    "take_rate": 0.5554769067421695,
    "contact_rate": 0.2263906093316817,
    "swing_contact_rate": 0.5092887473460722,
    "foul_rate": 0.015080909966770877,
    "ball_in_play_rate": 0.21130969936491084,
    "ball_rate": 0.3287520399535972,
    "called_strike_rate": 0.22672486678857232,
    "walk_rate": 0.009162586759472267,
    "strikeout_rate": 0.1365933266481842
  },
  "deterministic": {
    "pitches": 2415.0,
    "swing_rate": 0.45507246376811594,
    "take_rate": 0.5449275362318841,
    "contact_rate": 0.2331262939958592,
    "swing_contact_rate": 0.5122838944494995,
    "foul_rate": 0.014906832298136646,
    "ball_in_play_rate": 0.21821946169772258,
    "ball_rate": 0.3204968944099379,
    "called_strike_rate": 0.22443064182194616,
    "walk_rate": 0.008695652173913044,
    "strikeout_rate": 0.1391304347826087
  }
}