{
  "stochastic": {
    "pitches": 43498.0,
    "swing_rate": 0.25302312750011496,
    "take_rate": 0.7469768724998851,
    "contact_rate": 0.22538967308841787,
    "swing_contact_rate": 0.8907868435398874,
    "foul_rate": 0.05099085015403007,
    "ball_in_play_rate": 0.08784311922387236,
    "ball_rate": 0.3473952825417261,
    "called_strike_rate": 0.10754517449078119,
    "walk_rate": 0.013173019449170077,
    "strikeout_rate": 0.14931720998666606
  },
  "deterministic": {
    "pitches": 2403.0,
    "swing_rate": 0.2550977944236371,
    "take_rate": 0.7449022055763629,
    "contact_rate": 0.23761964211402414,
    "swing_contact_rate": 0.9314845024469821,
    "foul_rate": 0.0599250936329588,
    "ball_in_play_rate": 0.08863920099875156,
    "ball_rate": 0.354140657511444,
    "called_strike_rate": 0.10362047440699126,
    "walk_rate": 0.012900540990428632,
    "strikeout_rate": 0.14606741573033707
  }
}