{
  "stochastic": {
    "pitches": 34623.0,
    "swing_rate": 0.3237732143372902,
    "take_rate": 0.6762267856627098,
    "contact_rate": 0.25038269358518905,
    "swing_contact_rate": 0.7733273862622658,
    "foul_rate": 0.036449758830835,
    "ball_in_play_rate": 0.12575455621985385,
    "ball_rate": 0.48589088178378537,
    "called_strike_rate": 0.1627819657453138,
    "walk_rate": 0.03610316841406002,
    "strikeout_rate": 0.05880484071282096
  },
  "deterministic": {
    "pitches": 1582.0,
    "swing_rate": 0.3280657395701643,
    "take_rate": 0.6719342604298356,
    "contact_rate": 0.2547408343868521,
    "swing_contact_rate": 0.7764932562620424,
    "foul_rate": 0.035398230088495575,
    "ball_in_play_rate": 0.1359039190897598,
    "ball_rate": 0.4804045512010114,
    "called_strike_rate": 0.16624525916561314,
    "walk_rate": 0.04108723135271808,
    "strikeout_rate": 0.056890012642225034
  }
}