{
  "stochastic": {
    "pitches": 52290.0,
    "swing_rate": 0.44209217823675656,
    "take_rate": 0.5579078217632435,
    "contact_rate": 0.2261617900172117,
    "swing_contact_rate": 0.5115715707055414,
    "foul_rate": 0.014763817173455727,
    "ball_in_play_rate": 0.21139797284375597,
    "ball_rate": 0.3367947982405814,
    "called_strike_rate": 0.22111302352266207,
    "walk_rate": 0.014228341939185313,
    "strikeout_rate": 0.1288774144195831
  },
  "deterministic": {
    "pitches": 2801.0,
    "swing_rate": 0.432345590860407,
    "take_rate": 0.567654409139593,
    "contact_rate": 0.21028204212781149,
    "swing_contact_rate": 0.48637489677952106,
    "foul_rate": 0.013923598714744734,
    "ball_in_play_rate": 0.19635844341306677,
    "ball_rate": 0.34666190646197786,
    "called_strike_rate": 0.22099250267761514,
    "walk_rate": 0.01570867547304534,
    "strikeout_rate": 0.1270974651910032
  }
}