{
  "stochastic": {
    "pitches": 52363.0,
    "swing_rate": 0.451635696961595,
    "take_rate": 0.548364303038405,
    "contact_rate": 0.22888298989744668,
    "swing_contact_rate": 0.5067867563110491,
    "foul_rate": 0.015755399805205968,
    "ball_in_play_rate": 0.2131275900922407,
    "ball_rate": 0.3349120562229055,
    "called_strike_rate": 0.21345224681549949,
    "walk_rate": 0.008632049347821935,
    "strikeout_rate": 0.13245994308958617
  },
  "deterministic": {
    "pitches": 2500.0,
    "swing_rate": 0.4344,
    "take_rate": 0.5656,
    "contact_rate": 0.2176,
    "swing_contact_rate": 0.5009208103130756,
    "foul_rate": 0.016,
    "ball_in_play_rate": 0.2016,
    "ball_rate": 0.3464,
    "called_strike_rate": 0.2192,
    "walk_rate": 0.0092,
    "strikeout_rate": 0.1368
  }
}