{
  "seasons": [
    {
      "year": 2025,
      "flags": [
        {
          "metric": "k_pct",
          "delta": 0.03574706004666958,
          "tolerance": 0.02
        }
      ]
    },
    {
      "year": 2026,
      "flags": [
        {
          "metric": "k_pct",
          "delta": 0.031095429177620953,
          "tolerance": 0.02
        }
      ]
    }
  ],
  "metric_totals": {
    "pitches_per_pa": {
      "max_abs_delta": 0.01545918720975914,
      "avg_abs_delta": 0.014413787138388257
    },
    "avg": {
      "max_abs_delta": 0.011871086102503592,
      "avg_abs_delta": 0.01154013981394894
    },
    "obp": {
      "max_abs_delta": 0.006243274609474714,
      "avg_abs_delta": 0.00623071309913098
    },
    "slg": {
      "max_abs_delta": 0.011338283892539158,
      "avg_abs_delta": 0.006606325106948446
    },
    "ops": {
      "max_abs_delta": 0.01755643548132635,
      "avg_abs_delta": 0.012837038206079399
    },
    "iso": {
      "max_abs_delta": 0.018129090367144857,
      "avg_abs_delta": 0.013066185292999494
    },
    "babip": {
      "max_abs_delta": 0.005814617491464391,
      "avg_abs_delta": 0.0032279260689201394
    },
    "k_pct": {
      "max_abs_delta": 0.03574706004666958,
      "avg_abs_delta": 0.03342124461214527
    },
    "bb_pct": {
      "max_abs_delta": 0.004382639177159725,
      "avg_abs_delta": 0.004240160935066933
    },
    "k_minus_bb_pct": {
      "max_abs_delta": 0.03164937735369544,
      "avg_abs_delta": 0.029181083677078334
    },
    "swing_pct": {
      "max_abs_delta": 0.018121959787326558,
      "avg_abs_delta": 0.018068872991078067
    },
    "z_swing_pct": {
      "max_abs_delta": 0.006885025560961933,
      "avg_abs_delta": 0.005749431631579982
    },
    "o_swing_pct": {
      "max_abs_delta": 0.007965064867418492,
      "avg_abs_delta": 0.006932862337973494
    },
    "contact_pct": {
      "max_abs_delta": 0.008471704672281644,
      "avg_abs_delta": 0.006395135506900851
    },
    "z_contact_pct": {
      "max_abs_delta": 0.020214754857874828,
      "avg_abs_delta": 0.01872709779545445
    },
    "o_contact_pct": {
      "max_abs_delta": 0.0032388409758259407,
      "avg_abs_delta": 0.002579188896464024
    },
    "first_pitch_strike_pct": {
      "max_abs_delta": 0.029485017212300457,
      "avg_abs_delta": 0.02726268756468536
    },
    "zone_pct": {
      "max_abs_delta": 0.01785583770265553,
      "avg_abs_delta": 0.01780688787316076
    },
    "pitches_put_in_play_pct": {
      "max_abs_delta": 0.009930532992729862,
      "avg_abs_delta": 0.009436574628803582
    },
    "bip_gb_pct": {
      "max_abs_delta": 0.016889739607786503,
      "avg_abs_delta": 0.015791815896648853
    },
    "bip_ld_pct": {
      "max_abs_delta": 0.011261150637437267,
      "avg_abs_delta": 0.01016608023974909
    },
    "bip_fb_pct": {
      "max_abs_delta": 0.005628588970349235,
      "avg_abs_delta": 0.005625735656899777
    },
    "hr_per_fb_pct": {
      "max_abs_delta": 0.008776925885359624,
      "avg_abs_delta": 0.0044236852695968484
    },
    "sb_pct": {
      "max_abs_delta": 0.019070847851335615,
      "avg_abs_delta": 0.011140965897957933
    },
    "sba_per_pa": {
      "max_abs_delta": 0.009568285595682853,
      "avg_abs_delta": 0.00813245506824782
    },
    "bip_double_play_pct": {
      "max_abs_delta": 0.0052144637062799155,
      "avg_abs_delta": 0.004409247093849265
    },
    "called_third_strike_share_of_so": {
      "max_abs_delta": 0.031075025972266135,
      "avg_abs_delta": 0.03033545567533219
    }
  }
}