{
  "metrics": {
    "pitches_per_pa": 3.8733683870670172,
    "avg": 0.2331289138974964,
    "obp": 0.3067567253905253,
    "slg": 0.3901256336786423,
    "ops": 0.6968823590691675,
    "iso": 0.15699671978114588,
    "babip": 0.2903587653536241,
    "k_pct": 0.25109542917762095,
    "bb_pct": 0.08438263917715973,
    "k_minus_bb_pct": 0.16671279000046124,
    "swing_pct": 0.48812195978732653,
    "z_swing_pct": 0.645386162297802,
    "o_swing_pct": 0.3259006598085285,
    "contact_pct": 0.7684717046722817,
    "z_contact_pct": 0.8402147548578748,
    "o_contact_pct": 0.6219195368171021,
    "first_pitch_strike_pct": 0.6250403579170702,
    "zone_pct": 0.507757938043666,
    "pitches_put_in_play_pct": 0.1660573837351227,
    "bip_gb_pct": 0.4253061078144888,
    "bip_ld_pct": 0.2190710098420609,
    "bip_fb_pct": 0.3556228823434503,
    "hr_per_fb_pct": 0.10992955534616593,
    "sb_pct": 0.7990708478513356,
    "sba_per_pa": 0.059568285595682856,
    "bip_double_play_pct": 0.022785536293720085,
    "called_third_strike_share_of_so": 0.20040411462160176
  },
  "mlb_deltas": {
    "pitches_per_pa": 0.013368387067017373,
    "avg": -0.011871086102503592,
    "obp": -0.006243274609474714,
    "slg": -0.0018743663213577344,
    "ops": -0.008117640930832448,
    "iso": -0.00800328021885413,
    "babip": -0.0006412346463758878,
    "k_pct": 0.031095429177620953,
    "bb_pct": 0.004382639177159725,
    "k_minus_bb_pct": 0.02671279000046123,
    "swing_pct": 0.018121959787326558,
    "z_swing_pct": -0.0046138377021980315,
    "o_swing_pct": 0.005900659808528497,
    "contact_pct": 0.008471704672281644,
    "z_contact_pct": 0.020214754857874828,
    "o_contact_pct": 0.0019195368171021077,
    "first_pitch_strike_pct": 0.025040357917070266,
    "zone_pct": 0.01775793804366599,
    "pitches_put_in_play_pct": -0.008942616264877301,
    "bip_gb_pct": -0.014693892185511204,
    "bip_ld_pct": 0.009071009842060912,
    "bip_fb_pct": 0.0056228823434503195,
    "hr_per_fb_pct": -7.044465383407306e-05,
    "sb_pct": 0.019070847851335615,
    "sba_per_pa": 0.009568285595682853,
    "bip_double_play_pct": -0.0052144637062799155,
    "called_third_strike_share_of_so": -0.029595885378398246
  },
  "flags": [
    {
      "metric": "k_pct",
      "delta": 0.031095429177620953,
      "tolerance": 0.02
    }
  ],
  "leaders": {
    "batting": {
      "avg": [
        {
          "player_id": "P4026",
          "name": "Yong Singh",
          "team_id": "LOS",
          "value": 0.33384853168469864
        },
        {
          "player_id": "P1425",
          "name": "Marquis Caricofe",
          "team_id": "JAC",
          "value": 0.3328335832083958
        },
        {
          "player_id": "P6905",
          "name": "Tom Arner",
          "team_id": "IND",
          "value": 0.32618683001531396
        }
      ],
      "hr": [
        {
          "player_id": "P8269",
          "name": "Fernando Reyes",
          "team_id": "DET",
          "value": 52.0
        },
        {
          "player_id": "P6905",
          "name": "Tom Arner",
          "team_id": "IND",
          "value": 51.0
        },
        {
          "player_id": "P9372",
          "name": "Pedro Mendoza",
          "team_id": "SEA",
          "value": 51.0
        }
      ],
      "rbi": [
        {
          "player_id": "P6905",
          "name": "Tom Arner",
          "team_id": "IND",
          "value": 136.0
        },
        {
          "player_id": "P8046",
          "name": "Luis Martinez",
          "team_id": "ALB",
          "value": 127.0
        },
        {
          "player_id": "P8269",
          "name": "Fernando Reyes",
          "team_id": "DET",
          "value": 125.0
        }
      ],
      "sb": [
        {
          "player_id": "P5180",
          "name": "Eduardo Hernandez",
          "team_id": "ELP",
          "value": 63.0
        },
        {
          "player_id": "P3217",
          "name": "Rodger Net",
          "team_id": "ELP",
          "value": 63.0
        },
        {
          "player_id": "P8910",
          "name": "Justin Plevin",
          "team_id": "NAS",
          "value": 60.0
        }
      ],
      "ops": [
        {
          "player_id": "P4026",
          "name": "Yong Singh",
          "team_id": "LOS",
          "value": 1.0700748359546997
        },
        {
          "player_id": "P6905",
          "name": "Tom Arner",
          "team_id": "IND",
          "value": 1.0566531129534773
        },
        {
          "player_id": "P1425",
          "name": "Marquis Caricofe",
          "team_id": "JAC",
          "value": 1.0466052114504996
        }
      ]
    },
    "pitching": {
      "era": [
        {
          "player_id": "P4183",
          "name": "Noble Macri",
          "team_id": "DAL",
          "value": 2.433673469387755
        },
        {
          "player_id": "P5092",
          "name": "Cole Gilday",
          "team_id": "AUS",
          "value": 2.469184890656064
        },
        {
          "player_id": "P8999",
          "name": "Kyle Kornn",
          "team_id": "LOS",
          "value": 2.705521472392638
        }
      ],
      "so": [
        {
          "player_id": "P4035",
          "name": "Pedro Diaz",
          "team_id": "DAL",
          "value": 272.0
        },
        {
          "player_id": "P5106",
          "name": "Darnell Walker",
          "team_id": "SAN",
          "value": 254.0
        },
        {
          "player_id": "P5336",
          "name": "Jermaine Allen",
          "team_id": "JAC",
          "value": 245.0
        }
      ],
      "wins": [
        {
          "player_id": "P3242",
          "name": "Eldridge Jayme",
          "team_id": "BAL",
          "value": 16.0
        },
        {
          "player_id": "P2611",
          "name": "Yong Le",
          "team_id": "LOS",
          "value": 15.0
        },
        {
          "player_id": "P1143",
          "name": "Jorge Hernandez",
          "team_id": "IND",
          "value": 15.0
        }
      ],
      "saves": [
        {
          "player_id": "P4294",
          "name": "Benedict Neiner",
          "team_id": "DAL",
          "value": 44.0
        },
        {
          "player_id": "P5298",
          "name": "Antonio Rodriguez",
          "team_id": "SEA",
          "value": 42.0
        },
        {
          "player_id": "P4086",
          "name": "Tanner Stoutner",
          "team_id": "LAS",
          "value": 39.0
        }
      ]
    }
  },
  "year": 2026,
  "season_id": "nexgen-long-run-2026",
  "champion": "ALB",
  "runner_up": "AUS"
}