{
  "metrics": {
    "pitches_per_pa": 3.875459187209759,
    "avg": 0.2337908064746057,
    "obp": 0.30678184841121275,
    "slg": 0.38066171610746086,
    "ops": 0.6874435645186736,
    "iso": 0.14687090963285515,
    "babip": 0.29681461749146437,
    "k_pct": 0.2557470600466696,
    "bb_pct": 0.08409768269297414,
    "k_minus_bb_pct": 0.17164937735369545,
    "swing_pct": 0.48801578619482955,
    "z_swing_pct": 0.6431149744390381,
    "o_swing_pct": 0.3279650648674185,
    "contact_pct": 0.7643185663415201,
    "z_contact_pct": 0.837239440733034,
    "o_contact_pct": 0.616761159024174,
    "first_pitch_strike_pct": 0.6294850172123004,
    "zone_pct": 0.5078558377026555,
    "pitches_put_in_play_pct": 0.16506946700727013,
    "bip_gb_pct": 0.4231102603922135,
    "bip_ld_pct": 0.22126115063743726,
    "bip_fb_pct": 0.3556285889703492,
    "hr_per_fb_pct": 0.10122307411464038,
    "sb_pct": 0.7832110839445803,
    "sba_per_pa": 0.05669662454081279,
    "bip_double_play_pct": 0.024395969518581386,
    "called_third_strike_share_of_so": 0.19892497402773388
  },
  "mlb_deltas": {
    "pitches_per_pa": 0.01545918720975914,
    "avg": -0.01120919352539429,
    "obp": -0.006218151588787246,
    "slg": -0.011338283892539158,
    "ops": -0.01755643548132635,
    "iso": -0.018129090367144857,
    "babip": 0.005814617491464391,
    "k_pct": 0.03574706004666958,
    "bb_pct": 0.004097682692974142,
    "k_minus_bb_pct": 0.03164937735369544,
    "swing_pct": 0.018015786194829575,
    "z_swing_pct": -0.006885025560961933,
    "o_swing_pct": 0.007965064867418492,
    "contact_pct": 0.004318566341520058,
    "z_contact_pct": 0.017239440733034073,
    "o_contact_pct": -0.0032388409758259407,
    "first_pitch_strike_pct": 0.029485017212300457,
    "zone_pct": 0.01785583770265553,
    "pitches_put_in_play_pct": -0.009930532992729862,
    "bip_gb_pct": -0.016889739607786503,
    "bip_ld_pct": 0.011261150637437267,
    "bip_fb_pct": 0.005628588970349235,
    "hr_per_fb_pct": -0.008776925885359624,
    "sb_pct": 0.003211083944580251,
    "sba_per_pa": 0.006696624540812789,
    "bip_double_play_pct": -0.0036040304814186144,
    "called_third_strike_share_of_so": -0.031075025972266135
  },
  "flags": [
    {
      "metric": "k_pct",
      "delta": 0.03574706004666958,
      "tolerance": 0.02
    }
  ],
  "leaders": {
    "batting": {
      "avg": [
        {
          "player_id": "P4026",
          "name": "Yong Singh",
          "team_id": "LOS",
          "value": 0.32440944881889766
        },
        {
          "player_id": "P8686",
          "name": "Jermaine Washington",
          "team_id": "NAS",
          "value": 0.31981279251170047
        },
        {
          "player_id": "P9372",
          "name": "Pedro Mendoza",
          "team_id": "SEA",
          "value": 0.31212121212121213
        }
      ],
      "hr": [
        {
          "player_id": "P4026",
          "name": "Yong Singh",
          "team_id": "LOS",
          "value": 51.0
        },
        {
          "player_id": "P8686",
          "name": "Jermaine Washington",
          "team_id": "NAS",
          "value": 48.0
        },
        {
          "player_id": "P2902",
          "name": "Edison Pavlick",
          "team_id": "SAN",
          "value": 48.0
        }
      ],
      "rbi": [
        {
          "player_id": "P4026",
          "name": "Yong Singh",
          "team_id": "LOS",
          "value": 139.0
        },
        {
          "player_id": "P8686",
          "name": "Jermaine Washington",
          "team_id": "NAS",
          "value": 122.0
        },
        {
          "player_id": "P8046",
          "name": "Luis Martinez",
          "team_id": "ALB",
          "value": 119.0
        }
      ],
      "sb": [
        {
          "player_id": "P3217",
          "name": "Rodger Net",
          "team_id": "ELP",
          "value": 60.0
        },
        {
          "player_id": "P9033",
          "name": "Hector Delgado",
          "team_id": "LAS",
          "value": 57.0
        },
        {
          "player_id": "P5453",
          "name": "Omar Gavel",
          "team_id": "PHI",
          "value": 56.0
        }
      ],
      "ops": [
        {
          "player_id": "P4026",
          "name": "Yong Singh",
          "team_id": "LOS",
          "value": 1.0722230334617588
        },
        {
          "player_id": "P8686",
          "name": "Jermaine Washington",
          "team_id": "NAS",
          "value": 1.0376191179334415
        },
        {
          "player_id": "P9372",
          "name": "Pedro Mendoza",
          "team_id": "SEA",
          "value": 0.9951958610495195
        }
      ]
    },
    "pitching": {
      "era": [
        {
          "player_id": "P4830",
          "name": "Kurt Gangemi",
          "team_id": "BAL",
          "value": 2.661290322580645
        },
        {
          "player_id": "P8740",
          "name": "Eduardo Torres",
          "team_id": "NAS",
          "value": 2.7996485061511427
        },
        {
          "player_id": "P4183",
          "name": "Noble Macri",
          "team_id": "DAL",
          "value": 2.882562277580071
        }
      ],
      "so": [
        {
          "player_id": "P8127",
          "name": "Jermaine Carter",
          "team_id": "LAS",
          "value": 234.0
        },
        {
          "player_id": "P4798",
          "name": "Kerry Torry",
          "team_id": "SAN",
          "value": 225.0
        },
        {
          "player_id": "P1518",
          "name": "Leonard Rita",
          "team_id": "BAL",
          "value": 223.0
        }
      ],
      "wins": [
        {
          "player_id": "P8724",
          "name": "Ernesto Kammel",
          "team_id": "NAS",
          "value": 17.0
        },
        {
          "player_id": "P5781",
          "name": "Jermaine Harris",
          "team_id": "LOS",
          "value": 16.0
        },
        {
          "player_id": "P7872",
          "name": "Lee Brugal",
          "team_id": "LAS",
          "value": 16.0
        }
      ],
      "saves": [
        {
          "player_id": "P7911",
          "name": "Cedric Baker",
          "team_id": "NAS",
          "value": 46.0
        },
        {
          "player_id": "P4086",
          "name": "Tanner Stoutner",
          "team_id": "LAS",
          "value": 41.0
        },
        {
          "player_id": "P5298",
          "name": "Antonio Rodriguez",
          "team_id": "SEA",
          "value": 40.0
        }
      ]
    }
  },
  "year": 2025,
  "season_id": "nexgen-long-run-2025",
  "champion": "ALB",
  "runner_up": "NAS"
}