{
  "stochastic": {
    "pitches_per_pa": 2.7949381327334084,
    "swing_rate": 0.45898901275807946,
    "take_rate": 0.5410109872419205,
    "strikeout_pct": 0.16046119235095613,
    "walk_pct": 0.0625984251968504,
    "first_pitch_strike_pct": 0.35605890287769787,
    "called_strike_pct": 0.14639594317221394,
    "foul_share_est": 0.1848512898941522,
    "swinging_strike_pct": 0.04223849961766008,
    "contact_rate_pa": 0.8395388076490439,
    "bip_final_pct": 0.746400449943757
  },
  "deterministic": {
    "pitches_per_pa": 2.8559322033898304,
    "swing_rate": 0.4607884696905468,
    "take_rate": 0.5392115303094531,
    "strikeout_pct": 0.19612590799031476,
    "walk_pct": 0.044794188861985475,
    "first_pitch_strike_pct": 0.3668280871670702,
    "called_strike_pct": 0.1513353115727003,
    "foul_share_est": 0.17041119118270454,
    "swinging_strike_pct": 0.05086901229334464,
    "contact_rate_pa": 0.8038740920096852,
    "bip_final_pct": 0.7239709443099274
  },
  "stochastic_bucket_share": {
    "zone": 0.7306286985186068,
    "waste": 0.2693713014813932
  },
  "deterministic_bucket_share": {
    "zone": 0.7224761113419194,
    "waste": 0.2775238886580806
  }
}