{
  "stochastic": {
    "pitches": 55513.0,
    "swing_rate": 0.49507322609118587,
    "take_rate": 0.5049267739088141,
    "contact_rate": 0.25512942914272335,
    "swing_contact_rate": 0.5153367536295165,
    "foul_rate": 0.01115054131464702,
    "ball_in_play_rate": 0.2439788878280763,
    "ball_rate": 0.3912957325311188,
    "called_strike_rate": 0.11363104137769532,
    "walk_rate": 0.01972510943382631,
    "strikeout_rate": 0.088177543998703
  },
  "deterministic": {
    "pitches": 2899.0,
    "swing_rate": 0.500517419799931,
    "take_rate": 0.49948258020006897,
    "contact_rate": 0.2666436702311142,
    "swing_contact_rate": 0.5327360441075121,
    "foul_rate": 0.012418075198344257,
    "ball_in_play_rate": 0.2542255950327699,
    "ball_rate": 0.38565022421524664,
    "called_strike_rate": 0.11383235598482236,
    "walk_rate": 0.016212487064505003,
    "strikeout_rate": 0.08796136598827181
  }
}