{
  "stochastic": {
    "pitches": 50754.0,
    "swing_rate": 0.4543681286204043,
    "take_rate": 0.5456318713795957,
    "contact_rate": 0.23135122354888285,
    "swing_contact_rate": 0.5091713282164694,
    "foul_rate": 0.017003585924262127,
    "ball_in_play_rate": 0.21434763762462072,
    "ball_rate": 0.3221618000551681,
    "called_strike_rate": 0.22347007132442764,
    "walk_rate": 0.01215667730622217,
    "strikeout_rate": 0.1323442487291642
  },
  "deterministic": {
    "pitches": 2577.0,
    "swing_rate": 0.4582848273185875,
    "take_rate": 0.5417151726814124,
    "contact_rate": 0.2285603414823438,
    "swing_contact_rate": 0.4987298899237934,
    "foul_rate": 0.017462165308498253,
    "ball_in_play_rate": 0.21109817617384555,
    "ball_rate": 0.3081102056655025,
    "called_strike_rate": 0.23360496701590996,
    "walk_rate": 0.007760962359332557,
    "strikeout_rate": 0.14396585176561894
  }
}