{
  "stochastic": {
    "pitches": 36620.0,
    "swing_rate": 0.40669033315128345,
    "take_rate": 0.5933096668487166,
    "contact_rate": 0.2895412342981977,
    "swing_contact_rate": 0.7119452091586651,
    "foul_rate": 0.03151283451665757,
    "ball_in_play_rate": 0.14587657018022937,
    "ball_rate": 0.3985800109229929,
    "called_strike_rate": 0.12214636810486074,
    "walk_rate": 0.025341343528126708,
    "strikeout_rate": 0.08776624795193883
  },
  "deterministic": {
    "pitches": 1797.0,
    "swing_rate": 0.4129104062326099,
    "take_rate": 0.5870895937673901,
    "contact_rate": 0.3116304952698943,
    "swing_contact_rate": 0.7547169811320755,
    "foul_rate": 0.036171396772398445,
    "ball_in_play_rate": 0.14635503617139678,
    "ball_rate": 0.39343350027824153,
    "called_strike_rate": 0.11741791875347801,
    "walk_rate": 0.022259321090706732,
    "strikeout_rate": 0.0879243183082916
  }
}