{
  "stochastic": {
    "pitches": 50959.0,
    "swing_rate": 0.4474381365411409,
    "take_rate": 0.552561863458859,
    "contact_rate": 0.22896838634981062,
    "swing_contact_rate": 0.5117319415815096,
    "foul_rate": 0.01540454090543378,
    "ball_in_play_rate": 0.21356384544437684,
    "ball_rate": 0.3267725033850743,
    "called_strike_rate": 0.2257893600737848,
    "walk_rate": 0.010145411016699699,
    "strikeout_rate": 0.13510861673109756
  },
  "deterministic": {
    "pitches": 2361.0,
    "swing_rate": 0.43752647183396864,
    "take_rate": 0.5624735281660314,
    "contact_rate": 0.22744599745870395,
    "swing_contact_rate": 0.5198451113262342,
    "foul_rate": 0.015247776365946633,
    "ball_in_play_rate": 0.2121982210927573,
    "ball_rate": 0.3176620076238882,
    "called_strike_rate": 0.24481152054214317,
    "walk_rate": 0.008047437526471834,
    "strikeout_rate": 0.14315967810249894
  }
}