{
  "stochastic": {
    "pitches": 52579.0,
    "swing_rate": 0.24389965575610034,
    "take_rate": 0.7561003442438996,
    "contact_rate": 0.21913691778086308,
    "swing_contact_rate": 0.898471615720524,
    "foul_rate": 0.06734627893265373,
    "ball_in_play_rate": 0.07052245192947755,
    "ball_rate": 0.2635462827364537,
    "called_strike_rate": 0.09834724890165275,
    "walk_rate": 0.007740732992259267,
    "strikeout_rate": 0.18066148081933853
  },
  "deterministic": {
    "pitches": 2552.0,
    "swing_rate": 0.25235109717868337,
    "take_rate": 0.7476489028213166,
    "contact_rate": 0.22413793103448276,
    "swing_contact_rate": 0.8881987577639752,
    "foul_rate": 0.06152037617554859,
    "ball_in_play_rate": 0.08072100313479624,
    "ball_rate": 0.2692006269592476,
    "called_strike_rate": 0.09561128526645768,
    "walk_rate": 0.010579937304075235,
    "strikeout_rate": 0.17672413793103448
  }
}