{
  "stochastic": {
    "pitches": 51519.0,
    "swing_rate": 0.45047458219297737,
    "take_rate": 0.5495254178070227,
    "contact_rate": 0.22950756031755276,
    "swing_contact_rate": 0.5094794898310927,
    "foul_rate": 0.015314738251907064,
    "ball_in_play_rate": 0.2141928220656457,
    "ball_rate": 0.3287524990780101,
    "called_strike_rate": 0.22077291872901258,
    "walk_rate": 0.008540538442128147,
    "strikeout_rate": 0.1332712203264815
  },
  "deterministic": {
    "pitches": 2452.0,
    "swing_rate": 0.44779771615008157,
    "take_rate": 0.5522022838499184,
    "contact_rate": 0.22145187601957586,
    "swing_contact_rate": 0.49453551912568305,
    "foul_rate": 0.01631321370309951,
    "ball_in_play_rate": 0.20513866231647634,
    "ball_rate": 0.3254486133768352,
    "called_strike_rate": 0.2267536704730832,
    "walk_rate": 0.010603588907014683,
    "strikeout_rate": 0.13866231647634583
  }
}