{
  "stochastic": {
    "pitches": 34101.0,
    "swing_rate": 0.3499017624116595,
    "take_rate": 0.6500982375883405,
    "contact_rate": 0.26336471071229584,
    "swing_contact_rate": 0.7526818638954073,
    "foul_rate": 0.03903111345708337,
    "ball_in_play_rate": 0.13333919826398052,
    "ball_rate": 0.4692531010820797,
    "called_strike_rate": 0.1536025336500396,
    "walk_rate": 0.03269698835811267,
    "strikeout_rate": 0.061141901997008884
  },
  "deterministic": {
    "pitches": 1552.0,
    "swing_rate": 0.3698453608247423,
    "take_rate": 0.6301546391752577,
    "contact_rate": 0.26353092783505155,
    "swing_contact_rate": 0.7125435540069687,
    "foul_rate": 0.039304123711340205,
    "ball_in_play_rate": 0.1404639175257732,
    "ball_rate": 0.44716494845360827,
    "called_strike_rate": 0.16881443298969073,
    "walk_rate": 0.029639175257731958,
    "strikeout_rate": 0.059922680412371136
  }
}