{
  "stochastic": {
    "pitches": 66895.0,
    "swing_rate": 0.41825248523805963,
    "take_rate": 0.5817475147619403,
    "contact_rate": 0.13832124971971,
    "swing_contact_rate": 0.3307123199542514,
    "foul_rate": 0.01186934748486434,
    "ball_in_play_rate": 0.11906719485761268,
    "ball_rate": 0.42633978623215485,
    "called_strike_rate": 0.14244711861873086,
    "walk_rate": 0.028851184692428433,
    "strikeout_rate": 0.10807982659391584
  },
  "deterministic": {
    "pitches": 3442.0,
    "swing_rate": 0.4198140615920976,
    "take_rate": 0.5801859384079023,
    "contact_rate": 0.14468332364904127,
    "swing_contact_rate": 0.34463667820069205,
    "foul_rate": 0.013073794305636257,
    "ball_in_play_rate": 0.12434631028471818,
    "ball_rate": 0.4273678094131319,
    "called_strike_rate": 0.14090644973852412,
    "walk_rate": 0.02876234747239977,
    "strikeout_rate": 0.10720511330621732
  }
}