{
  "stochastic": {
    "pitches": 50941.0,
    "swing_rate": 0.44698769164327357,
    "take_rate": 0.5530123083567264,
    "contact_rate": 0.22830333130484284,
    "swing_contact_rate": 0.5107597716293368,
    "foul_rate": 0.015625920182171533,
    "ball_in_play_rate": 0.21267741112267133,
    "ball_rate": 0.329557723641075,
    "called_strike_rate": 0.22345458471565144,
    "walk_rate": 0.009972320920280324,
    "strikeout_rate": 0.13446928799984295
  },
  "deterministic": {
    "pitches": 2405.0,
    "swing_rate": 0.4407484407484408,
    "take_rate": 0.5592515592515592,
    "contact_rate": 0.22744282744282746,
    "swing_contact_rate": 0.5160377358490567,
    "foul_rate": 0.014553014553014554,
    "ball_in_play_rate": 0.2128898128898129,
    "ball_rate": 0.32141372141372143,
    "called_strike_rate": 0.23783783783783785,
    "walk_rate": 0.008316008316008316,
    "strikeout_rate": 0.14054054054054055
  }
}