run,games,pa,pitches,pitches_per_pa,swing_rate,take_rate,strikeout_pct,walk_pct,contact_rate_pa,first_pitch_strike_pct,called_strike_pct,foul_share_est,swinging_strike_pct,bip_final_pct
200-game sample,200,19349,47932,2.4772339655796167,0.7008053075189852,0.2991946924810148,0.2639929712129826,0.020724585249883715,0.7360070287870174,0.45952085914911195,0.05511975298339314,0.16633981473754486,0.09914044896937328,0.7152824435371337
10-game deterministic,10,923,2312,2.504875406283857,0.7011245674740484,0.2988754325259516,0.28277356446370533,0.021668472372697724,0.7172264355362947,0.4723726977248104,0.05060553633217993,0.16782006920415224,0.10553633217993079,0.695557963163597
