{
  "full_counts": {
    "pitches": 47932,
    "strikes": 15367,
    "zone_pitches": 13899,
    "zone_swings": 11257,
    "swings": 33591,
    "so_swinging_pitch": 4752,
    "so_looking_pitch": 360,
    "first_pitch_strikes": 8900,
    "batters_faced": 19368,
    "pa": 19349,
    "bb": 401,
    "so": 5108,
    "hbp": 0,
    "hits": 6783,
    "bip_final": 13840,
    "games": 200
  },
  "full_metrics": {
    "games": 200,
    "pa": 19349,
    "pitches": 47932,
    "pitches_per_pa": 2.4772339655796167,
    "swing_rate": 0.7008053075189852,
    "take_rate": 0.2991946924810148,
    "strikeout_pct": 0.2639929712129826,
    "walk_pct": 0.020724585249883715,
    "contact_rate_pa": 0.7360070287870174,
    "first_pitch_strike_pct": 0.45952085914911195,
    "called_strike_pct": 0.05511975298339314,
    "foul_share_est": 0.16633981473754486,
    "swinging_strike_pct": 0.09914044896937328,
    "bip_final_pct": 0.7152824435371337
  },
  "mini_counts": {
    "pitches": 2312,
    "strikes": 749,
    "zone_pitches": 667,
    "zone_swings": 550,
    "swings": 1621,
    "so_swinging_pitch": 244,
    "so_looking_pitch": 17,
    "first_pitch_strikes": 436,
    "batters_faced": 923,
    "pa": 923,
    "bb": 20,
    "so": 261,
    "hbp": 0,
    "hits": 293,
    "bip_final": 642,
    "games": 10
  },
  "mini_metrics": {
    "games": 10,
    "pa": 923,
    "pitches": 2312,
    "pitches_per_pa": 2.504875406283857,
    "swing_rate": 0.7011245674740484,
    "take_rate": 0.2988754325259516,
    "strikeout_pct": 0.28277356446370533,
    "walk_pct": 0.021668472372697724,
    "contact_rate_pa": 0.7172264355362947,
    "first_pitch_strike_pct": 0.4723726977248104,
    "called_strike_pct": 0.05060553633217993,
    "foul_share_est": 0.16782006920415224,
    "swinging_strike_pct": 0.10553633217993079,
    "bip_final_pct": 0.695557963163597
  }
}