pitch,alive_prob,resolved_prob
1,1.0,0.18669419956053265
2,0.8133058004394673,0.11743838191300665
3,0.6958674185264607,0.2970905143885844
4,0.39877690413787625,0.21332697958859503
5,0.18544992454928122,0.12471871442564796
6,0.060731210123633285,0.060731210123633285
