{
  "stochastic": {
    "pitches": 43510.0,
    "swing_rate": 0.2782578717536199,
    "take_rate": 0.7217421282463802,
    "contact_rate": 0.1795908986439899,
    "swing_contact_rate": 0.6454117452713306,
    "foul_rate": 0.04948287749942542,
    "ball_in_play_rate": 0.09981613422201793,
    "ball_rate": 0.33190071247988967,
    "called_strike_rate": 0.11075614801195127,
    "walk_rate": 0.010020684900022983,
    "strikeout_rate": 0.12100666513445185
  },
  "deterministic": {
    "pitches": 2183.0,
    "swing_rate": 0.28080622995877236,
    "take_rate": 0.7191937700412276,
    "contact_rate": 0.18827301878149336,
    "swing_contact_rate": 0.6704730831973899,
    "foul_rate": 0.05222171323866239,
    "ball_in_play_rate": 0.09940448923499771,
    "ball_rate": 0.33486028401282636,
    "called_strike_rate": 0.09803023362345396,
    "walk_rate": 0.011452130096197893,
    "strikeout_rate": 0.11497938616582684
  }
}