{
  "stochastic": {
    "pitches": 59291.0,
    "swing_rate": 0.3848644819618492,
    "take_rate": 0.6151355180381508,
    "contact_rate": 0.20955962962338298,
    "swing_contact_rate": 0.5445023883605767,
    "foul_rate": 0.012666340591320773,
    "ball_in_play_rate": 0.1968932890320622,
    "ball_rate": 0.4454807643655867,
    "called_strike_rate": 0.16965475367256413,
    "walk_rate": 0.04644887082356513,
    "strikeout_rate": 0.09907068526420536
  },
  "deterministic": {
    "pitches": 3077.0,
    "swing_rate": 0.37764055898602533,
    "take_rate": 0.6223594410139747,
    "contact_rate": 0.21644458888527787,
    "swing_contact_rate": 0.5731497418244407,
    "foul_rate": 0.010724731881702957,
    "ball_in_play_rate": 0.20571985700357492,
    "ball_rate": 0.4575885602859929,
    "called_strike_rate": 0.1647708807279818,
    "walk_rate": 0.04484887877803055,
    "strikeout_rate": 0.0929476763080923
  }
}