{
  "stochastic": {
    "pitches": 45046.0,
    "swing_rate": 0.25711494916307776,
    "take_rate": 0.7428850508369222,
    "contact_rate": 0.21193890689517383,
    "swing_contact_rate": 0.8242963218787774,
    "foul_rate": 0.0494161523775696,
    "ball_in_play_rate": 0.08373662478355459,
    "ball_rate": 0.3268658704435466,
    "called_strike_rate": 0.10542556497802247,
    "walk_rate": 0.011232961861208542,
    "strikeout_rate": 0.15821604581982862
  },
  "deterministic": {
    "pitches": 2712.0,
    "swing_rate": 0.25,
    "take_rate": 0.75,
    "contact_rate": 0.20648967551622419,
    "swing_contact_rate": 0.8259587020648967,
    "foul_rate": 0.04830383480825959,
    "ball_in_play_rate": 0.07595870206489676,
    "ball_rate": 0.31821533923303835,
    "called_strike_rate": 0.10877581120943952,
    "walk_rate": 0.00995575221238938,
    "strikeout_rate": 0.16666666666666666
  }
}