{
  "stochastic": {
    "pitches": 45053.0,
    "swing_rate": 0.25736354959714114,
    "take_rate": 0.7426364504028589,
    "contact_rate": 0.21310456573369144,
    "swing_contact_rate": 0.8280293229840449,
    "foul_rate": 0.04945286662375425,
    "ball_in_play_rate": 0.08381239873038421,
    "ball_rate": 0.3266375158147071,
    "called_strike_rate": 0.10518722393625286,
    "walk_rate": 0.011186824406809757,
    "strikeout_rate": 0.15825805162808249
  },
  "deterministic": {
    "pitches": 2752.0,
    "swing_rate": 0.251453488372093,
    "take_rate": 0.748546511627907,
    "contact_rate": 0.21402616279069767,
    "swing_contact_rate": 0.8511560693641619,
    "foul_rate": 0.04905523255813953,
    "ball_in_play_rate": 0.08103197674418605,
    "ball_rate": 0.3175872093023256,
    "called_strike_rate": 0.10501453488372094,
    "walk_rate": 0.009084302325581396,
    "strikeout_rate": 0.16388081395348839
  }
}