{
  "stochastic": {
    "pitches": 46268.0,
    "swing_rate": 0.4934511973718337,
    "take_rate": 0.5065488026281664,
    "contact_rate": 0.242478602922106,
    "swing_contact_rate": 0.49139328106521835,
    "foul_rate": 0.01783089824500735,
    "ball_in_play_rate": 0.22464770467709863,
    "ball_rate": 0.23033197890550705,
    "called_strike_rate": 0.27621682372265927,
    "walk_rate": 0.013162444886314515,
    "strikeout_rate": 0.15976484827526585
  },
  "deterministic": {
    "pitches": 2277.0,
    "swing_rate": 0.49670619235836627,
    "take_rate": 0.5032938076416338,
    "contact_rate": 0.23803249890206413,
    "swing_contact_rate": 0.4792219274977896,
    "foul_rate": 0.017127799736495388,
    "ball_in_play_rate": 0.22090469916556874,
    "ball_rate": 0.22793148880105402,
    "called_strike_rate": 0.2753623188405797,
    "walk_rate": 0.014053579270970576,
    "strikeout_rate": 0.16161616161616163
  }
}