{
  "stochastic": {
    "pitches": 52408.0,
    "swing_rate": 0.4364982445428179,
    "take_rate": 0.5635017554571821,
    "contact_rate": 0.22265684628301022,
    "swing_contact_rate": 0.5100979192166463,
    "foul_rate": 0.014730575484658831,
    "ball_in_play_rate": 0.2079262707983514,
    "ball_rate": 0.3463593344527553,
    "called_strike_rate": 0.2171424210044268,
    "walk_rate": 0.012154632880476263,
    "strikeout_rate": 0.13020912837734697
  },
  "deterministic": {
    "pitches": 2622.0,
    "swing_rate": 0.43554538520213576,
    "take_rate": 0.5644546147978642,
    "contact_rate": 0.21700991609458428,
    "swing_contact_rate": 0.4982486865148862,
    "foul_rate": 0.012204424103737605,
    "ball_in_play_rate": 0.2048054919908467,
    "ball_rate": 0.33638443935926776,
    "called_strike_rate": 0.22807017543859648,
    "walk_rate": 0.012585812356979404,
    "strikeout_rate": 0.13157894736842105
  }
}