{
  "stochastic": {
    "pitches": 50469.0,
    "swing_rate": 0.44427272186887,
    "take_rate": 0.55572727813113,
    "contact_rate": 0.22653510075491887,
    "swing_contact_rate": 0.5099009900990099,
    "foul_rate": 0.014920049931641206,
    "ball_in_play_rate": 0.21161505082327767,
    "ball_rate": 0.3299253006796251,
    "called_strike_rate": 0.22580197745150488,
    "walk_rate": 0.009154134221006955,
    "strikeout_rate": 0.13699498702173613
  },
  "deterministic": {
    "pitches": 2506.0,
    "swing_rate": 0.4533120510774142,
    "take_rate": 0.5466879489225858,
    "contact_rate": 0.23304070231444532,
    "swing_contact_rate": 0.5140845070422535,
    "foul_rate": 0.014365522745411013,
    "ball_in_play_rate": 0.21867517956903432,
    "ball_rate": 0.33000798084596966,
    "called_strike_rate": 0.21667996807661613,
    "walk_rate": 0.009976057462090982,
    "strikeout_rate": 0.1340782122905028
  }
}