{
  "stochastic": {
    "pitches": 69645.0,
    "swing_rate": 0.3093689424940771,
    "take_rate": 0.6906310575059229,
    "contact_rate": 0.168583530763156,
    "swing_contact_rate": 0.5449271326464309,
    "foul_rate": 0.0110991456673128,
    "ball_in_play_rate": 0.1574843850958432,
    "ball_rate": 0.5294708880752387,
    "called_strike_rate": 0.16116016943068417,
    "walk_rate": 0.0851317395362194,
    "strikeout_rate": 0.09661856558259746
  },
  "deterministic": {
    "pitches": 3750.0,
    "swing_rate": 0.2848,
    "take_rate": 0.7152,
    "contact_rate": 0.16666666666666666,
    "swing_contact_rate": 0.5852059925093633,
    "foul_rate": 0.010666666666666666,
    "ball_in_play_rate": 0.156,
    "ball_rate": 0.5698666666666666,
    "called_strike_rate": 0.14533333333333334,
    "walk_rate": 0.0984,
    "strikeout_rate": 0.08586666666666666
  }
}