{
  "stochastic": {
    "pitches": 51929.0,
    "swing_rate": 0.42617805080013094,
    "take_rate": 0.5738219491998691,
    "contact_rate": 0.22161027556856477,
    "swing_contact_rate": 0.5199945777416294,
    "foul_rate": 0.01405765564520788,
    "ball_in_play_rate": 0.20755261992335688,
    "ball_rate": 0.3528856708197732,
    "called_strike_rate": 0.2209362783800959,
    "walk_rate": 0.041749311560014636,
    "strikeout_rate": 0.1294459743110786
  },
  "deterministic": {
    "pitches": 2493.0,
    "swing_rate": 0.43481748896911354,
    "take_rate": 0.5651825110308865,
    "contact_rate": 0.21740874448455677,
    "swing_contact_rate": 0.5,
    "foul_rate": 0.013237063778580024,
    "ball_in_play_rate": 0.20417168070597674,
    "ball_rate": 0.34135579622944245,
    "called_strike_rate": 0.22382671480144403,
    "walk_rate": 0.03890894504612916,
    "strikeout_rate": 0.1327717609306057
  }
}