{
  "stochastic": {
    "pitches": 55123.0,
    "swing_rate": 0.4998276581463273,
    "take_rate": 0.5001723418536727,
    "contact_rate": 0.25602742956660557,
    "swing_contact_rate": 0.5122314169570267,
    "foul_rate": 0.011211291112602724,
    "ball_in_play_rate": 0.24481613845400288,
    "ball_rate": 0.385047983600312,
    "called_strike_rate": 0.11512435825336066,
    "walk_rate": 0.01935671135460697,
    "strikeout_rate": 0.08878326651307077
  },
  "deterministic": {
    "pitches": 2802.0,
    "swing_rate": 0.510349750178444,
    "take_rate": 0.489650249821556,
    "contact_rate": 0.26552462526766596,
    "swing_contact_rate": 0.5202797202797202,
    "foul_rate": 0.01034975017844397,
    "ball_in_play_rate": 0.255174875089222,
    "ball_rate": 0.3747323340471092,
    "called_strike_rate": 0.11491791577444682,
    "walk_rate": 0.015346181299072092,
    "strikeout_rate": 0.08743754461099215
  }
}