pitch,alive_prob,resolved_prob
1,1.0,0.11113304382155546
2,0.8888669561784446,0.11554151862087117
3,0.7733254375575733,0.2957626003421503
4,0.4775628372154231,0.23621529148572182
5,0.24134754572970127,0.16100802737202263
6,0.08033951835767864,0.08033951835767864
