pitch,alive_prob,resolved_prob
1,1.0,0.10604026845637583
2,0.8939597315436242,0.1342281879194631
3,0.7597315436241611,0.2738255033557047
4,0.48590604026845635,0.2550335570469799
5,0.23087248322147652,0.15838926174496645
6,0.07248322147651007,0.07248322147651007
