{
  "stochastic": {
    "pitches": 51578.0,
    "swing_rate": 0.37436503935786575,
    "take_rate": 0.6256349606421342,
    "contact_rate": 0.22195509713443717,
    "swing_contact_rate": 0.592884147288829,
    "foul_rate": 0.057214316181317615,
    "ball_in_play_rate": 0.13748109659157004,
    "ball_rate": 0.4550389701035325,
    "called_strike_rate": 0.15886618325642715,
    "walk_rate": 0.028558687812633293,
    "strikeout_rate": 0.07718407072782969
  },
  "deterministic": {
    "pitches": 2369.0,
    "swing_rate": 0.3676656817222457,
    "take_rate": 0.6323343182777543,
    "contact_rate": 0.2148585901224145,
    "swing_contact_rate": 0.5843857634902411,
    "foul_rate": 0.05107640354579992,
    "ball_in_play_rate": 0.14309835373575347,
    "ball_rate": 0.45926551287463063,
    "called_strike_rate": 0.16462642465175178,
    "walk_rate": 0.02532714225411566,
    "strikeout_rate": 0.07387083157450401
  }
}