pitch,alive_prob,resolved_prob
1,1.0,0.08450889914304549
2,0.9154911008569545,0.11562294001318392
3,0.7998681608437705,0.2933421226104153
4,0.5065260382333553,0.25029663810151614
5,0.25622940013183915,0.17000659195781148
6,0.08622280817402769,0.08622280817402769
