pitch,alive_prob,resolved_prob
1,1.0,0.10835509138381201
2,0.891644908616188,0.10052219321148825
3,0.7911227154046997,0.31070496083550914
4,0.4804177545691906,0.2558746736292428
5,0.2245430809399478,0.14360313315926893
6,0.08093994778067885,0.08093994778067885
