{
  "metrics": {
    "pitches_per_pa": 3.9326442682311957,
    "avg": 0.24008204382594248,
    "obp": 0.31620585314023053,
    "slg": 0.37731072800913906,
    "ops": 0.6935165811493695,
    "iso": 0.1372286841831966,
    "babip": 0.29526243365441324,
    "k_pct": 0.22656643901544668,
    "bb_pct": 0.08810789751111518,
    "k_minus_bb_pct": 0.13845854150433148,
    "swing_pct": 0.4882078358013252,
    "z_swing_pct": 0.6459253127299485,
    "o_swing_pct": 0.3261010860188369,
    "contact_pct": 0.8208892867800657,
    "z_contact_pct": 0.8916073335706657,
    "o_contact_pct": 0.676916107990578,
    "first_pitch_strike_pct": 0.6259224457991475,
    "zone_pct": 0.5068620080770643,
    "pitches_put_in_play_pct": 0.16835084529449815,
    "bip_gb_pct": 0.3938072243280198,
    "bip_ld_pct": 0.21377018536787995,
    "bip_fb_pct": 0.39242259030410026,
    "hr_per_fb_pct": 0.08001623047271252,
    "sb_pct": 0.7364664926022628,
    "sba_per_pa": 0.06583169088325617,
    "bip_double_play_pct": 0.02275992176817765,
    "called_third_strike_share_of_so": 0.2685616022658305
  },
  "mlb_deltas": {
    "pitches_per_pa": 0.07264426823119585,
    "avg": -0.0049179561740575195,
    "obp": 0.00320585314023053,
    "slg": -0.014689271990860953,
    "ops": -0.011483418850630422,
    "iso": -0.02777131581680342,
    "babip": 0.004262433654413256,
    "k_pct": 0.006566439015446679,
    "bb_pct": 0.00810789751111518,
    "k_minus_bb_pct": -0.0015414584956685295,
    "swing_pct": 0.018207835801325234,
    "z_swing_pct": -0.004074687270051558,
    "o_swing_pct": 0.00610108601883691,
    "contact_pct": 0.060889286780065666,
    "z_contact_pct": 0.07160733357066573,
    "o_contact_pct": 0.056916107990578,
    "first_pitch_strike_pct": 0.025922445799147487,
    "zone_pct": 0.016862008077064283,
    "pitches_put_in_play_pct": -0.006649154705501842,
    "bip_gb_pct": -0.04619277567198021,
    "bip_ld_pct": 0.003770185367879958,
    "bip_fb_pct": 0.04242259030410028,
    "hr_per_fb_pct": -0.029983769527287485,
    "sb_pct": -0.0435335073977372,
    "sba_per_pa": 0.015831690883256172,
    "bip_double_play_pct": -0.005240078231822352,
    "called_third_strike_share_of_so": 0.03856160226583047
  },
  "flags": [
    {
      "metric": "pitches_per_pa",
      "delta": 0.07264426823119585,
      "tolerance": 0.05
    },
    {
      "metric": "hr_per_fb_pct",
      "delta": -0.029983769527287485,
      "tolerance": 0.02
    },
    {
      "metric": "sba_per_pa",
      "delta": 0.015831690883256172,
      "tolerance": 0.01
    }
  ],
  "leaders": {
    "batting": {
      "avg": [
        {
          "player_id": "P3611",
          "name": "Cameron Beechner",
          "team_id": "BAL",
          "value": 0.34134615384615385
        },
        {
          "player_id": "P1622",
          "name": "Humberto Mofle",
          "team_id": "IND",
          "value": 0.3188405797101449
        },
        {
          "player_id": "P8373",
          "name": "Sung Li",
          "team_id": "FOR",
          "value": 0.31711145996860285
        }
      ],
      "hr": [
        {
          "player_id": "P3611",
          "name": "Cameron Beechner",
          "team_id": "BAL",
          "value": 52.0
        },
        {
          "player_id": "P1622",
          "name": "Humberto Mofle",
          "team_id": "IND",
          "value": 47.0
        },
        {
          "player_id": "P4440",
          "name": "Jorge Vasquez",
          "team_id": "WAS",
          "value": 46.0
        }
      ],
      "rbi": [
        {
          "player_id": "P3611",
          "name": "Cameron Beechner",
          "team_id": "BAL",
          "value": 160.0
        },
        {
          "player_id": "P8373",
          "name": "Sung Li",
          "team_id": "FOR",
          "value": 134.0
        },
        {
          "player_id": "P1364",
          "name": "Juan Cruz",
          "team_id": "POR",
          "value": 125.0
        }
      ],
      "sb": [
        {
          "player_id": "P7924",
          "name": "Fernando Garcia",
          "team_id": "DAL",
          "value": 80.0
        },
        {
          "player_id": "P5795",
          "name": "Percy Mitchell",
          "team_id": "SAN",
          "value": 72.0
        },
        {
          "player_id": "P1405",
          "name": "Eduardo Lopez",
          "team_id": "PHO",
          "value": 71.0
        }
      ],
      "ops": [
        {
          "player_id": "P3611",
          "name": "Cameron Beechner",
          "team_id": "BAL",
          "value": 1.1017705999502116
        },
        {
          "player_id": "P1622",
          "name": "Humberto Mofle",
          "team_id": "IND",
          "value": 0.9794466403162054
        },
        {
          "player_id": "P8373",
          "name": "Sung Li",
          "team_id": "FOR",
          "value": 0.9764345789884497
        }
      ]
    },
    "pitching": {
      "era": [
        {
          "player_id": "P9370",
          "name": "Percy White",
          "team_id": "LOU",
          "value": 2.3389830508474576
        },
        {
          "player_id": "P9386",
          "name": "Hector Rivera",
          "team_id": "PHI",
          "value": 2.5504885993485344
        },
        {
          "player_id": "P5221",
          "name": "Fernando Guerrero",
          "team_id": "BAL",
          "value": 2.5714285714285716
        }
      ],
      "so": [
        {
          "player_id": "P3959",
          "name": "Hector Ortiz",
          "team_id": "LAS",
          "value": 233.0
        },
        {
          "player_id": "P4232",
          "name": "Antonio Hernandez",
          "team_id": "PHO",
          "value": 221.0
        },
        {
          "player_id": "P2136",
          "name": "Yong Pham",
          "team_id": "WAS",
          "value": 217.0
        }
      ],
      "wins": [
        {
          "player_id": "P2136",
          "name": "Yong Pham",
          "team_id": "WAS",
          "value": 17.0
        },
        {
          "player_id": "P5765",
          "name": "Bobby Maillet",
          "team_id": "FOR",
          "value": 17.0
        },
        {
          "player_id": "P9386",
          "name": "Hector Rivera",
          "team_id": "PHI",
          "value": 17.0
        }
      ],
      "saves": [
        {
          "player_id": "P2827",
          "name": "Miguel Ramos",
          "team_id": "DAL",
          "value": 49.0
        },
        {
          "player_id": "P2412",
          "name": "Adolfo Lamacchia",
          "team_id": "IND",
          "value": 42.0
        },
        {
          "player_id": "P2763",
          "name": "Ricky Kuchle",
          "team_id": "PHI",
          "value": 42.0
        }
      ]
    }
  },
  "year": 2026,
  "season_id": "nexgen-long-run-2026",
  "champion": "WAS",
  "runner_up": "BAL"
}