{
  "metrics": {
    "pitches_per_pa": 3.933223612278016,
    "avg": 0.24007361578823713,
    "obp": 0.3165000754594319,
    "slg": 0.36888819275850365,
    "ops": 0.6853882682179355,
    "iso": 0.12881457697026652,
    "babip": 0.2995976365679487,
    "k_pct": 0.2328541669064417,
    "bb_pct": 0.08864387077468436,
    "k_minus_bb_pct": 0.14421029613175734,
    "swing_pct": 0.4876692046139531,
    "z_swing_pct": 0.6454322211718048,
    "o_swing_pct": 0.32502525702739643,
    "contact_pct": 0.8137634331179234,
    "z_contact_pct": 0.886895245920673,
    "o_contact_pct": 0.6640459299349082,
    "first_pitch_strike_pct": 0.628954849402097,
    "zone_pct": 0.5076167680089891,
    "pitches_put_in_play_pct": 0.16639551011569997,
    "bip_gb_pct": 0.3901345291479821,
    "bip_ld_pct": 0.2152290512617603,
    "bip_fb_pct": 0.39463641959025764,
    "hr_per_fb_pct": 0.07665404871626069,
    "sb_pct": 0.703388327124357,
    "sba_per_pa": 0.06487736945688077,
    "bip_double_play_pct": 0.02386353644596852,
    "called_third_strike_share_of_so": 0.259638196915777
  },
  "mlb_deltas": {
    "pitches_per_pa": 0.07322361227801633,
    "avg": -0.004926384211762863,
    "obp": 0.003500075459431873,
    "slg": -0.023111807241496363,
    "ops": -0.019611731782064434,
    "iso": -0.03618542302973349,
    "babip": 0.008597636567948708,
    "k_pct": 0.0128541669064417,
    "bb_pct": 0.008643870774684356,
    "k_minus_bb_pct": 0.0042102961317573295,
    "swing_pct": 0.017669204613953104,
    "z_swing_pct": -0.004567778828195257,
    "o_swing_pct": 0.005025257027396424,
    "contact_pct": 0.05376343311792342,
    "z_contact_pct": 0.06689524592067309,
    "o_contact_pct": 0.04404592993490819,
    "first_pitch_strike_pct": 0.028954849402097027,
    "zone_pct": 0.017616768008989148,
    "pitches_put_in_play_pct": -0.008604489884300015,
    "bip_gb_pct": -0.049865470852017924,
    "bip_ld_pct": 0.00522905126176032,
    "bip_fb_pct": 0.04463641959025766,
    "hr_per_fb_pct": -0.03334595128373931,
    "sb_pct": -0.07661167287564308,
    "sba_per_pa": 0.01487736945688077,
    "bip_double_play_pct": -0.00413646355403148,
    "called_third_strike_share_of_so": 0.029638196915776988
  },
  "flags": [
    {
      "metric": "pitches_per_pa",
      "delta": 0.07322361227801633,
      "tolerance": 0.05
    },
    {
      "metric": "hr_per_fb_pct",
      "delta": -0.03334595128373931,
      "tolerance": 0.02
    },
    {
      "metric": "sb_pct",
      "delta": -0.07661167287564308,
      "tolerance": 0.05
    },
    {
      "metric": "sba_per_pa",
      "delta": 0.01487736945688077,
      "tolerance": 0.01
    }
  ],
  "leaders": {
    "batting": {
      "avg": [
        {
          "player_id": "P7637",
          "name": "Miguel Ortiz",
          "team_id": "POR",
          "value": 0.32059800664451826
        },
        {
          "player_id": "P8373",
          "name": "Sung Li",
          "team_id": "FOR",
          "value": 0.31699346405228757
        },
        {
          "player_id": "P3605",
          "name": "Alejandro Vasquez",
          "team_id": "DAL",
          "value": 0.3145539906103286
        }
      ],
      "hr": [
        {
          "player_id": "P2931",
          "name": "Darnell Taylor",
          "team_id": "LOU",
          "value": 39.0
        },
        {
          "player_id": "P7637",
          "name": "Miguel Ortiz",
          "team_id": "POR",
          "value": 39.0
        },
        {
          "player_id": "P4121",
          "name": "Sung Khan",
          "team_id": "SAN",
          "value": 37.0
        }
      ],
      "rbi": [
        {
          "player_id": "P7637",
          "name": "Miguel Ortiz",
          "team_id": "POR",
          "value": 126.0
        },
        {
          "player_id": "P2931",
          "name": "Darnell Taylor",
          "team_id": "LOU",
          "value": 118.0
        },
        {
          "player_id": "P8373",
          "name": "Sung Li",
          "team_id": "FOR",
          "value": 116.0
        }
      ],
      "sb": [
        {
          "player_id": "P2612",
          "name": "Roland Longhi",
          "team_id": "SAN",
          "value": 68.0
        },
        {
          "player_id": "P1564",
          "name": "Rufus White",
          "team_id": "FOR",
          "value": 67.0
        },
        {
          "player_id": "P2985",
          "name": "Jeramy Thielen",
          "team_id": "FOR",
          "value": 65.0
        }
      ],
      "ops": [
        {
          "player_id": "P7637",
          "name": "Miguel Ortiz",
          "team_id": "POR",
          "value": 0.9899022722312486
        },
        {
          "player_id": "P8373",
          "name": "Sung Li",
          "team_id": "FOR",
          "value": 0.96061814556331
        },
        {
          "player_id": "P4121",
          "name": "Sung Khan",
          "team_id": "SAN",
          "value": 0.947681113727279
        }
      ]
    },
    "pitching": {
      "era": [
        {
          "player_id": "P9808",
          "name": "Leroy Gaines",
          "team_id": "DAL",
          "value": 2.2146596858638743
        },
        {
          "player_id": "P9386",
          "name": "Hector Rivera",
          "team_id": "PHI",
          "value": 2.295918367346939
        },
        {
          "player_id": "P5765",
          "name": "Bobby Maillet",
          "team_id": "FOR",
          "value": 2.5193661971830985
        }
      ],
      "so": [
        {
          "player_id": "P9808",
          "name": "Leroy Gaines",
          "team_id": "DAL",
          "value": 213.0
        },
        {
          "player_id": "P1316",
          "name": "Manuel Gonzalez",
          "team_id": "IND",
          "value": 209.0
        },
        {
          "player_id": "P1199",
          "name": "Tyrone Carter",
          "team_id": "PHO",
          "value": 205.0
        }
      ],
      "wins": [
        {
          "player_id": "P9808",
          "name": "Leroy Gaines",
          "team_id": "DAL",
          "value": 16.0
        },
        {
          "player_id": "P9386",
          "name": "Hector Rivera",
          "team_id": "PHI",
          "value": 15.0
        },
        {
          "player_id": "P2662",
          "name": "Barry Schmoyer",
          "team_id": "SEA",
          "value": 15.0
        }
      ],
      "saves": [
        {
          "player_id": "P2827",
          "name": "Miguel Ramos",
          "team_id": "DAL",
          "value": 56.0
        },
        {
          "player_id": "P8036",
          "name": "Leroy Walker",
          "team_id": "WAS",
          "value": 53.0
        },
        {
          "player_id": "P2412",
          "name": "Adolfo Lamacchia",
          "team_id": "IND",
          "value": 47.0
        }
      ]
    }
  },
  "year": 2025,
  "season_id": "nexgen-long-run-2025",
  "champion": "WAS",
  "runner_up": "DAL"
}