{
  "stochastic": {
    "pitches": 53023.0,
    "swing_rate": 0.4200064123116383,
    "take_rate": 0.5799935876883616,
    "contact_rate": 0.21896158270939026,
    "swing_contact_rate": 0.5213291423439604,
    "foul_rate": 0.013654451841653622,
    "ball_in_play_rate": 0.20530713086773664,
    "ball_rate": 0.3681232672613771,
    "called_strike_rate": 0.2118703204269845,
    "walk_rate": 0.04496162042887049,
    "strikeout_rate": 0.12677517303811553
  },
  "deterministic": {
    "pitches": 2650.0,
    "swing_rate": 0.4222641509433962,
    "take_rate": 0.5777358490566038,
    "contact_rate": 0.21660377358490565,
    "swing_contact_rate": 0.51295799821269,
    "foul_rate": 0.01660377358490566,
    "ball_in_play_rate": 0.2,
    "ball_rate": 0.36754716981132074,
    "called_strike_rate": 0.210188679245283,
    "walk_rate": 0.046037735849056606,
    "strikeout_rate": 0.12716981132075472
  }
}