{
  "stochastic": {
    "pitches": 62214.0,
    "swing_rate": 0.4019674028353747,
    "take_rate": 0.5980325971646253,
    "contact_rate": 0.1757321503198637,
    "swing_contact_rate": 0.4371801023672425,
    "foul_rate": 0.02724467161732086,
    "ball_in_play_rate": 0.13429453177741343,
    "ball_rate": 0.43578615745652105,
    "called_strike_rate": 0.14982158356639985,
    "walk_rate": 0.02816086411418652,
    "strikeout_rate": 0.09306586941845887
  },
  "deterministic": {
    "pitches": 3412.0,
    "swing_rate": 0.39859320046893315,
    "take_rate": 0.6014067995310668,
    "contact_rate": 0.17966002344665885,
    "swing_contact_rate": 0.45073529411764707,
    "foul_rate": 0.0313599062133646,
    "ball_in_play_rate": 0.1368698710433763,
    "ball_rate": 0.44021101992966,
    "called_strike_rate": 0.1447831184056272,
    "walk_rate": 0.029894490035169988,
    "strikeout_rate": 0.08909730363423213
  }
}