{
  "seasons": [],
  "metric_totals": {
    "pitches_per_pa": {
      "max_abs_delta": 0.04733297395253855,
      "avg_abs_delta": 0.04593222140126674
    },
    "avg": {
      "max_abs_delta": 0.0038027278648327667,
      "avg_abs_delta": 0.0033850254483502595
    },
    "obp": {
      "max_abs_delta": 0.006198706555516076,
      "avg_abs_delta": 0.005339223524566145
    },
    "slg": {
      "max_abs_delta": 0.036756759533993544,
      "avg_abs_delta": 0.03452223121585568
    },
    "ops": {
      "max_abs_delta": 0.04123650002760981,
      "avg_abs_delta": 0.03986145474042185
    },
    "iso": {
      "max_abs_delta": 0.015789436502125803,
      "avg_abs_delta": 0.013137205767505433
    },
    "babip": {
      "max_abs_delta": 0.008393414211438521,
      "avg_abs_delta": 0.006642606136530782
    },
    "k_pct": {
      "max_abs_delta": 0.014168782809706543,
      "avg_abs_delta": 0.012835592845435007
    },
    "bb_pct": {
      "max_abs_delta": 0.0027288565995194497,
      "avg_abs_delta": 0.0021044468805114444
    },
    "k_minus_bb_pct": {
      "max_abs_delta": 0.011439926210187079,
      "avg_abs_delta": 0.010731145964923555
    },
    "swing_pct": {
      "max_abs_delta": 0.017141073657927608,
      "avg_abs_delta": 0.016887465287194064
    },
    "z_swing_pct": {
      "max_abs_delta": 0.006973620003409953,
      "avg_abs_delta": 0.006953881253671745
    },
    "o_swing_pct": {
      "max_abs_delta": 0.005766897455204367,
      "avg_abs_delta": 0.005577724119789934
    },
    "contact_pct": {
      "max_abs_delta": 0.025306268641969165,
      "avg_abs_delta": 0.02333898493397546
    },
    "z_contact_pct": {
      "max_abs_delta": 0.03817435935171731,
      "avg_abs_delta": 0.036610425815216674
    },
    "o_contact_pct": {
      "max_abs_delta": 0.016437094804096608,
      "avg_abs_delta": 0.013848204630066197
    },
    "first_pitch_strike_pct": {
      "max_abs_delta": 0.02941722963285809,
      "avg_abs_delta": 0.02754667578412323
    },
    "zone_pct": {
      "max_abs_delta": 0.018587157619241013,
      "avg_abs_delta": 0.018113009782303235
    },
    "pitches_put_in_play_pct": {
      "max_abs_delta": 0.0014654706726794642,
      "avg_abs_delta": 0.000846486220024284
    },
    "bip_gb_pct": {
      "max_abs_delta": 0.021700920113509325,
      "avg_abs_delta": 0.017767168320520443
    },
    "bip_ld_pct": {
      "max_abs_delta": 0.012082724223922953,
      "avg_abs_delta": 0.009239720030614768
    },
    "bip_fb_pct": {
      "max_abs_delta": 0.0096181958895864,
      "avg_abs_delta": 0.008527448289905704
    },
    "hr_per_fb_pct": {
      "max_abs_delta": 0.014056185936643179,
      "avg_abs_delta": 0.01288998812961191
    },
    "sb_pct": {
      "max_abs_delta": 0.02044415972667102,
      "avg_abs_delta": 0.01561870953863348
    },
    "sba_per_pa": {
      "max_abs_delta": 0.005811072751671691,
      "avg_abs_delta": 0.004568938678351304
    },
    "bip_double_play_pct": {
      "max_abs_delta": 0.003182732823114629,
      "avg_abs_delta": 0.0030692051984137787
    },
    "called_third_strike_share_of_so": {
      "max_abs_delta": 0.018611165142968317,
      "avg_abs_delta": 0.015432217529867037
    }
  }
}