{
  "metrics": {
    "pitches_per_pa": 3.8126670260474613,
    "avg": 0.24796732303186775,
    "obp": 0.3174797404936162,
    "slg": 0.42875675953399356,
    "ops": 0.7462365000276098,
    "iso": 0.1807894365021258,
    "babip": 0.295891798061623,
    "k_pct": 0.23150240288116347,
    "bb_pct": 0.08148003716150344,
    "k_minus_bb_pct": 0.15002236571966004,
    "swing_pct": 0.4871410736579276,
    "z_swing_pct": 0.6430658574960665,
    "o_swing_pct": 0.3257668974552044,
    "contact_pct": 0.7853062686419692,
    "z_contact_pct": 0.8581743593517173,
    "o_contact_pct": 0.6364370948040966,
    "first_pitch_strike_pct": 0.6294172296328581,
    "zone_pct": 0.508587157619241,
    "pitches_put_in_play_pct": 0.17477249823263089,
    "bip_gb_pct": 0.42616658347246844,
    "bip_ld_pct": 0.21639671583730657,
    "bip_fb_pct": 0.357436700690225,
    "hr_per_fb_pct": 0.12405618593664318,
    "sb_pct": 0.790793259350596,
    "sba_per_pa": 0.05581107275167169,
    "bip_double_play_pct": 0.025044322426287072,
    "called_third_strike_share_of_so": 0.21774673008323425
  },
  "mlb_deltas": {
    "pitches_per_pa": -0.04733297395253855,
    "avg": 0.0029673230318677524,
    "obp": 0.004479740493616213,
    "slg": 0.036756759533993544,
    "ops": 0.04123650002760981,
    "iso": 0.015789436502125803,
    "babip": 0.004891798061623043,
    "k_pct": 0.01150240288116347,
    "bb_pct": 0.0014800371615034391,
    "k_minus_bb_pct": 0.010022365719660031,
    "swing_pct": 0.017141073657927608,
    "z_swing_pct": -0.006934142503933538,
    "o_swing_pct": 0.005766897455204367,
    "contact_pct": 0.025306268641969165,
    "z_contact_pct": 0.03817435935171731,
    "o_contact_pct": 0.016437094804096608,
    "first_pitch_strike_pct": 0.02941722963285809,
    "zone_pct": 0.018587157619241013,
    "pitches_put_in_play_pct": -0.00022750176736910377,
    "bip_gb_pct": -0.013833416527531561,
    "bip_ld_pct": 0.0063967158373065824,
    "bip_fb_pct": 0.007436700690225007,
    "hr_per_fb_pct": 0.014056185936643179,
    "sb_pct": 0.01079325935059594,
    "sba_per_pa": 0.005811072751671691,
    "bip_double_play_pct": -0.002955677573712928,
    "called_third_strike_share_of_so": -0.012253269916765758
  },
  "flags": [],
  "leaders": {
    "batting": {
      "avg": [
        {
          "player_id": "P2742",
          "name": "Percy Jackson",
          "team_id": "NAS",
          "value": 0.39201183431952663
        },
        {
          "player_id": "P5120",
          "name": "Rafael Diaz",
          "team_id": "JAC",
          "value": 0.3414285714285714
        },
        {
          "player_id": "P5191",
          "name": "Parker Deso",
          "team_id": "NAS",
          "value": 0.34036144578313254
        }
      ],
      "hr": [
        {
          "player_id": "P5120",
          "name": "Rafael Diaz",
          "team_id": "JAC",
          "value": 68.0
        },
        {
          "player_id": "P2742",
          "name": "Percy Jackson",
          "team_id": "NAS",
          "value": 68.0
        },
        {
          "player_id": "P4742",
          "name": "Leroy Taylor",
          "team_id": "SAN",
          "value": 66.0
        }
      ],
      "rbi": [
        {
          "player_id": "P4742",
          "name": "Leroy Taylor",
          "team_id": "SAN",
          "value": 165.0
        },
        {
          "player_id": "P2742",
          "name": "Percy Jackson",
          "team_id": "NAS",
          "value": 159.0
        },
        {
          "player_id": "P5191",
          "name": "Parker Deso",
          "team_id": "NAS",
          "value": 144.0
        }
      ],
      "sb": [
        {
          "player_id": "P8147",
          "name": "Fernando Rivera",
          "team_id": "LAS",
          "value": 66.0
        },
        {
          "player_id": "P3100",
          "name": "Jose Vargas",
          "team_id": "NEW",
          "value": 60.0
        },
        {
          "player_id": "P2432",
          "name": "Tyrell Leonpacher",
          "team_id": "HOU",
          "value": 56.0
        }
      ],
      "ops": [
        {
          "player_id": "P2742",
          "name": "Percy Jackson",
          "team_id": "NAS",
          "value": 1.2648599605522683
        },
        {
          "player_id": "P5120",
          "name": "Rafael Diaz",
          "team_id": "JAC",
          "value": 1.123492270441423
        },
        {
          "player_id": "P4742",
          "name": "Leroy Taylor",
          "team_id": "SAN",
          "value": 1.1171331636980493
        }
      ]
    },
    "pitching": {
      "era": [
        {
          "player_id": "P4613",
          "name": "Antonio Morales",
          "team_id": "SAN2",
          "value": 2.6954314720812182
        },
        {
          "player_id": "P7496",
          "name": "Manuel Vargas",
          "team_id": "SAN",
          "value": 3.040076335877863
        },
        {
          "player_id": "P1194",
          "name": "Miguel Sanchez",
          "team_id": "SAN1",
          "value": 3.1268382352941173
        }
      ],
      "so": [
        {
          "player_id": "P3786",
          "name": "Ricardo Ramos",
          "team_id": "JAC",
          "value": 243.0
        },
        {
          "player_id": "P3289",
          "name": "Chong Relles",
          "team_id": "LOU",
          "value": 229.0
        },
        {
          "player_id": "P1053",
          "name": "Juan Lopez",
          "team_id": "SAN1",
          "value": 226.0
        }
      ],
      "wins": [
        {
          "player_id": "P9112",
          "name": "Ron Gerardi",
          "team_id": "JAC",
          "value": 17.0
        },
        {
          "player_id": "P1053",
          "name": "Juan Lopez",
          "team_id": "SAN1",
          "value": 17.0
        },
        {
          "player_id": "P3324",
          "name": "Kent Pelland",
          "team_id": "POR",
          "value": 17.0
        }
      ],
      "saves": [
        {
          "player_id": "P5023",
          "name": "Leroy Jackson",
          "team_id": "SAN",
          "value": 45.0
        },
        {
          "player_id": "P2642",
          "name": "Gregorio Cadle",
          "team_id": "NEW",
          "value": 45.0
        },
        {
          "player_id": "P3099",
          "name": "Fernando Hernandez",
          "team_id": "POR",
          "value": 31.0
        }
      ]
    }
  },
  "year": 2026,
  "season_id": "nexgen-long-run-2026",
  "champion": "LOU",
  "runner_up": "NAS"
}