{
  "metrics": {
    "pitches_per_pa": 3.815468531150005,
    "avg": 0.24880272786483276,
    "obp": 0.3191987065555161,
    "slg": 0.42428770289771783,
    "ops": 0.7434864094532339,
    "iso": 0.17548497503288507,
    "babip": 0.2993934142114385,
    "k_pct": 0.23416878280970654,
    "bb_pct": 0.08272885659951945,
    "k_minus_bb_pct": 0.1514399262101871,
    "swing_pct": 0.4866338569164605,
    "z_swing_pct": 0.6430263799965901,
    "o_swing_pct": 0.3253885507843755,
    "contact_pct": 0.7813717012259818,
    "z_contact_pct": 0.855046492278716,
    "o_contact_pct": 0.6312593144560358,
    "first_pitch_strike_pct": 0.6256761219353884,
    "zone_pct": 0.5076388619453654,
    "pitches_put_in_play_pct": 0.17353452932732052,
    "bip_gb_pct": 0.4182990798864907,
    "bip_ld_pct": 0.22208272422392294,
    "bip_fb_pct": 0.3596181958895864,
    "hr_per_fb_pct": 0.12172379032258064,
    "sb_pct": 0.759555840273329,
    "sba_per_pa": 0.05332680460503092,
    "bip_double_play_pct": 0.02481726717688537,
    "called_third_strike_share_of_so": 0.2113888348570317
  },
  "mlb_deltas": {
    "pitches_per_pa": -0.044531468849994926,
    "avg": 0.0038027278648327667,
    "obp": 0.006198706555516076,
    "slg": 0.03228770289771782,
    "ops": 0.038486409453233894,
    "iso": 0.010484975032885063,
    "babip": 0.008393414211438521,
    "k_pct": 0.014168782809706543,
    "bb_pct": 0.0027288565995194497,
    "k_minus_bb_pct": 0.011439926210187079,
    "swing_pct": 0.01663385691646052,
    "z_swing_pct": -0.006973620003409953,
    "o_swing_pct": 0.005388550784375501,
    "contact_pct": 0.021371701225981754,
    "z_contact_pct": 0.035046492278716035,
    "o_contact_pct": 0.011259314456035785,
    "first_pitch_strike_pct": 0.025676121935388374,
    "zone_pct": 0.017638861945365458,
    "pitches_put_in_play_pct": -0.0014654706726794642,
    "bip_gb_pct": -0.021700920113509325,
    "bip_ld_pct": 0.012082724223922953,
    "bip_fb_pct": 0.0096181958895864,
    "hr_per_fb_pct": 0.01172379032258064,
    "sb_pct": -0.02044415972667102,
    "sba_per_pa": 0.003326804605030917,
    "bip_double_play_pct": -0.003182732823114629,
    "called_third_strike_share_of_so": -0.018611165142968317
  },
  "flags": [],
  "leaders": {
    "batting": {
      "avg": [
        {
          "player_id": "P2742",
          "name": "Percy Jackson",
          "team_id": "NAS",
          "value": 0.3980891719745223
        },
        {
          "player_id": "P5120",
          "name": "Rafael Diaz",
          "team_id": "JAC",
          "value": 0.35526315789473684
        },
        {
          "player_id": "P4742",
          "name": "Leroy Taylor",
          "team_id": "SAN",
          "value": 0.3453689167974882
        }
      ],
      "hr": [
        {
          "player_id": "P2742",
          "name": "Percy Jackson",
          "team_id": "NAS",
          "value": 79.0
        },
        {
          "player_id": "P5120",
          "name": "Rafael Diaz",
          "team_id": "JAC",
          "value": 71.0
        },
        {
          "player_id": "P5287",
          "name": "Tyrone Jefferson",
          "team_id": "BAL",
          "value": 52.0
        }
      ],
      "rbi": [
        {
          "player_id": "P2742",
          "name": "Percy Jackson",
          "team_id": "NAS",
          "value": 176.0
        },
        {
          "player_id": "P5120",
          "name": "Rafael Diaz",
          "team_id": "JAC",
          "value": 158.0
        },
        {
          "player_id": "P4742",
          "name": "Leroy Taylor",
          "team_id": "SAN",
          "value": 145.0
        }
      ],
      "sb": [
        {
          "player_id": "P4747",
          "name": "Raul Garcia",
          "team_id": "SAN",
          "value": 59.0
        },
        {
          "player_id": "P7737",
          "name": "Hector Perez",
          "team_id": "NAS",
          "value": 54.0
        },
        {
          "player_id": "P9632",
          "name": "Manuel Delgado",
          "team_id": "HOU",
          "value": 51.0
        }
      ],
      "ops": [
        {
          "player_id": "P2742",
          "name": "Percy Jackson",
          "team_id": "NAS",
          "value": 1.3447406733393994
        },
        {
          "player_id": "P5120",
          "name": "Rafael Diaz",
          "team_id": "JAC",
          "value": 1.1910228108903604
        },
        {
          "player_id": "P4742",
          "name": "Leroy Taylor",
          "team_id": "SAN",
          "value": 1.0973001538772402
        }
      ]
    },
    "pitching": {
      "era": [
        {
          "player_id": "P1194",
          "name": "Miguel Sanchez",
          "team_id": "SAN1",
          "value": 3.0961214165261386
        },
        {
          "player_id": "P1440",
          "name": "Mathew Sowash",
          "team_id": "SAN",
          "value": 3.1764705882352944
        },
        {
          "player_id": "P4186",
          "name": "Clifton Iman",
          "team_id": "SAN2",
          "value": 3.4714285714285715
        }
      ],
      "so": [
        {
          "player_id": "P1194",
          "name": "Miguel Sanchez",
          "team_id": "SAN1",
          "value": 207.0
        },
        {
          "player_id": "P4933",
          "name": "Jay Honkanen",
          "team_id": "LOU",
          "value": 204.0
        },
        {
          "player_id": "P1440",
          "name": "Mathew Sowash",
          "team_id": "SAN",
          "value": 202.0
        }
      ],
      "wins": [
        {
          "player_id": "P6091",
          "name": "Deshawn Mitchell",
          "team_id": "SAN1",
          "value": 16.0
        },
        {
          "player_id": "P7997",
          "name": "Rafael Morales",
          "team_id": "NAS",
          "value": 13.0
        },
        {
          "player_id": "P4439",
          "name": "Fernando Gonzalez",
          "team_id": "HOU",
          "value": 13.0
        }
      ],
      "saves": [
        {
          "player_id": "P5023",
          "name": "Leroy Jackson",
          "team_id": "SAN",
          "value": 42.0
        },
        {
          "player_id": "P2642",
          "name": "Gregorio Cadle",
          "team_id": "NEW",
          "value": 38.0
        },
        {
          "player_id": "P3099",
          "name": "Fernando Hernandez",
          "team_id": "POR",
          "value": 30.0
        }
      ]
    }
  },
  "year": 2025,
  "season_id": "nexgen-long-run-2025",
  "champion": "NAS",
  "runner_up": "POR"
}