{
  "seasons": [],
  "metric_totals": {
    "pitches_per_pa": {
      "max_abs_delta": 0.02266938756792669,
      "avg_abs_delta": 0.012381533577473203
    },
    "avg": {
      "max_abs_delta": 0.002726922087940342,
      "avg_abs_delta": 0.0014394073151380693
    },
    "obp": {
      "max_abs_delta": 0.0031285164414697197,
      "avg_abs_delta": 0.001813509903020194
    },
    "slg": {
      "max_abs_delta": 0.014151987248701703,
      "avg_abs_delta": 0.01223037502533717
    },
    "ops": {
      "max_abs_delta": 0.016325342729195835,
      "avg_abs_delta": 0.014043884928357397
    },
    "iso": {
      "max_abs_delta": 0.006180251992800229,
      "avg_abs_delta": 0.004330217659524749
    },
    "babip": {
      "max_abs_delta": 0.007360655737704946,
      "avg_abs_delta": 0.004586161510455411
    },
    "k_pct": {
      "max_abs_delta": 0.0174329471240178,
      "avg_abs_delta": 0.011615321522432238
    },
    "bb_pct": {
      "max_abs_delta": 0.0044104996765663845,
      "avg_abs_delta": 0.0030815293317214636
    },
    "k_minus_bb_pct": {
      "max_abs_delta": 0.014956479967059733,
      "avg_abs_delta": 0.008533792190710748
    },
    "swing_pct": {
      "max_abs_delta": 0.01972110601556548,
      "avg_abs_delta": 0.017958708015690217
    },
    "z_swing_pct": {
      "max_abs_delta": 0.007797787919904597,
      "avg_abs_delta": 0.006233348727580102
    },
    "o_swing_pct": {
      "max_abs_delta": 0.008499802485642194,
      "avg_abs_delta": 0.006384774772009827
    },
    "contact_pct": {
      "max_abs_delta": 0.036842304336951015,
      "avg_abs_delta": 0.034317748263954465
    },
    "z_contact_pct": {
      "max_abs_delta": 0.051431952231850375,
      "avg_abs_delta": 0.048625038357454776
    },
    "o_contact_pct": {
      "max_abs_delta": 0.0252578785837263,
      "avg_abs_delta": 0.022327641082591932
    },
    "first_pitch_strike_pct": {
      "max_abs_delta": 0.0296911515373689,
      "avg_abs_delta": 0.02780894550166917
    },
    "zone_pct": {
      "max_abs_delta": 0.020033434885115886,
      "avg_abs_delta": 0.019083494309147
    },
    "pitches_put_in_play_pct": {
      "max_abs_delta": 0.003941664142718848,
      "avg_abs_delta": 0.002327696463674972
    },
    "bip_gb_pct": {
      "max_abs_delta": 0.019675244254850677,
      "avg_abs_delta": 0.016548160304184746
    },
    "bip_ld_pct": {
      "max_abs_delta": 0.012357919361497188,
      "avg_abs_delta": 0.008689749261380175
    },
    "bip_fb_pct": {
      "max_abs_delta": 0.01016051530234402,
      "avg_abs_delta": 0.007858411042804592
    },
    "hr_per_fb_pct": {
      "max_abs_delta": 0.004324936919984604,
      "avg_abs_delta": 0.002697622635271063
    },
    "sb_pct": {
      "max_abs_delta": 0.03338582677165347,
      "avg_abs_delta": 0.02391250534260132
    },
    "sba_per_pa": {
      "max_abs_delta": 0.009341557247750147,
      "avg_abs_delta": 0.007833266933289375
    },
    "bip_double_play_pct": {
      "max_abs_delta": 0.004478961255381199,
      "avg_abs_delta": 0.004062985982353235
    },
    "called_third_strike_share_of_so": {
      "max_abs_delta": 0.012648489811647956,
      "avg_abs_delta": 0.005893040897788115
    }
  }
}