{
  "metrics": {
    "pitches_per_pa": 3.8518831993228946,
    "avg": 0.24397822402547378,
    "obp": 0.3148967042078353,
    "slg": 0.4038056596990396,
    "ops": 0.7187023639068748,
    "iso": 0.1598274356735658,
    "babip": 0.2983606557377049,
    "k_pct": 0.2374329471240178,
    "bb_pct": 0.08247646715695806,
    "k_minus_bb_pct": 0.15495647996705975,
    "swing_pct": 0.4889391698884118,
    "z_swing_pct": 0.6443591863348975,
    "o_swing_pct": 0.32715383496557743,
    "contact_pct": 0.7882693031786326,
    "z_contact_pct": 0.8617533588124215,
    "o_contact_pct": 0.6376081358946335,
    "first_pitch_strike_pct": 0.6279694845077832,
    "zone_pct": 0.5100334348851159,
    "pitches_put_in_play_pct": 0.17105833585728114,
    "bip_gb_pct": 0.4245070129148729,
    "bip_ld_pct": 0.21807735036800444,
    "bip_fb_pct": 0.3574156367171226,
    "hr_per_fb_pct": 0.109467583582025,
    "sb_pct": 0.787399958957521,
    "sba_per_pa": 0.055735379899577955,
    "bip_double_play_pct": 0.0235210387446188,
    "called_third_strike_share_of_so": 0.21735151018835205
  },
  "mlb_deltas": {
    "pitches_per_pa": -0.008116800677105296,
    "avg": -0.0010217759745262123,
    "obp": 0.0018967042078352758,
    "slg": 0.011805659699039572,
    "ops": 0.013702363906874848,
    "iso": -0.005172564326434204,
    "babip": 0.007360655737704946,
    "k_pct": 0.0174329471240178,
    "bb_pct": 0.0024764671569580538,
    "k_minus_bb_pct": 0.014956479967059733,
    "swing_pct": 0.018939169888411822,
    "z_swing_pct": -0.005640813665102495,
    "o_swing_pct": 0.007153834965577421,
    "contact_pct": 0.028269303178632632,
    "z_contact_pct": 0.04175335881242159,
    "o_contact_pct": 0.017608135894633503,
    "first_pitch_strike_pct": 0.02796948450778325,
    "zone_pct": 0.020033434885115886,
    "pitches_put_in_play_pct": -0.003941664142718848,
    "bip_gb_pct": -0.015492987085127086,
    "bip_ld_pct": 0.008077350368004443,
    "bip_fb_pct": 0.007415636717122642,
    "hr_per_fb_pct": -0.0005324164179749957,
    "sb_pct": 0.007399958957520991,
    "sba_per_pa": 0.005735379899577953,
    "bip_double_play_pct": -0.004478961255381199,
    "called_third_strike_share_of_so": -0.012648489811647956
  },
  "flags": [],
  "leaders": {
    "batting": {
      "avg": [
        {
          "player_id": "P6984",
          "name": "Percy Allen",
          "team_id": "NEW",
          "value": 0.33636363636363636
        },
        {
          "player_id": "P8095",
          "name": "Jayson Masell",
          "team_id": "BOS",
          "value": 0.3298791018998273
        },
        {
          "player_id": "P5396",
          "name": "Juan Guerrero",
          "team_id": "POR",
          "value": 0.3270868824531516
        }
      ],
      "hr": [
        {
          "player_id": "P3971",
          "name": "Vernon Benek",
          "team_id": "MIL",
          "value": 53.0
        },
        {
          "player_id": "P6984",
          "name": "Percy Allen",
          "team_id": "NEW",
          "value": 53.0
        },
        {
          "player_id": "P5396",
          "name": "Juan Guerrero",
          "team_id": "POR",
          "value": 48.0
        }
      ],
      "rbi": [
        {
          "player_id": "P6984",
          "name": "Percy Allen",
          "team_id": "NEW",
          "value": 156.0
        },
        {
          "player_id": "P4585",
          "name": "Jamal Green",
          "team_id": "FOR",
          "value": 124.0
        },
        {
          "player_id": "P5396",
          "name": "Juan Guerrero",
          "team_id": "POR",
          "value": 122.0
        }
      ],
      "sb": [
        {
          "player_id": "P8280",
          "name": "Sung Le",
          "team_id": "NAS",
          "value": 64.0
        },
        {
          "player_id": "P2624",
          "name": "Brain Aliberti",
          "team_id": "AUS",
          "value": 64.0
        },
        {
          "player_id": "P4829",
          "name": "Myles Seekford",
          "team_id": "ELP",
          "value": 57.0
        }
      ],
      "ops": [
        {
          "player_id": "P6984",
          "name": "Percy Allen",
          "team_id": "NEW",
          "value": 1.1055243795984537
        },
        {
          "player_id": "P5396",
          "name": "Juan Guerrero",
          "team_id": "POR",
          "value": 1.0674892536695877
        },
        {
          "player_id": "P3971",
          "name": "Vernon Benek",
          "team_id": "MIL",
          "value": 1.054692653057031
        }
      ]
    },
    "pitching": {
      "era": [
        {
          "player_id": "P8157",
          "name": "Taylor Melanson",
          "team_id": "NEW",
          "value": 2.098939929328622
        },
        {
          "player_id": "P7529",
          "name": "Raul Vargas",
          "team_id": "NEW",
          "value": 2.3168316831683167
        },
        {
          "player_id": "P4023",
          "name": "Sung Choi",
          "team_id": "ELP",
          "value": 2.3210526315789473
        }
      ],
      "so": [
        {
          "player_id": "P2516",
          "name": "Deshawn Washington",
          "team_id": "NAS",
          "value": 237.0
        },
        {
          "player_id": "P1567",
          "name": "Jermaine Mitchell",
          "team_id": "ALB",
          "value": 225.0
        },
        {
          "player_id": "P6634",
          "name": "Jorge Delgado",
          "team_id": "SAN",
          "value": 218.0
        }
      ],
      "wins": [
        {
          "player_id": "P9261",
          "name": "Kris Sieben",
          "team_id": "MIL",
          "value": 18.0
        },
        {
          "player_id": "P6559",
          "name": "Xavier Robinson",
          "team_id": "ELP",
          "value": 17.0
        },
        {
          "player_id": "P6679",
          "name": "Rafael Gonzalez",
          "team_id": "POR",
          "value": 16.0
        }
      ],
      "saves": [
        {
          "player_id": "P4001",
          "name": "Leroy Harris",
          "team_id": "POR",
          "value": 55.0
        },
        {
          "player_id": "P4674",
          "name": "Fred Bagi",
          "team_id": "NEW",
          "value": 45.0
        },
        {
          "player_id": "P3522",
          "name": "Hector Perez",
          "team_id": "BAL",
          "value": 44.0
        }
      ]
    }
  },
  "year": 2025,
  "season_id": "nexgen-long-run-2025",
  "champion": "NEW",
  "runner_up": "MIL"
}