{
  "metrics": {
    "pitches_per_pa": 3.858154499131836,
    "avg": 0.24364109498175882,
    "obp": 0.3161285164414697,
    "slg": 0.4051968262877261,
    "ops": 0.7213253427291958,
    "iso": 0.16155573130596726,
    "babip": 0.2953696788648245,
    "k_pct": 0.2297853989582033,
    "bb_pct": 0.08441049967656639,
    "k_minus_bb_pct": 0.1453748992816369,
    "swing_pct": 0.4865678929549459,
    "z_swing_pct": 0.6424821333580035,
    "o_swing_pct": 0.32512079319367027,
    "contact_pct": 0.7965940828688535,
    "z_contact_pct": 0.8713326613629,
    "o_contact_pct": 0.6436595337188317,
    "first_pitch_strike_pct": 0.6263036644461342,
    "zone_pct": 0.5087169712532613,
    "pitches_put_in_play_pct": 0.1722774723577738,
    "bip_gb_pct": 0.4234321910908501,
    "bip_ld_pct": 0.21810172616913384,
    "bip_fb_pct": 0.35846608274001607,
    "hr_per_fb_pct": 0.10598705501618123,
    "sb_pct": 0.8129661503155479,
    "sba_per_pa": 0.05934155724775015,
    "bip_double_play_pct": 0.023544878690092027,
    "called_third_strike_share_of_so": 0.22594824180165943
  },
  "mlb_deltas": {
    "pitches_per_pa": -0.0018455008681637075,
    "avg": -0.00135890501824118,
    "obp": 0.0031285164414697197,
    "slg": 0.01319682628772606,
    "ops": 0.016325342729195835,
    "iso": -0.0034442686940327483,
    "babip": 0.004369678864824533,
    "k_pct": 0.009785398958203295,
    "bb_pct": 0.0044104996765663845,
    "k_minus_bb_pct": 0.005374899281636897,
    "swing_pct": 0.01656789295494593,
    "z_swing_pct": -0.007517866641996496,
    "o_swing_pct": 0.005120793193670259,
    "contact_pct": 0.03659408286885346,
    "z_contact_pct": 0.051332661362900045,
    "o_contact_pct": 0.02365953371883167,
    "first_pitch_strike_pct": 0.02630366444613419,
    "zone_pct": 0.018716971253261327,
    "pitches_put_in_play_pct": -0.0027225276422261913,
    "bip_gb_pct": -0.016567808909149884,
    "bip_ld_pct": 0.00810172616913385,
    "bip_fb_pct": 0.00846608274001609,
    "hr_per_fb_pct": -0.004012944983818767,
    "sb_pct": 0.03296615031554784,
    "sba_per_pa": 0.009341557247750147,
    "bip_double_play_pct": -0.004455121309907974,
    "called_third_strike_share_of_so": -0.004051758198340583
  },
  "flags": [],
  "leaders": {
    "batting": {
      "avg": [
        {
          "player_id": "P8446",
          "name": "Hector Martinez",
          "team_id": "LAS",
          "value": 0.3424242424242424
        },
        {
          "player_id": "P9347",
          "name": "Antonio Torres",
          "team_id": "AUS",
          "value": 0.3358547655068079
        },
        {
          "player_id": "P8518",
          "name": "Stefan Merrill",
          "team_id": "MIL",
          "value": 0.32896890343698854
        }
      ],
      "hr": [
        {
          "player_id": "P3971",
          "name": "Vernon Benek",
          "team_id": "MIL",
          "value": 53.0
        },
        {
          "player_id": "P6984",
          "name": "Percy Allen",
          "team_id": "NEW",
          "value": 53.0
        },
        {
          "player_id": "P9347",
          "name": "Antonio Torres",
          "team_id": "AUS",
          "value": 48.0
        }
      ],
      "rbi": [
        {
          "player_id": "P8518",
          "name": "Stefan Merrill",
          "team_id": "MIL",
          "value": 133.0
        },
        {
          "player_id": "P6984",
          "name": "Percy Allen",
          "team_id": "NEW",
          "value": 133.0
        },
        {
          "player_id": "P4585",
          "name": "Jamal Green",
          "team_id": "FOR",
          "value": 126.0
        }
      ],
      "sb": [
        {
          "player_id": "P4829",
          "name": "Myles Seekford",
          "team_id": "ELP",
          "value": 74.0
        },
        {
          "player_id": "P4106",
          "name": "Clair Reindeau",
          "team_id": "BAL",
          "value": 71.0
        },
        {
          "player_id": "P4062",
          "name": "Teodoro Kassner",
          "team_id": "FOR",
          "value": 66.0
        }
      ],
      "ops": [
        {
          "player_id": "P8446",
          "name": "Hector Martinez",
          "team_id": "LAS",
          "value": 1.0801577418015775
        },
        {
          "player_id": "P9347",
          "name": "Antonio Torres",
          "team_id": "AUS",
          "value": 1.065187918881733
        },
        {
          "player_id": "P8518",
          "name": "Stefan Merrill",
          "team_id": "MIL",
          "value": 1.0178296159555438
        }
      ]
    },
    "pitching": {
      "era": [
        {
          "player_id": "P3621",
          "name": "Alfonzo Mazzoni",
          "team_id": "SAN",
          "value": 2.231028667790894
        },
        {
          "player_id": "P3837",
          "name": "Carlos Morales",
          "team_id": "NEW",
          "value": 2.7425569176882663
        },
        {
          "player_id": "P4023",
          "name": "Sung Choi",
          "team_id": "ELP",
          "value": 2.896363636363636
        }
      ],
      "so": [
        {
          "player_id": "P2516",
          "name": "Deshawn Washington",
          "team_id": "NAS",
          "value": 252.0
        },
        {
          "player_id": "P3790",
          "name": "Virgil Lougee",
          "team_id": "AUS",
          "value": 216.0
        },
        {
          "player_id": "P3159",
          "name": "Mike Labate",
          "team_id": "MEM",
          "value": 204.0
        }
      ],
      "wins": [
        {
          "player_id": "P3621",
          "name": "Alfonzo Mazzoni",
          "team_id": "SAN",
          "value": 20.0
        },
        {
          "player_id": "P6559",
          "name": "Xavier Robinson",
          "team_id": "ELP",
          "value": 16.0
        },
        {
          "player_id": "P4947",
          "name": "Gail Politte",
          "team_id": "ELP",
          "value": 16.0
        }
      ],
      "saves": [
        {
          "player_id": "P9066",
          "name": "Donnell Saunier",
          "team_id": "AUS",
          "value": 50.0
        },
        {
          "player_id": "P7660",
          "name": "Cedric Baker",
          "team_id": "BOS",
          "value": 48.0
        },
        {
          "player_id": "P2457",
          "name": "Roberto Delgado",
          "team_id": "MIL",
          "value": 46.0
        }
      ]
    }
  },
  "year": 2027,
  "season_id": "nexgen-long-run-2027",
  "champion": "MIL",
  "runner_up": "SAN"
}