{
  "metrics": {
    "pitches_per_pa": 3.837330612432073,
    "avg": 0.24436989048280117,
    "obp": 0.31482400748069217,
    "slg": 0.4061519872487017,
    "ops": 0.7209759947293939,
    "iso": 0.16178209676590055,
    "babip": 0.2958157871158498,
    "k_pct": 0.22991997798821454,
    "bb_pct": 0.08202829431591498,
    "k_minus_bb_pct": 0.14789168367229955,
    "swing_pct": 0.48972110601556545,
    "z_swing_pct": 0.6456132103190927,
    "o_swing_pct": 0.3284998024856422,
    "contact_pct": 0.796842304336951,
    "z_contact_pct": 0.8714319522318503,
    "o_contact_pct": 0.6452370821231014,
    "first_pitch_strike_pct": 0.6275422465778552,
    "zone_pct": 0.5084026709289993,
    "pitches_put_in_play_pct": 0.17368806297895226,
    "bip_gb_pct": 0.4203247557451493,
    "bip_ld_pct": 0.22235791936149718,
    "bip_fb_pct": 0.3573173248933535,
    "hr_per_fb_pct": 0.10753565904794639,
    "sb_pct": 0.8020355218519257,
    "sba_per_pa": 0.05744846720014674,
    "bip_double_play_pct": 0.02435668088619788,
    "called_third_strike_share_of_so": 0.2279730740463725
  },
  "mlb_deltas": {
    "pitches_per_pa": -0.02266938756792669,
    "avg": -0.0006301095171988291,
    "obp": 0.0018240074806921691,
    "slg": 0.014151987248701703,
    "ops": 0.015975994729393928,
    "iso": -0.0032179032340994562,
    "babip": 0.0048157871158498455,
    "k_pct": 0.009919977988214534,
    "bb_pct": 0.0020282943159149747,
    "k_minus_bb_pct": 0.007891683672299532,
    "swing_pct": 0.01972110601556548,
    "z_swing_pct": -0.004386789680907333,
    "o_swing_pct": 0.008499802485642194,
    "contact_pct": 0.036842304336951015,
    "z_contact_pct": 0.051431952231850375,
    "o_contact_pct": 0.025237082123101384,
    "first_pitch_strike_pct": 0.0275422465778552,
    "zone_pct": 0.018402670928999276,
    "pitches_put_in_play_pct": -0.0013119370210477321,
    "bip_gb_pct": -0.019675244254850677,
    "bip_ld_pct": 0.012357919361497188,
    "bip_fb_pct": 0.007317324893353516,
    "hr_per_fb_pct": -0.002464340952053612,
    "sb_pct": 0.0220355218519257,
    "sba_per_pa": 0.00744846720014674,
    "bip_double_play_pct": -0.0036433191138021195,
    "called_third_strike_share_of_so": -0.002026925953627523
  },
  "flags": [],
  "leaders": {
    "batting": {
      "avg": [
        {
          "player_id": "P3971",
          "name": "Vernon Benek",
          "team_id": "MIL",
          "value": 0.3278443113772455
        },
        {
          "player_id": "P6984",
          "name": "Percy Allen",
          "team_id": "NEW",
          "value": 0.31790123456790126
        },
        {
          "player_id": "P8446",
          "name": "Hector Martinez",
          "team_id": "LAS",
          "value": 0.3108108108108108
        }
      ],
      "hr": [
        {
          "player_id": "P8446",
          "name": "Hector Martinez",
          "team_id": "LAS",
          "value": 59.0
        },
        {
          "player_id": "P3971",
          "name": "Vernon Benek",
          "team_id": "MIL",
          "value": 54.0
        },
        {
          "player_id": "P9278",
          "name": "Roberto Flores",
          "team_id": "POR",
          "value": 51.0
        }
      ],
      "rbi": [
        {
          "player_id": "P8446",
          "name": "Hector Martinez",
          "team_id": "LAS",
          "value": 137.0
        },
        {
          "player_id": "P5396",
          "name": "Juan Guerrero",
          "team_id": "POR",
          "value": 127.0
        },
        {
          "player_id": "P8095",
          "name": "Jayson Masell",
          "team_id": "BOS",
          "value": 125.0
        }
      ],
      "sb": [
        {
          "player_id": "P4106",
          "name": "Clair Reindeau",
          "team_id": "BAL",
          "value": 67.0
        },
        {
          "player_id": "P4829",
          "name": "Myles Seekford",
          "team_id": "ELP",
          "value": 66.0
        },
        {
          "player_id": "P4195",
          "name": "Wilford Deale",
          "team_id": "SEA",
          "value": 61.0
        }
      ],
      "ops": [
        {
          "player_id": "P3971",
          "name": "Vernon Benek",
          "team_id": "MIL",
          "value": 1.0583202017018594
        },
        {
          "player_id": "P8446",
          "name": "Hector Martinez",
          "team_id": "LAS",
          "value": 1.0390920812116464
        },
        {
          "player_id": "P9278",
          "name": "Roberto Flores",
          "team_id": "POR",
          "value": 0.9973508504625779
        }
      ]
    },
    "pitching": {
      "era": [
        {
          "player_id": "P1654",
          "name": "Jamal Robinson",
          "team_id": "LAS",
          "value": 2.6262798634812285
        },
        {
          "player_id": "P9948",
          "name": "Rufus Jefferson",
          "team_id": "FOR",
          "value": 2.6863406408094437
        },
        {
          "player_id": "P2312",
          "name": "Juan Ramos",
          "team_id": "SAN",
          "value": 2.9523809523809526
        }
      ],
      "so": [
        {
          "player_id": "P2516",
          "name": "Deshawn Washington",
          "team_id": "NAS",
          "value": 234.0
        },
        {
          "player_id": "P1126",
          "name": "Percy Harris",
          "team_id": "BOS",
          "value": 213.0
        },
        {
          "player_id": "P7831",
          "name": "Manuel Torres",
          "team_id": "BAL",
          "value": 213.0
        }
      ],
      "wins": [
        {
          "player_id": "P2516",
          "name": "Deshawn Washington",
          "team_id": "NAS",
          "value": 16.0
        },
        {
          "player_id": "P5797",
          "name": "Cliff Tullar",
          "team_id": "MEM",
          "value": 15.0
        },
        {
          "player_id": "P1567",
          "name": "Jermaine Mitchell",
          "team_id": "ALB",
          "value": 15.0
        }
      ],
      "saves": [
        {
          "player_id": "P4052",
          "name": "Mel Deckard",
          "team_id": "ELP",
          "value": 50.0
        },
        {
          "player_id": "P6075",
          "name": "Roland Crudup",
          "team_id": "LAS",
          "value": 50.0
        },
        {
          "player_id": "P2955",
          "name": "Jose Cruz",
          "team_id": "NAS",
          "value": 46.0
        }
      ]
    }
  },
  "year": 2028,
  "season_id": "nexgen-long-run-2028",
  "champion": "NEW",
  "runner_up": "MEM"
}