{
  "metrics": {
    "pitches_per_pa": 3.843842290941267,
    "avg": 0.2435406760222162,
    "obp": 0.31425960626460314,
    "slg": 0.4049045759719591,
    "ops": 0.7191641822365622,
    "iso": 0.1613638999497429,
    "babip": 0.2947678174118998,
    "k_pct": 0.2296112432631204,
    "bb_pct": 0.08285356408223303,
    "k_minus_bb_pct": 0.14675767918088736,
    "swing_pct": 0.486611160107027,
    "z_swing_pct": 0.6422022120800954,
    "o_swing_pct": 0.3253372948224636,
    "contact_pct": 0.7956551923277774,
    "z_contact_pct": 0.8691611864670319,
    "o_contact_pct": 0.6452578785837263,
    "first_pitch_strike_pct": 0.6275381804392043,
    "zone_pct": 0.5089672491367584,
    "pitches_put_in_play_pct": 0.17358405955245967,
    "bip_gb_pct": 0.4218693488107745,
    "bip_ld_pct": 0.2179701358868815,
    "bip_fb_pct": 0.360160515302344,
    "hr_per_fb_pct": 0.1056750630800154,
    "sb_pct": 0.8133858267716535,
    "sba_per_pa": 0.05837671366681606,
    "bip_double_play_pct": 0.02395673664812359,
    "called_third_strike_share_of_so": 0.2261648566137831
  },
  "mlb_deltas": {
    "pitches_per_pa": -0.016157709058732816,
    "avg": -0.001459323977783783,
    "obp": 0.0012596062646031414,
    "slg": 0.012904575971959098,
    "ops": 0.01416418223656224,
    "iso": -0.0036361000502571073,
    "babip": 0.0037678174118997987,
    "k_pct": 0.009611243263120406,
    "bb_pct": 0.002853564082233029,
    "k_minus_bb_pct": 0.006757679180887349,
    "swing_pct": 0.016611160107027012,
    "z_swing_pct": -0.007797787919904597,
    "o_swing_pct": 0.00533729482246359,
    "contact_pct": 0.03565519232777736,
    "z_contact_pct": 0.049161186467031937,
    "o_contact_pct": 0.0252578785837263,
    "first_pitch_strike_pct": 0.027538180439204307,
    "zone_pct": 0.018967249136758402,
    "pitches_put_in_play_pct": -0.0014159404475403148,
    "bip_gb_pct": -0.018130651189225522,
    "bip_ld_pct": 0.007970135886881502,
    "bip_fb_pct": 0.01016051530234402,
    "hr_per_fb_pct": -0.004324936919984604,
    "sb_pct": 0.03338582677165347,
    "sba_per_pa": 0.008376713666816055,
    "bip_double_play_pct": -0.004043263351876412,
    "called_third_strike_share_of_so": -0.003835143386216905
  },
  "flags": [],
  "leaders": {
    "batting": {
      "avg": [
        {
          "player_id": "P6984",
          "name": "Percy Allen",
          "team_id": "NEW",
          "value": 0.33183183183183185
        },
        {
          "player_id": "P8446",
          "name": "Hector Martinez",
          "team_id": "LAS",
          "value": 0.32983508245877063
        },
        {
          "player_id": "P5396",
          "name": "Juan Guerrero",
          "team_id": "POR",
          "value": 0.32840236686390534
        }
      ],
      "hr": [
        {
          "player_id": "P8446",
          "name": "Hector Martinez",
          "team_id": "LAS",
          "value": 52.0
        },
        {
          "player_id": "P2269",
          "name": "Efrain Casdorph",
          "team_id": "MIL",
          "value": 51.0
        },
        {
          "player_id": "P3971",
          "name": "Vernon Benek",
          "team_id": "MIL",
          "value": 47.0
        }
      ],
      "rbi": [
        {
          "player_id": "P2269",
          "name": "Efrain Casdorph",
          "team_id": "MIL",
          "value": 143.0
        },
        {
          "player_id": "P6984",
          "name": "Percy Allen",
          "team_id": "NEW",
          "value": 119.0
        },
        {
          "player_id": "P4585",
          "name": "Jamal Green",
          "team_id": "FOR",
          "value": 118.0
        }
      ],
      "sb": [
        {
          "player_id": "P8280",
          "name": "Sung Le",
          "team_id": "NAS",
          "value": 73.0
        },
        {
          "player_id": "P8415",
          "name": "Vicente Nimick",
          "team_id": "SAN",
          "value": 65.0
        },
        {
          "player_id": "P9941",
          "name": "Wilber Mcamis",
          "team_id": "FOR",
          "value": 61.0
        }
      ],
      "ops": [
        {
          "player_id": "P8446",
          "name": "Hector Martinez",
          "team_id": "LAS",
          "value": 1.061758277487762
        },
        {
          "player_id": "P6984",
          "name": "Percy Allen",
          "team_id": "NEW",
          "value": 1.0408048048048049
        },
        {
          "player_id": "P2269",
          "name": "Efrain Casdorph",
          "team_id": "MIL",
          "value": 0.9794007241065281
        }
      ]
    },
    "pitching": {
      "era": [
        {
          "player_id": "P4947",
          "name": "Gail Politte",
          "team_id": "ELP",
          "value": 2.2771084337349397
        },
        {
          "player_id": "P6559",
          "name": "Xavier Robinson",
          "team_id": "ELP",
          "value": 2.695581014729951
        },
        {
          "player_id": "P3885",
          "name": "Darrick Mccoil",
          "team_id": "SEA",
          "value": 2.785357737104825
        }
      ],
      "so": [
        {
          "player_id": "P2516",
          "name": "Deshawn Washington",
          "team_id": "NAS",
          "value": 233.0
        },
        {
          "player_id": "P3867",
          "name": "Graig Volker",
          "team_id": "MIL",
          "value": 228.0
        },
        {
          "player_id": "P9378",
          "name": "Mark Mazierski",
          "team_id": "ALB",
          "value": 226.0
        }
      ],
      "wins": [
        {
          "player_id": "P4574",
          "name": "Jermaine Carter",
          "team_id": "POR",
          "value": 17.0
        },
        {
          "player_id": "P3140",
          "name": "Gerald Gangestad",
          "team_id": "NEW",
          "value": 17.0
        },
        {
          "player_id": "P3885",
          "name": "Darrick Mccoil",
          "team_id": "SEA",
          "value": 16.0
        }
      ],
      "saves": [
        {
          "player_id": "P1681",
          "name": "Malik White",
          "team_id": "SEA",
          "value": 54.0
        },
        {
          "player_id": "P9232",
          "name": "Tod Lantaff",
          "team_id": "FOR",
          "value": 52.0
        },
        {
          "player_id": "P4052",
          "name": "Mel Deckard",
          "team_id": "ELP",
          "value": 48.0
        }
      ]
    }
  },
  "year": 2026,
  "season_id": "nexgen-long-run-2026",
  "champion": "LAS",
  "runner_up": "BOS"
}