{
  "metrics": {
    "pitches_per_pa": 3.8468817302845624,
    "avg": 0.24227307791205965,
    "obp": 0.31395871512050066,
    "slg": 0.40109282591925943,
    "ops": 0.7150515410397601,
    "iso": 0.15881974800719978,
    "babip": 0.2936168684219979,
    "k_pct": 0.23132704027860515,
    "bb_pct": 0.08363882142693488,
    "k_minus_bb_pct": 0.14768821885167024,
    "swing_pct": 0.4879542111125008,
    "z_swing_pct": 0.6441765142700104,
    "o_swing_pct": 0.3258121483926957,
    "contact_pct": 0.7942278586075578,
    "z_contact_pct": 0.8694460329130699,
    "o_contact_pct": 0.6398755750926668,
    "first_pitch_strike_pct": 0.6296911515373689,
    "zone_pct": 0.5092971453416001,
    "pitches_put_in_play_pct": 0.17275358693515822,
    "bip_gb_pct": 0.42712588991742945,
    "bip_ld_pct": 0.21694161452138389,
    "bip_fb_pct": 0.35593249556118667,
    "hr_per_fb_pct": 0.10784652609747666,
    "sb_pct": 0.8037750688163586,
    "sba_per_pa": 0.05826421665215598,
    "bip_double_play_pct": 0.02430573511920153,
    "called_third_strike_share_of_so": 0.2230971128608924
  },
  "mlb_deltas": {
    "pitches_per_pa": -0.013118269715437503,
    "avg": -0.002726922087940342,
    "obp": 0.0009587151205006639,
    "slg": 0.009092825919259417,
    "ops": 0.010051541039760137,
    "iso": -0.006180251992800229,
    "babip": 0.002616868421997931,
    "k_pct": 0.01132704027860515,
    "bb_pct": 0.0036388214269348768,
    "k_minus_bb_pct": 0.007688218851670231,
    "swing_pct": 0.01795421111250084,
    "z_swing_pct": -0.005823485729989586,
    "o_swing_pct": 0.005812148392695671,
    "contact_pct": 0.03422785860755784,
    "z_contact_pct": 0.049446032913069926,
    "o_contact_pct": 0.019875575092666797,
    "first_pitch_strike_pct": 0.0296911515373689,
    "zone_pct": 0.019297145341600097,
    "pitches_put_in_play_pct": -0.0022464130648417735,
    "bip_gb_pct": -0.012874110082570556,
    "bip_ld_pct": 0.006941614521383893,
    "bip_fb_pct": 0.00593249556118669,
    "hr_per_fb_pct": -0.002153473902523337,
    "sb_pct": 0.023775068816358602,
    "sba_per_pa": 0.00826421665215598,
    "bip_double_play_pct": -0.0036942648807984715,
    "called_third_strike_share_of_so": -0.006902887139107611
  },
  "flags": [],
  "leaders": {
    "batting": {
      "avg": [
        {
          "player_id": "P7219",
          "name": "Esteban Kurtyka",
          "team_id": "NEW",
          "value": 0.3265625
        },
        {
          "player_id": "P6984",
          "name": "Percy Allen",
          "team_id": "NEW",
          "value": 0.32526475037821484
        },
        {
          "player_id": "P2034",
          "name": "Rory Hullender",
          "team_id": "NEW",
          "value": 0.31896551724137934
        }
      ],
      "hr": [
        {
          "player_id": "P2269",
          "name": "Efrain Casdorph",
          "team_id": "MIL",
          "value": 50.0
        },
        {
          "player_id": "P8446",
          "name": "Hector Martinez",
          "team_id": "LAS",
          "value": 47.0
        },
        {
          "player_id": "P6984",
          "name": "Percy Allen",
          "team_id": "NEW",
          "value": 46.0
        }
      ],
      "rbi": [
        {
          "player_id": "P2269",
          "name": "Efrain Casdorph",
          "team_id": "MIL",
          "value": 131.0
        },
        {
          "player_id": "P4191",
          "name": "Antonio Hernandez",
          "team_id": "LAS",
          "value": 117.0
        },
        {
          "player_id": "P4585",
          "name": "Jamal Green",
          "team_id": "FOR",
          "value": 115.0
        }
      ],
      "sb": [
        {
          "player_id": "P8280",
          "name": "Sung Le",
          "team_id": "NAS",
          "value": 73.0
        },
        {
          "player_id": "P4106",
          "name": "Clair Reindeau",
          "team_id": "BAL",
          "value": 64.0
        },
        {
          "player_id": "P6174",
          "name": "Manuel Morales",
          "team_id": "SAN",
          "value": 64.0
        }
      ],
      "ops": [
        {
          "player_id": "P6984",
          "name": "Percy Allen",
          "team_id": "NEW",
          "value": 1.0336206687323533
        },
        {
          "player_id": "P2269",
          "name": "Efrain Casdorph",
          "team_id": "MIL",
          "value": 1.0020540376766651
        },
        {
          "player_id": "P8446",
          "name": "Hector Martinez",
          "team_id": "LAS",
          "value": 0.9812814122410802
        }
      ]
    },
    "pitching": {
      "era": [
        {
          "player_id": "P5788",
          "name": "Jermaine Washington",
          "team_id": "POR",
          "value": 2.7779783393501805
        },
        {
          "player_id": "P1567",
          "name": "Jermaine Mitchell",
          "team_id": "ALB",
          "value": 2.8014311270125223
        },
        {
          "player_id": "P3156",
          "name": "Levi Christman",
          "team_id": "MEM",
          "value": 2.8651079136690645
        }
      ],
      "so": [
        {
          "player_id": "P4947",
          "name": "Gail Politte",
          "team_id": "ELP",
          "value": 234.0
        },
        {
          "player_id": "P6679",
          "name": "Rafael Gonzalez",
          "team_id": "POR",
          "value": 232.0
        },
        {
          "player_id": "P2516",
          "name": "Deshawn Washington",
          "team_id": "NAS",
          "value": 212.0
        }
      ],
      "wins": [
        {
          "player_id": "P3140",
          "name": "Gerald Gangestad",
          "team_id": "NEW",
          "value": 18.0
        },
        {
          "player_id": "P9378",
          "name": "Mark Mazierski",
          "team_id": "ALB",
          "value": 17.0
        },
        {
          "player_id": "P4574",
          "name": "Jermaine Carter",
          "team_id": "POR",
          "value": 16.0
        }
      ],
      "saves": [
        {
          "player_id": "P9804",
          "name": "Jermaine Taylor",
          "team_id": "ALB",
          "value": 52.0
        },
        {
          "player_id": "P2457",
          "name": "Roberto Delgado",
          "team_id": "MIL",
          "value": 50.0
        },
        {
          "player_id": "P2955",
          "name": "Jose Cruz",
          "team_id": "NAS",
          "value": 48.0
        }
      ]
    }
  },
  "year": 2029,
  "season_id": "nexgen-long-run-2029",
  "champion": "ELP",
  "runner_up": "NEW"
}