{
  "stochastic": {
    "pitches": 43779.0,
    "swing_rate": 0.2748349665364673,
    "take_rate": 0.7251650334635328,
    "contact_rate": 0.20105530048653464,
    "swing_contact_rate": 0.7315492021276596,
    "foul_rate": 0.054797962493432925,
    "ball_in_play_rate": 0.09744397999040635,
    "ball_rate": 0.3333333333333333,
    "called_strike_rate": 0.11140044313483634,
    "walk_rate": 0.009502272779186367,
    "strikeout_rate": 0.12042303387468878
  },
  "deterministic": {
    "pitches": 2300.0,
    "swing_rate": 0.27043478260869563,
    "take_rate": 0.7295652173913043,
    "contact_rate": 0.1973913043478261,
    "swing_contact_rate": 0.729903536977492,
    "foul_rate": 0.05217391304347826,
    "ball_in_play_rate": 0.1,
    "ball_rate": 0.3347826086956522,
    "called_strike_rate": 0.10434782608695652,
    "walk_rate": 0.01,
    "strikeout_rate": 0.11695652173913043
  }
}