{
  "stochastic": {
    "pitches": 51209.0,
    "swing_rate": 0.4462692104903435,
    "take_rate": 0.5537307895096565,
    "contact_rate": 0.22828018512370873,
    "swing_contact_rate": 0.5115302148514418,
    "foul_rate": 0.01573942080493663,
    "ball_in_play_rate": 0.21254076431877209,
    "ball_rate": 0.329512390400125,
    "called_strike_rate": 0.22421839910953154,
    "walk_rate": 0.010154465035442988,
    "strikeout_rate": 0.1344685504501162
  },
  "deterministic": {
    "pitches": 2511.0,
    "swing_rate": 0.4412584627638391,
    "take_rate": 0.5587415372361609,
    "contact_rate": 0.22580645161290322,
    "swing_contact_rate": 0.5117328519855595,
    "foul_rate": 0.01592990840302668,
    "ball_in_play_rate": 0.20987654320987653,
    "ball_rate": 0.3249701314217443,
    "called_strike_rate": 0.23377140581441658,
    "walk_rate": 0.008761449621664676,
    "strikeout_rate": 0.13898845081640782
  }
}