{
  "stochastic": {
    "pitches": 41294.0,
    "swing_rate": 0.2784908219111735,
    "take_rate": 0.7215091780888264,
    "contact_rate": 0.17852472514166706,
    "swing_contact_rate": 0.6410434782608696,
    "foul_rate": 0.05068532958783358,
    "ball_in_play_rate": 0.09589770911028236,
    "ball_rate": 0.34905797452414394,
    "called_strike_rate": 0.10962851746016371,
    "walk_rate": 0.011188066062866276,
    "strikeout_rate": 0.13466847483895966
  },
  "deterministic": {
    "pitches": 2064.0,
    "swing_rate": 0.29941860465116277,
    "take_rate": 0.7005813953488372,
    "contact_rate": 0.1923449612403101,
    "swing_contact_rate": 0.6423948220064725,
    "foul_rate": 0.05135658914728682,
    "ball_in_play_rate": 0.10610465116279069,
    "ball_rate": 0.3493217054263566,
    "called_strike_rate": 0.10174418604651163,
    "walk_rate": 0.007751937984496124,
    "strikeout_rate": 0.1308139534883721
  }
}