{
  "stochastic": {
    "pitches": 37672.0,
    "swing_rate": 0.3795922701210448,
    "take_rate": 0.6204077298789552,
    "contact_rate": 0.2794383096198768,
    "swing_contact_rate": 0.7361538461538462,
    "foul_rate": 0.05348800169887449,
    "ball_in_play_rate": 0.13811318751327245,
    "ball_rate": 0.41394138882990017,
    "called_strike_rate": 0.13102569547674667,
    "walk_rate": 0.02765980038224676,
    "strikeout_rate": 0.08435973667445318
  },
  "deterministic": {
    "pitches": 1862.0,
    "swing_rate": 0.37593984962406013,
    "take_rate": 0.6240601503759399,
    "contact_rate": 0.2631578947368421,
    "swing_contact_rate": 0.7,
    "foul_rate": 0.04779806659505908,
    "ball_in_play_rate": 0.13211600429645542,
    "ball_rate": 0.41729323308270677,
    "called_strike_rate": 0.13694951664876476,
    "walk_rate": 0.024704618689581095,
    "strikeout_rate": 0.09452201933404941
  }
}