{
  "stochastic": {
    "pitches": 45654.0,
    "swing_rate": 0.2580277741271301,
    "take_rate": 0.7419722258728698,
    "contact_rate": 0.21393525211372497,
    "swing_contact_rate": 0.8291171477079796,
    "foul_rate": 0.050422744994962104,
    "ball_in_play_rate": 0.08314715030446401,
    "ball_rate": 0.33705699391071975,
    "called_strike_rate": 0.10590528759801988,
    "walk_rate": 0.012178560476628554,
    "strikeout_rate": 0.15556139659175539
  },
  "deterministic": {
    "pitches": 2985.0,
    "swing_rate": 0.25025125628140704,
    "take_rate": 0.749748743718593,
    "contact_rate": 0.19530988274706867,
    "swing_contact_rate": 0.7804551539491299,
    "foul_rate": 0.044221105527638194,
    "ball_in_play_rate": 0.07571189279731994,
    "ball_rate": 0.33802345058626465,
    "called_strike_rate": 0.10385259631490787,
    "walk_rate": 0.011055276381909548,
    "strikeout_rate": 0.16013400335008376
  }
}