{
  "stochastic": {
    "pitches": 55628.0,
    "swing_rate": 0.4159056590206371,
    "take_rate": 0.5840943409793629,
    "contact_rate": 0.2184691162723808,
    "swing_contact_rate": 0.5252852697095436,
    "foul_rate": 0.013446465808585604,
    "ball_in_play_rate": 0.2050226504637952,
    "ball_rate": 0.389875602214712,
    "called_strike_rate": 0.1942187387646509,
    "walk_rate": 0.028798446825339757,
    "strikeout_rate": 0.1129107643632703
  },
  "deterministic": {
    "pitches": 2767.0,
    "swing_rate": 0.4145283700758945,
    "take_rate": 0.5854716299241055,
    "contact_rate": 0.21647994217564148,
    "swing_contact_rate": 0.5222319093286836,
    "foul_rate": 0.013733285146367907,
    "ball_in_play_rate": 0.20274665702927358,
    "ball_rate": 0.3932056378749548,
    "called_strike_rate": 0.1922659920491507,
    "walk_rate": 0.027827972533429706,
    "strikeout_rate": 0.1123960968558005
  }
}