{
  "stochastic": {
    "pitches": 51070.0,
    "swing_rate": 0.3730174270608968,
    "take_rate": 0.6269825729391032,
    "contact_rate": 0.22304679851184647,
    "swing_contact_rate": 0.5979527559055118,
    "foul_rate": 0.057039357744272566,
    "ball_in_play_rate": 0.13837869590757784,
    "ball_rate": 0.45703935774427257,
    "called_strike_rate": 0.15778343450166438,
    "walk_rate": 0.028627374192285098,
    "strikeout_rate": 0.07607205795966321
  },
  "deterministic": {
    "pitches": 2678.0,
    "swing_rate": 0.3573562359970127,
    "take_rate": 0.6426437640029873,
    "contact_rate": 0.2128454070201643,
    "swing_contact_rate": 0.5956112852664577,
    "foul_rate": 0.05414488424197162,
    "ball_in_play_rate": 0.1299477221807319,
    "ball_rate": 0.46377893950709487,
    "called_strike_rate": 0.16766243465272593,
    "walk_rate": 0.02875280059746079,
    "strikeout_rate": 0.07692307692307693
  }
}