{
  "version": 1,
  "teams": {
    "ALB": {
      "seasons": {
        "nexgen-long-run-2025": {
          "l": 89,
          "g": 162,
          "r": 706,
          "ra": 782,
          "lob": 1142,
          "opp_pa": 6317,
          "opp_h": 1464,
          "opp_bb": 513,
          "opp_so": 1506,
          "opp_hbp": 84,
          "opp_hr": 239,
          "opp_roe": 42,
          "der": 0.6211320754716981,
          "rpg": 4.3580246913580245,
          "rag": 4.827160493827161,
          "w": 73
        },
        "nexgen-long-run-2026": {
          "l": 174,
          "g": 324,
          "r": 1404,
          "ra": 1491,
          "lob": 2249,
          "opp_pa": 12516,
          "opp_h": 2826,
          "opp_bb": 1037,
          "opp_so": 2958,
          "opp_hbp": 165,
          "opp_hr": 457,
          "opp_roe": 71,
          "der": 0.6332447145208254,
          "rpg": 4.333333333333333,
          "rag": 4.601851851851852,
          "w": 150
        }
      },
      "totals": {
        "l": 263,
        "g": 486,
        "r": 2110,
        "ra": 2273,
        "lob": 3391,
        "opp_pa": 18833,
        "opp_h": 4290,
        "opp_bb": 1550,
        "opp_so": 4464,
        "opp_hbp": 249,
        "opp_hr": 696,
        "opp_roe": 113,
        "der": 1.2543767899925236,
        "rpg": 8.691358024691358,
        "rag": 9.429012345679013,
        "w": 223
      }
    },
    "ELP": {
      "seasons": {
        "nexgen-long-run-2025": {
          "w": 84,
          "g": 162,
          "r": 671,
          "ra": 685,
          "lob": 1176,
          "opp_pa": 6249,
          "opp_h": 1416,
          "opp_bb": 551,
          "opp_so": 1528,
          "opp_hbp": 73,
          "opp_hr": 192,
          "opp_roe": 46,
          "der": 0.6256081946222791,
          "rpg": 4.1419753086419755,
          "rag": 4.228395061728395,
          "l": 78
        },
        "nexgen-long-run-2026": {
          "w": 171,
          "g": 324,
          "r": 1409,
          "ra": 1392,
          "lob": 2350,
          "opp_pa": 12391,
          "opp_h": 2659,
          "opp_bb": 1057,
          "opp_so": 3032,
          "opp_hbp": 145,
          "opp_hr": 415,
          "opp_roe": 83,
          "der": 0.6458279514337381,
          "rpg": 4.348765432098766,
          "rag": 4.296296296296297,
          "l": 153
        }
      },
      "totals": {
        "w": 255,
        "g": 486,
        "r": 2080,
        "ra": 2077,
        "lob": 3526,
        "opp_pa": 18640,
        "opp_h": 4075,
        "opp_bb": 1608,
        "opp_so": 4560,
        "opp_hbp": 218,
        "opp_hr": 607,
        "opp_roe": 129,
        "der": 1.271436146056017,
        "rpg": 8.49074074074074,
        "rag": 8.524691358024691,
        "l": 231
      }
    },
    "CHA": {
      "seasons": {
        "nexgen-long-run-2025": {
          "w": 88,
          "g": 162,
          "r": 681,
          "ra": 657,
          "lob": 1119,
          "opp_pa": 6250,
          "opp_h": 1346,
          "opp_bb": 520,
          "opp_so": 1559,
          "opp_hbp": 87,
          "opp_hr": 180,
          "opp_roe": 57,
          "der": 0.640625,
          "rpg": 4.203703703703703,
          "rag": 4.055555555555555,
          "l": 74
        },
        "nexgen-long-run-2026": {
          "w": 164,
          "g": 324,
          "r": 1399,
          "ra": 1430,
          "lob": 2286,
          "opp_pa": 12571,
          "opp_h": 2781,
          "opp_bb": 1077,
          "opp_so": 3077,
          "opp_hbp": 169,
          "opp_hr": 400,
          "opp_roe": 110,
          "der": 0.6316258919469928,
          "rpg": 4.317901234567901,
          "rag": 4.41358024691358,
          "l": 160
        }
      },
      "totals": {
        "w": 252,
        "g": 486,
        "r": 2080,
        "ra": 2087,
        "lob": 3405,
        "opp_pa": 18821,
        "opp_h": 4127,
        "opp_bb": 1597,
        "opp_so": 4636,
        "opp_hbp": 256,
        "opp_hr": 580,
        "opp_roe": 167,
        "der": 1.2722508919469928,
        "rpg": 8.521604938271604,
        "rag": 8.469135802469136,
        "l": 234
      }
    },
    "DAL": {
      "seasons": {
        "nexgen-long-run-2025": {
          "l": 85,
          "g": 162,
          "r": 710,
          "ra": 716,
          "lob": 1193,
          "opp_pa": 6252,
          "opp_h": 1394,
          "opp_bb": 553,
          "opp_so": 1510,
          "opp_hbp": 81,
          "opp_hr": 207,
          "opp_roe": 45,
          "der": 0.6311202255831838,
          "rpg": 4.382716049382716,
          "rag": 4.419753086419753,
          "w": 77
        },
        "nexgen-long-run-2026": {
          "l": 170,
          "g": 324,
          "r": 1386,
          "ra": 1453,
          "lob": 2315,
          "opp_pa": 12576,
          "opp_h": 2764,
          "opp_bb": 1164,
          "opp_so": 3031,
          "opp_hbp": 159,
          "opp_hr": 394,
          "opp_roe": 91,
          "der": 0.6352835973428718,
          "rpg": 4.277777777777778,
          "rag": 4.484567901234568,
          "w": 154
        }
      },
      "totals": {
        "l": 255,
        "g": 486,
        "r": 2096,
        "ra": 2169,
        "lob": 3508,
        "opp_pa": 18828,
        "opp_h": 4158,
        "opp_bb": 1717,
        "opp_so": 4541,
        "opp_hbp": 240,
        "opp_hr": 601,
        "opp_roe": 136,
        "der": 1.2664038229260557,
        "rpg": 8.660493827160494,
        "rag": 8.904320987654321,
        "w": 231
      }
    },
    "DEN": {
      "seasons": {
        "nexgen-long-run-2025": {
          "l": 72,
          "g": 162,
          "r": 745,
          "ra": 704,
          "lob": 1185,
          "opp_pa": 6257,
          "opp_h": 1340,
          "opp_bb": 549,
          "opp_so": 1559,
          "opp_hbp": 91,
          "opp_hr": 199,
          "opp_roe": 53,
          "der": 0.6390256543145894,
          "rpg": 4.598765432098766,
          "rag": 4.345679012345679,
          "w": 90
        },
        "nexgen-long-run-2026": {
          "l": 143,
          "g": 324,
          "r": 1484,
          "ra": 1380,
          "lob": 2357,
          "opp_pa": 12443,
          "opp_h": 2663,
          "opp_bb": 1051,
          "opp_so": 3112,
          "opp_hbp": 168,
          "opp_hr": 409,
          "opp_roe": 96,
          "der": 0.6418278592756069,
          "rpg": 4.580246913580247,
          "rag": 4.2592592592592595,
          "w": 181
        }
      },
      "totals": {
        "l": 215,
        "g": 486,
        "r": 2229,
        "ra": 2084,
        "lob": 3542,
        "opp_pa": 18700,
        "opp_h": 4003,
        "opp_bb": 1600,
        "opp_so": 4671,
        "opp_hbp": 259,
        "opp_hr": 608,
        "opp_roe": 149,
        "der": 1.2808535135901962,
        "rpg": 9.179012345679013,
        "rag": 8.604938271604938,
        "w": 271
      }
    },
    "SAN1": {
      "seasons": {
        "nexgen-long-run-2025": {
          "w": 62,
          "g": 162,
          "r": 594,
          "ra": 729,
          "lob": 1224,
          "opp_pa": 6300,
          "opp_h": 1372,
          "opp_bb": 557,
          "opp_so": 1583,
          "opp_hbp": 88,
          "opp_hr": 222,
          "opp_roe": 34,
          "der": 0.6348051948051948,
          "rpg": 3.6666666666666665,
          "rag": 4.5,
          "l": 99
        },
        "nexgen-long-run-2026": {
          "w": 130,
          "g": 324,
          "r": 1240,
          "ra": 1418,
          "lob": 2378,
          "opp_pa": 12578,
          "opp_h": 2730,
          "opp_bb": 1140,
          "opp_so": 3122,
          "opp_hbp": 158,
          "opp_hr": 403,
          "opp_roe": 72,
          "der": 0.6386847195357834,
          "rpg": 3.8271604938271606,
          "rag": 4.3765432098765435,
          "l": 193
        }
      },
      "totals": {
        "w": 192,
        "g": 486,
        "r": 1834,
        "ra": 2147,
        "lob": 3602,
        "opp_pa": 18878,
        "opp_h": 4102,
        "opp_bb": 1697,