{
  "seasons": [],
  "metric_totals": {
    "pitches_per_pa": {
      "max_abs_delta": 0.00984394672703992,
      "avg_abs_delta": 0.006657601539930595
    },
    "avg": {
      "max_abs_delta": 0.004245087230040856,
      "avg_abs_delta": 0.003471741024369146
    },
    "obp": {
      "max_abs_delta": 0.0014539837548885881,
      "avg_abs_delta": 0.0006491647875792594
    },
    "slg": {
      "max_abs_delta": 0.011002801409741636,
      "avg_abs_delta": 0.008296721871010956
    },
    "ops": {
      "max_abs_delta": 0.011349567198666866,
      "avg_abs_delta": 0.008848056779307556
    },
    "iso": {
      "max_abs_delta": 0.008699331992995635,
      "avg_abs_delta": 0.006231537104619887
    },
    "babip": {
      "max_abs_delta": 0.0030146304978382887,
      "avg_abs_delta": 0.0023870573923478653
    },
    "k_pct": {
      "max_abs_delta": 0.015466022893973863,
      "avg_abs_delta": 0.012434782901773042
    },
    "bb_pct": {
      "max_abs_delta": 0.004365191597971926,
      "avg_abs_delta": 0.0034461932375782814
    },
    "k_minus_bb_pct": {
      "max_abs_delta": 0.012172155290910536,
      "avg_abs_delta": 0.008988589664194755
    },
    "swing_pct": {
      "max_abs_delta": 0.01960636623088302,
      "avg_abs_delta": 0.018387735662393507
    },
    "z_swing_pct": {
      "max_abs_delta": 0.005926426514661798,
      "avg_abs_delta": 0.005291731632977137
    },
    "o_swing_pct": {
      "max_abs_delta": 0.00780110644537757,
      "avg_abs_delta": 0.006855654833988127
    },
    "contact_pct": {
      "max_abs_delta": 0.03602355958886205,
      "avg_abs_delta": 0.03454045544517281
    },
    "z_contact_pct": {
      "max_abs_delta": 0.04857572382065012,
      "avg_abs_delta": 0.047681674368620475
    },
    "o_contact_pct": {
      "max_abs_delta": 0.027935228659100142,
      "avg_abs_delta": 0.025463220771202628
    },
    "first_pitch_strike_pct": {
      "max_abs_delta": 0.02638336055955648,
      "avg_abs_delta": 0.02566540031252551
    },
    "zone_pct": {
      "max_abs_delta": 0.018863976573032182,
      "avg_abs_delta": 0.018197934715687276
    },
    "pitches_put_in_play_pct": {
      "max_abs_delta": 0.004474903290510507,
      "avg_abs_delta": 0.0035704528578009063
    },
    "bip_gb_pct": {
      "max_abs_delta": 0.016527218624190432,
      "avg_abs_delta": 0.014629055019806603
    },
    "bip_ld_pct": {
      "max_abs_delta": 0.007414659504418664,
      "avg_abs_delta": 0.006861442731147148
    },
    "bip_fb_pct": {
      "max_abs_delta": 0.010458603185716786,
      "avg_abs_delta": 0.007767612288659483
    },
    "hr_per_fb_pct": {
      "max_abs_delta": 0.003909797282632285,
      "avg_abs_delta": 0.0028271516703033315
    },
    "sb_pct": {
      "max_abs_delta": 0.025071315372424685,
      "avg_abs_delta": 0.017531673318599356
    },
    "sba_per_pa": {
      "max_abs_delta": 0.009129215097897193,
      "avg_abs_delta": 0.007783581437352416
    },
    "bip_double_play_pct": {
      "max_abs_delta": 0.0038738174711609973,
      "avg_abs_delta": 0.0031464178712970344
    },
    "called_third_strike_share_of_so": {
      "max_abs_delta": 0.006649497179298525,
      "avg_abs_delta": 0.002483045928006661
    }
  }
}