{
  "metrics": {
    "pitches_per_pa": 3.8656213330879137,
    "avg": 0.24207020306993196,
    "obp": 0.3133467657889252,
    "slg": 0.40300280140974165,
    "ops": 0.7163495671986668,
    "iso": 0.1609325983398097,
    "babip": 0.29279636573406403,
    "k_pct": 0.2308630329245565,
    "bb_pct": 0.0826795205116996,
    "k_minus_bb_pct": 0.1481835124128569,
    "swing_pct": 0.489606366230883,
    "z_swing_pct": 0.6457746067021464,
    "o_swing_pct": 0.3278011064453776,
    "contact_pct": 0.7960235595888621,
    "z_contact_pct": 0.8685757238206501,
    "o_contact_pct": 0.6479352286591001,
    "first_pitch_strike_pct": 0.6263833605595565,
    "zone_pct": 0.5088639765730322,
    "pitches_put_in_play_pct": 0.17207453061248784,
    "bip_gb_pct": 0.42470728628007126,
    "bip_ld_pct": 0.2171010532505491,
    "bip_fb_pct": 0.3581916604693796,
    "hr_per_fb_pct": 0.10805340223944875,
    "sb_pct": 0.8050713153724247,
    "sba_per_pa": 0.05807238340657571,
    "bip_double_play_pct": 0.024126182528839003,
    "called_third_strike_share_of_so": 0.23021726131154077
  },
  "mlb_deltas": {
    "pitches_per_pa": 0.0056213330879137935,
    "avg": -0.002929796930068035,
    "obp": 0.00034676578892517407,
    "slg": 0.011002801409741636,
    "ops": 0.011349567198666866,
    "iso": -0.004067401660190317,
    "babip": 0.0017963657340640538,
    "k_pct": 0.01086303292455651,
    "bb_pct": 0.002679520511699604,
    "k_minus_bb_pct": 0.008183512412856891,
    "swing_pct": 0.01960636623088302,
    "z_swing_pct": -0.004225393297853652,
    "o_swing_pct": 0.00780110644537757,
    "contact_pct": 0.03602355958886205,
    "z_contact_pct": 0.04857572382065012,
    "o_contact_pct": 0.027935228659100142,
    "first_pitch_strike_pct": 0.02638336055955648,
    "zone_pct": 0.018863976573032182,
    "pitches_put_in_play_pct": -0.0029254693875121474,
    "bip_gb_pct": -0.015292713719928741,
    "bip_ld_pct": 0.007101053250549105,
    "bip_fb_pct": 0.008191660469379636,
    "hr_per_fb_pct": -0.0019465977605512552,
    "sb_pct": 0.025071315372424685,
    "sba_per_pa": 0.008072383406575706,
    "bip_double_play_pct": -0.0038738174711609973,
    "called_third_strike_share_of_so": 0.00021726131154076178
  },
  "flags": [],
  "leaders": {
    "batting": {
      "avg": [
        {
          "player_id": "P9372",
          "name": "Darnell Jefferson",
          "team_id": "JAC",
          "value": 0.3347763347763348
        },
        {
          "player_id": "P7119",
          "name": "Fernando Morales",
          "team_id": "SAN1",
          "value": 0.32262996941896027
        },
        {
          "player_id": "P6907",
          "name": "Merrill Kaufman",
          "team_id": "COL",
          "value": 0.3198707592891761
        }
      ],
      "hr": [
        {
          "player_id": "P8684",
          "name": "Frances Newham",
          "team_id": "SAN2",
          "value": 53.0
        },
        {
          "player_id": "P1242",
          "name": "Jorge Diaz",
          "team_id": "JAC",
          "value": 51.0
        },
        {
          "player_id": "P9372",
          "name": "Darnell Jefferson",
          "team_id": "JAC",
          "value": 50.0
        }
      ],
      "rbi": [
        {
          "player_id": "P6907",
          "name": "Merrill Kaufman",
          "team_id": "COL",
          "value": 150.0
        },
        {
          "player_id": "P8684",
          "name": "Frances Newham",
          "team_id": "SAN2",
          "value": 139.0
        },
        {
          "player_id": "P1242",
          "name": "Jorge Diaz",
          "team_id": "JAC",
          "value": 128.0
        }
      ],
      "sb": [
        {
          "player_id": "P5171",
          "name": "Jose Gonzalez",
          "team_id": "PHI",
          "value": 67.0
        },
        {
          "player_id": "P9774",
          "name": "Myron Hakes",
          "team_id": "CHI",
          "value": 63.0
        },
        {
          "player_id": "P9605",
          "name": "Abel Bernhagen",
          "team_id": "WAS",
          "value": 61.0
        }
      ],
      "ops": [
        {
          "player_id": "P9372",
          "name": "Darnell Jefferson",
          "team_id": "JAC",
          "value": 1.0471007063112325
        },
        {
          "player_id": "P6907",
          "name": "Merrill Kaufman",
          "team_id": "COL",
          "value": 1.0188335557584698
        },
        {
          "player_id": "P2979",
          "name": "Leroy White",
          "team_id": "ELP",
          "value": 1.0085505834059179
        }
      ]
    },
    "pitching": {
      "era": [
        {
          "player_id": "P8605",
          "name": "Tyrone Harris",
          "team_id": "BAL",
          "value": 2.487437185929648
        },
        {
          "player_id": "P7723",
          "name": "Lindsay Pachlin",
          "team_id": "NAS",
          "value": 2.5017482517482517
        },
        {
          "player_id": "P8346",
          "name": "Merle Zieler",
          "team_id": "CHA",
          "value": 2.5278884462151394
        }
      ],
      "so": [
        {
          "player_id": "P5131",
          "name": "Xavier Scott",
          "team_id": "COL",
          "value": 234.0
        },
        {
          "player_id": "P4330",
          "name": "Carlos Perez",
          "team_id": "WAS",
          "value": 227.0
        },
        {
          "player_id": "P6739",
          "name": "Jamal Baker",
          "team_id": "COL",
          "value": 223.0
        }
      ],
      "wins": [
        {
          "player_id": "P7294",
          "name": "Darnell Harris",
          "team_id": "JAC",
          "value": 18.0
        },
        {
          "player_id": "P6739",
          "name": "Jamal Baker",
          "team_id": "COL",
          "value": 18.0
        },
        {
          "player_id": "P6752",
          "name": "Tyrone Wright",
          "team_id": "COL",
          "value": 16.0
        }
      ],
      "saves": [
        {
          "player_id": "P9270",
          "name": "Rufus Baker",
          "team_id": "CHI",
          "value": 48.0
        },
        {
          "player_id": "P4949",
          "name": "Roberto Garcia",
          "team_id": "BAL",
          "value": 47.0
        },
        {
          "player_id": "P5740",
          "name": "Owen Cushen",
          "team_id": "CHA",
          "value": 40.0
        }
      ]
    }
  },
  "year": 2027,
  "season_id": "nexgen-long-run-2027",
  "champion": "COL",
  "runner_up": "SAN1"
}