{
  "metrics": {
    "pitches_per_pa": 3.86984394672704,
    "avg": 0.24075491276995914,
    "obp": 0.312853255181076,
    "slg": 0.3970555807769635,
    "ops": 0.7099088359580394,
    "iso": 0.15630066800700437,
    "babip": 0.29401463049783827,
    "k_pct": 0.23546602289397386,
    "bb_pct": 0.08329386760306332,
    "k_minus_bb_pct": 0.15217215529091055,
    "swing_pct": 0.48771132814365536,
    "z_swing_pct": 0.6440735734853382,
    "o_swing_pct": 0.3263069139966273,
    "contact_pct": 0.7919458979772943,
    "z_contact_pct": 0.8660882100691594,
    "o_contact_pct": 0.6408826427230309,
    "first_pitch_strike_pct": 0.6257493675857368,
    "zone_pct": 0.507933759969435,
    "pitches_put_in_play_pct": 0.17052509670948948,
    "bip_gb_pct": 0.42347278137580957,
    "bip_ld_pct": 0.21606861543847367,
    "bip_fb_pct": 0.36045860318571676,
    "hr_per_fb_pct": 0.10609020271736772,
    "sb_pct": 0.7675375437152849,
    "sba_per_pa": 0.05614914580758435,
    "bip_double_play_pct": 0.02513565552249256,
    "called_third_strike_share_of_so": 0.22335050282070149
  },
  "mlb_deltas": {
    "pitches_per_pa": 0.00984394672703992,
    "avg": -0.004245087230040856,
    "obp": -0.00014674481892401614,
    "slg": 0.0050555807769634975,
    "ops": 0.004908835958039481,
    "iso": -0.008699331992995635,
    "babip": 0.0030146304978382887,
    "k_pct": 0.015466022893973863,
    "bb_pct": 0.0032938676030633135,
    "k_minus_bb_pct": 0.012172155290910536,
    "swing_pct": 0.01771132814365539,
    "z_swing_pct": -0.005926426514661798,
    "o_swing_pct": 0.006306913996627306,
    "contact_pct": 0.0319458979772943,
    "z_contact_pct": 0.04608821006915942,
    "o_contact_pct": 0.020882642723030864,
    "first_pitch_strike_pct": 0.02574936758573687,
    "zone_pct": 0.017933759969435026,
    "pitches_put_in_play_pct": -0.004474903290510507,
    "bip_gb_pct": -0.016527218624190432,
    "bip_ld_pct": 0.0060686154384736735,
    "bip_fb_pct": 0.010458603185716786,
    "hr_per_fb_pct": -0.003909797282632285,
    "sb_pct": -0.012462456284715095,
    "sba_per_pa": 0.006149145807584348,
    "bip_double_play_pct": -0.002864344477507441,
    "called_third_strike_share_of_so": -0.006649497179298525
  },
  "flags": [],
  "leaders": {
    "batting": {
      "avg": [
        {
          "player_id": "P9372",
          "name": "Darnell Jefferson",
          "team_id": "JAC",
          "value": 0.3215926493108729
        },
        {
          "player_id": "P7119",
          "name": "Fernando Morales",
          "team_id": "SAN1",
          "value": 0.3161290322580645
        },
        {
          "player_id": "P6246",
          "name": "Deshawn Washington",
          "team_id": "COL",
          "value": 0.3147208121827411
        }
      ],
      "hr": [
        {
          "player_id": "P9372",
          "name": "Darnell Jefferson",
          "team_id": "JAC",
          "value": 58.0
        },
        {
          "player_id": "P7119",
          "name": "Fernando Morales",
          "team_id": "SAN1",
          "value": 47.0
        },
        {
          "player_id": "P1250",
          "name": "Darnell Baker",
          "team_id": "CHI",
          "value": 42.0
        }
      ],
      "rbi": [
        {
          "player_id": "P9372",
          "name": "Darnell Jefferson",
          "team_id": "JAC",
          "value": 128.0
        },
        {
          "player_id": "P3302",
          "name": "Rudolf Alfero",
          "team_id": "SAN2",
          "value": 119.0
        },
        {
          "player_id": "P7119",
          "name": "Fernando Morales",
          "team_id": "SAN1",
          "value": 115.0
        }
      ],
      "sb": [
        {
          "player_id": "P6882",
          "name": "Micheal Puri",
          "team_id": "CHA",
          "value": 57.0
        },
        {
          "player_id": "P8797",
          "name": "Yong Wang",
          "team_id": "SAN",
          "value": 52.0
        },
        {
          "player_id": "P9605",
          "name": "Abel Bernhagen",
          "team_id": "WAS",
          "value": 50.0
        }
      ],
      "ops": [
        {
          "player_id": "P9372",
          "name": "Darnell Jefferson",
          "team_id": "JAC",
          "value": 1.0755336752417854
        },
        {
          "player_id": "P7119",
          "name": "Fernando Morales",
          "team_id": "SAN1",
          "value": 1.021888086144218
        },
        {
          "player_id": "P6246",
          "name": "Deshawn Washington",
          "team_id": "COL",
          "value": 0.9747423473311798
        }
      ]
    },
    "pitching": {
      "era": [
        {
          "player_id": "P5372",
          "name": "Bennie Yantzer",
          "team_id": "PHI",
          "value": 2.567062818336163
        },
        {
          "player_id": "P4353",
          "name": "Pierre Kolb",
          "team_id": "JAC",
          "value": 2.7634228187919465
        },
        {
          "player_id": "P1624",
          "name": "Sung Park",
          "team_id": "SAN",
          "value": 2.8421052631578947
        }
      ],
      "so": [
        {
          "player_id": "P9333",
          "name": "Rufus Gaines",
          "team_id": "NAS",
          "value": 214.0
        },
        {
          "player_id": "P6336",
          "name": "Xavier Young",
          "team_id": "PHI",
          "value": 211.0
        },
        {
          "player_id": "P9118",
          "name": "Nicolas Reola",
          "team_id": "WAS",
          "value": 210.0
        }
      ],
      "wins": [
        {
          "player_id": "P4353",
          "name": "Pierre Kolb",
          "team_id": "JAC",
          "value": 16.0
        },
        {
          "player_id": "P9333",
          "name": "Rufus Gaines",
          "team_id": "NAS",
          "value": 16.0
        },
        {
          "player_id": "P8348",
          "name": "Xavier Walker",
          "team_id": "SAN2",
          "value": 16.0
        }
      ],
      "saves": [
        {
          "player_id": "P3457",
          "name": "Malik White",
          "team_id": "SAN",
          "value": 50.0
        },
        {
          "player_id": "P5641",
          "name": "Ricardo Delgado",
          "team_id": "PHI",
          "value": 49.0
        },
        {
          "player_id": "P4893",
          "name": "Herbert Brockney",
          "team_id": "NAS",
          "value": 46.0
        }
      ]
    }
  },
  "year": 2025,
  "season_id": "nexgen-long-run-2025",
  "champion": "NAS",
  "runner_up": "SAN1"
}