{
  "metrics": {
    "pitches_per_pa": 3.864507524804838,
    "avg": 0.24175966108700145,
    "obp": 0.3144539837548886,
    "slg": 0.40083178342632775,
    "ops": 0.7152857671812163,
    "iso": 0.1590721223393263,
    "babip": 0.29335017594514123,
    "k_pct": 0.23097529288678875,
    "bb_pct": 0.08436519159797193,
    "k_minus_bb_pct": 0.14661010128881685,
    "swing_pct": 0.4878455126126421,
    "z_swing_pct": 0.6442766249135841,
    "o_swing_pct": 0.3264589440599595,
    "contact_pct": 0.7956519087693621,
    "z_contact_pct": 0.8683810892160518,
    "o_contact_pct": 0.6475717909314769,
    "first_pitch_strike_pct": 0.6248634727922832,
    "zone_pct": 0.5077960676045946,
    "pitches_put_in_play_pct": 0.17168901410461992,
    "bip_gb_pct": 0.42793276728469937,
    "bip_ld_pct": 0.21741465950441866,
    "bip_fb_pct": 0.354652573210882,
    "hr_per_fb_pct": 0.10737494003227355,
    "sb_pct": 0.7950612482986583,
    "sba_per_pa": 0.059129215097897196,
    "bip_double_play_pct": 0.025298908334777336,
    "called_third_strike_share_of_so": 0.22941762070681931
  },
  "mlb_deltas": {
    "pitches_per_pa": 0.00450752480483807,
    "avg": -0.003240338912998547,
    "obp": 0.0014539837548885881,
    "slg": 0.008831783426327733,
    "ops": 0.010285767181216321,
    "iso": -0.005927877660673708,
    "babip": 0.002350175945141253,
    "k_pct": 0.010975292886788751,
    "bb_pct": 0.004365191597971926,
    "k_minus_bb_pct": 0.006610101288816839,
    "swing_pct": 0.01784551261264211,
    "z_swing_pct": -0.0057233750864159605,
    "o_swing_pct": 0.006458944059959504,
    "contact_pct": 0.035651908769362084,
    "z_contact_pct": 0.04838108921605189,
    "o_contact_pct": 0.02757179093147688,
    "first_pitch_strike_pct": 0.02486347279228318,
    "zone_pct": 0.017796067604594623,
    "pitches_put_in_play_pct": -0.003310985895380064,
    "bip_gb_pct": -0.012067232715300635,
    "bip_ld_pct": 0.007414659504418664,
    "bip_fb_pct": 0.004652573210882027,
    "hr_per_fb_pct": -0.0026250599677264536,
    "sb_pct": 0.015061248298658292,
    "sba_per_pa": 0.009129215097897193,
    "bip_double_play_pct": -0.0027010916652226644,
    "called_third_strike_share_of_so": -0.0005823792931806959
  },
  "flags": [],
  "leaders": {
    "batting": {
      "avg": [
        {
          "player_id": "P7552",
          "name": "Luis Sanchez",
          "team_id": "SAN",
          "value": 0.32741935483870965
        },
        {
          "player_id": "P8423",
          "name": "Tyrone Young",
          "team_id": "NAS",
          "value": 0.3180379746835443
        },
        {
          "player_id": "P7119",
          "name": "Fernando Morales",
          "team_id": "SAN1",
          "value": 0.3165905631659056
        }
      ],
      "hr": [
        {
          "player_id": "P9372",
          "name": "Darnell Jefferson",
          "team_id": "JAC",
          "value": 48.0
        },
        {
          "player_id": "P6907",
          "name": "Merrill Kaufman",
          "team_id": "COL",
          "value": 48.0
        },
        {
          "player_id": "P7552",
          "name": "Luis Sanchez",
          "team_id": "SAN",
          "value": 47.0
        }
      ],
      "rbi": [
        {
          "player_id": "P6907",
          "name": "Merrill Kaufman",
          "team_id": "COL",
          "value": 143.0
        },
        {
          "player_id": "P7552",
          "name": "Luis Sanchez",
          "team_id": "SAN",
          "value": 132.0
        },
        {
          "player_id": "P9372",
          "name": "Darnell Jefferson",
          "team_id": "JAC",
          "value": 122.0
        }
      ],
      "sb": [
        {
          "player_id": "P5324",
          "name": "Abe Beaber",
          "team_id": "SAN",
          "value": 75.0
        },
        {
          "player_id": "P9605",
          "name": "Abel Bernhagen",
          "team_id": "WAS",
          "value": 64.0
        },
        {
          "player_id": "P6409",
          "name": "Herman Barriger",
          "team_id": "BAL",
          "value": 62.0
        }
      ],
      "ops": [
        {
          "player_id": "P7552",
          "name": "Luis Sanchez",
          "team_id": "SAN",
          "value": 1.0469786460699684
        },
        {
          "player_id": "P8423",
          "name": "Tyrone Young",
          "team_id": "NAS",
          "value": 1.0278879317891345
        },
        {
          "player_id": "P9372",
          "name": "Darnell Jefferson",
          "team_id": "JAC",
          "value": 1.0274447821681865
        }
      ]
    },
    "pitching": {
      "era": [
        {
          "player_id": "P5323",
          "name": "Xavier Washington",
          "team_id": "PHI",
          "value": 2.578125
        },
        {
          "player_id": "P9051",
          "name": "Jermaine Baker",
          "team_id": "CHI",
          "value": 2.7
        },
        {
          "player_id": "P4018",
          "name": "Bryant Psuik",
          "team_id": "NAS",
          "value": 2.802395209580838
        }
      ],
      "so": [
        {
          "player_id": "P6739",
          "name": "Jamal Baker",
          "team_id": "COL",
          "value": 241.0
        },
        {
          "player_id": "P7723",
          "name": "Lindsay Pachlin",
          "team_id": "NAS",
          "value": 212.0
        },
        {
          "player_id": "P9247",
          "name": "Cedric Jefferson",
          "team_id": "SAN2",
          "value": 212.0
        }
      ],
      "wins": [
        {
          "player_id": "P6739",
          "name": "Jamal Baker",
          "team_id": "COL",
          "value": 18.0
        },
        {
          "player_id": "P5982",
          "name": "Randell Devoe",
          "team_id": "SAN1",
          "value": 17.0
        },
        {
          "player_id": "P5652",
          "name": "Francisco Hernandez",
          "team_id": "SAN1",
          "value": 15.0
        }
      ],
      "saves": [
        {
          "player_id": "P3457",
          "name": "Malik White",
          "team_id": "SAN",
          "value": 44.0
        },
        {
          "player_id": "P2973",
          "name": "Alejandro Diaz",
          "team_id": "JAC",
          "value": 42.0
        },
        {
          "player_id": "P4949",
          "name": "Roberto Garcia",
          "team_id": "BAL",
          "value": 42.0
        }
      ]
    }
  },
  "year": 2026,
  "season_id": "nexgen-long-run-2026",
  "champion": "COL",
  "runner_up": "SAN1"
}