{
  "stochastic": {
    "pitches": 51821.0,
    "swing_rate": 0.44784932749271533,
    "take_rate": 0.5521506725072847,
    "contact_rate": 0.227378861851373,
    "swing_contact_rate": 0.5077128576352982,
    "foul_rate": 0.015534242874510334,
    "ball_in_play_rate": 0.21184461897686266,
    "ball_rate": 0.33164161247370755,
    "called_strike_rate": 0.22050906003357712,
    "walk_rate": 0.008876710214005904,
    "strikeout_rate": 0.13384535227031513
  },
  "deterministic": {
    "pitches": 2447.0,
    "swing_rate": 0.44707805476093176,
    "take_rate": 0.5529219452390682,
    "contact_rate": 0.2206783816918676,
    "swing_contact_rate": 0.4936014625228519,
    "foul_rate": 0.016346546791990192,
    "ball_in_play_rate": 0.2043318348998774,
    "ball_rate": 0.3257049448304046,
    "called_strike_rate": 0.22721700040866366,
    "walk_rate": 0.011033919084593379,
    "strikeout_rate": 0.1393543114017164
  }
}