{
  "stochastic": {
    "pitches_per_pa": 3.148983938748489,
    "swing_rate": 0.4229538765287655,
    "take_rate": 0.5770461234712345,
    "strikeout_pct": 0.3614069426054919,
    "walk_pct": 0.09648264348627023,
    "first_pitch_strike_pct": 0.4753711589365865,
    "called_strike_pct": 0.1975101003637959,
    "foul_share_est": 0.23694265187108096,
    "swinging_strike_pct": 0.09071132154805214,
    "contact_rate_pa": 0.6385930573945081,
    "bip_final_pct": 0.5289850900926832
  },
  "deterministic": {
    "pitches_per_pa": 3.1515151515151514,
    "swing_rate": 0.42418639053254437,
    "take_rate": 0.5758136094674556,
    "strikeout_pct": 0.36013986013986016,
    "walk_pct": 0.0944055944055944,
    "first_pitch_strike_pct": 0.4820393974507532,
    "called_strike_pct": 0.19674556213017752,
    "foul_share_est": 0.23557692307692307,
    "swinging_strike_pct": 0.09393491124260354,
    "contact_rate_pa": 0.6398601398601399,
    "bip_final_pct": 0.5291375291375291
  },
  "stochastic_bucket_share": {
    "waste": 0.3617962177320774,
    "zone": 0.6382037822679226
  },
  "deterministic_bucket_share": {
    "zone": 0.6295627032887604,
    "waste": 0.3704372967112396
  }
}