{
  "stochastic": {
    "pitches": 68448.0,
    "swing_rate": 0.42306568489948576,
    "take_rate": 0.5769343151005143,
    "contact_rate": 0.12239948574100047,
    "swing_contact_rate": 0.28931556046688306,
    "foul_rate": 0.005916900420757363,
    "ball_in_play_rate": 0.11278634876110331,
    "ball_rate": 0.42407374941561476,
    "called_strike_rate": 0.14015018700327256,
    "walk_rate": 0.02900011687704535,
    "strikeout_rate": 0.11391129032258064
  },
  "deterministic": {
    "pitches": 3299.0,
    "swing_rate": 0.4289178538951197,
    "take_rate": 0.5710821461048803,
    "contact_rate": 0.1306456501970294,
    "swing_contact_rate": 0.30459363957597174,
    "foul_rate": 0.005456198848135798,
    "ball_in_play_rate": 0.12124886329190664,
    "ball_rate": 0.4204304334646863,
    "called_strike_rate": 0.13913307062746286,
    "walk_rate": 0.027280994240678993,
    "strikeout_rate": 0.11397393149439224
  }
}