{
  "seasons": [],
  "metric_totals": {
    "pitches_per_pa": {
      "max_abs_delta": 0.010346134732511114,
      "avg_abs_delta": 0.004144182689239795
    },
    "avg": {
      "max_abs_delta": 0.007762568313087609,
      "avg_abs_delta": 0.005759435411114261
    },
    "obp": {
      "max_abs_delta": 0.004104958235417289,
      "avg_abs_delta": 0.002653077782999147
    },
    "slg": {
      "max_abs_delta": 0.011605247266513352,
      "avg_abs_delta": 0.003948623311215471
    },
    "ops": {
      "max_abs_delta": 0.012723857900172386,
      "avg_abs_delta": 0.005259756598194598
    },
    "iso": {
      "max_abs_delta": 0.01483093122822357,
      "avg_abs_delta": 0.009740917284370699
    },
    "babip": {
      "max_abs_delta": 0.004669872834035804,
      "avg_abs_delta": 0.002690293525245346
    },
    "k_pct": {
      "max_abs_delta": 0.016363427968869998,
      "avg_abs_delta": 0.009345119467975555
    },
    "bb_pct": {
      "max_abs_delta": 0.003637872796652175,
      "avg_abs_delta": 0.0028552225538604954
    },
    "k_minus_bb_pct": {
      "max_abs_delta": 0.013678636514722564,
      "avg_abs_delta": 0.00648989691411504
    },
    "swing_pct": {
      "max_abs_delta": 0.020316692634922362,
      "avg_abs_delta": 0.019327403826877164
    },
    "z_swing_pct": {
      "max_abs_delta": 0.005966825282552879,
      "avg_abs_delta": 0.0050972391403956594
    },
    "o_swing_pct": {
      "max_abs_delta": 0.008933767989186603,
      "avg_abs_delta": 0.008133523670098841
    },
    "contact_pct": {
      "max_abs_delta": 0.04125369402826573,
      "avg_abs_delta": 0.03875644152195088
    },
    "z_contact_pct": {
      "max_abs_delta": 0.05302261674470743,
      "avg_abs_delta": 0.05089864434654932
    },
    "o_contact_pct": {
      "max_abs_delta": 0.03505924236524449,
      "avg_abs_delta": 0.031849758311147
    },
    "first_pitch_strike_pct": {
      "max_abs_delta": 0.031551801208064445,
      "avg_abs_delta": 0.02835546354865546
    },
    "zone_pct": {
      "max_abs_delta": 0.01991379310344832,
      "avg_abs_delta": 0.018869078967295283
    },
    "pitches_put_in_play_pct": {
      "max_abs_delta": 0.0039812114263990395,
      "avg_abs_delta": 0.0021353050589907442
    },
    "bip_gb_pct": {
      "max_abs_delta": 0.019062537989961992,
      "avg_abs_delta": 0.017769334920963043
    },
    "bip_ld_pct": {
      "max_abs_delta": 0.009792566983578221,
      "avg_abs_delta": 0.008216571575796378
    },
    "bip_fb_pct": {
      "max_abs_delta": 0.011494775491995957,
      "avg_abs_delta": 0.00955276334516667
    },
    "hr_per_fb_pct": {
      "max_abs_delta": 0.014267892317793823,
      "avg_abs_delta": 0.011733173848914952
    },
    "sb_pct": {
      "max_abs_delta": 0.02994923857868015,
      "avg_abs_delta": 0.021680794019596394
    },
    "sba_per_pa": {
      "max_abs_delta": 0.007938954921086108,
      "avg_abs_delta": 0.006159688761328668
    },
    "bip_double_play_pct": {
      "max_abs_delta": 0.0039062927496580045,
      "avg_abs_delta": 0.0034352614687525587
    },
    "called_third_strike_share_of_so": {
      "max_abs_delta": 0.006313789084275073,
      "avg_abs_delta": 0.0026952106376238404
    }
  }
}