{
  "metrics": {
    "pitches_per_pa": 3.8590897108210025,
    "avg": 0.2393062394733797,
    "obp": 0.31089983962340345,
    "slg": 0.38947530824515614,
    "ops": 0.7003751478685596,
    "iso": 0.15016906877177644,
    "babip": 0.2956698728340358,
    "k_pct": 0.23636342796887,
    "bb_pct": 0.08268479145414742,
    "k_minus_bb_pct": 0.15367863651472258,
    "swing_pct": 0.48991666023154556,
    "z_swing_pct": 0.6450789581026747,
    "o_swing_pct": 0.3286205810375324,
    "contact_pct": 0.7924729618313207,
    "z_contact_pct": 0.8645823923687016,
    "o_contact_pct": 0.6453271889400921,
    "first_pitch_strike_pct": 0.6315518012080644,
    "zone_pct": 0.5096912923901228,
    "pitches_put_in_play_pct": 0.17101878857360095,
    "bip_gb_pct": 0.420937462010038,
    "bip_ld_pct": 0.21910005036383529,
    "bip_fb_pct": 0.35996248762612665,
    "hr_per_fb_pct": 0.09587786259541985,
    "sb_pct": 0.798219584569733,
    "sba_per_pa": 0.05793895492108611,
    "bip_double_play_pct": 0.024695646133273127,
    "called_third_strike_share_of_so": 0.22684511686548348
  },
  "mlb_deltas": {
    "pitches_per_pa": -0.000910289178997381,
    "avg": -0.005693760526620295,
    "obp": -0.0021001603765965493,
    "slg": -0.0025246917548438774,
    "ops": -0.004624852131440371,
    "iso": -0.01483093122822357,
    "babip": 0.004669872834035804,
    "k_pct": 0.016363427968869998,
    "bb_pct": 0.00268479145414742,
    "k_minus_bb_pct": 0.013678636514722564,
    "swing_pct": 0.01991666023154559,
    "z_swing_pct": -0.00492104189732534,
    "o_swing_pct": 0.008620581037532382,
    "contact_pct": 0.032472961831320646,
    "z_contact_pct": 0.04458239236870165,
    "o_contact_pct": 0.025327188940092116,
    "first_pitch_strike_pct": 0.031551801208064445,
    "zone_pct": 0.019691292390122794,
    "pitches_put_in_play_pct": -0.0039812114263990395,
    "bip_gb_pct": -0.019062537989961992,
    "bip_ld_pct": 0.009100050363835294,
    "bip_fb_pct": 0.00996248762612667,
    "hr_per_fb_pct": -0.014122137404580154,
    "sb_pct": 0.01821958456973294,
    "sba_per_pa": 0.007938954921086108,
    "bip_double_play_pct": -0.0033043538667268738,
    "called_third_strike_share_of_so": -0.003154883134516534
  },
  "flags": [],
  "leaders": {
    "batting": {
      "avg": [
        {
          "player_id": "P7668",
          "name": "Terrance Sidi",
          "team_id": "MEM",
          "value": 0.3380952380952381
        },
        {
          "player_id": "P9102",
          "name": "Rafael Torres",
          "team_id": "OKL",
          "value": 0.3221476510067114
        },
        {
          "player_id": "P1179",
          "name": "Miguel Delgado",
          "team_id": "WAS",
          "value": 0.31398809523809523
        }
      ],
      "hr": [
        {
          "player_id": "P1179",
          "name": "Miguel Delgado",
          "team_id": "WAS",
          "value": 43.0
        },
        {
          "player_id": "P7668",
          "name": "Terrance Sidi",
          "team_id": "MEM",
          "value": 40.0
        },
        {
          "player_id": "P9471",
          "name": "Theo Czachor",
          "team_id": "PHO",
          "value": 37.0
        }
      ],
      "rbi": [
        {
          "player_id": "P7668",
          "name": "Terrance Sidi",
          "team_id": "MEM",
          "value": 134.0
        },
        {
          "player_id": "P9471",
          "name": "Theo Czachor",
          "team_id": "PHO",
          "value": 103.0
        },
        {
          "player_id": "P2970",
          "name": "Lanny Doney",
          "team_id": "HOU",
          "value": 102.0
        }
      ],
      "sb": [
        {
          "player_id": "P7746",
          "name": "Jose Rivera",
          "team_id": "OKL",
          "value": 70.0
        },
        {
          "player_id": "P7552",
          "name": "Newton Caporale",
          "team_id": "POR",
          "value": 64.0
        },
        {
          "player_id": "P9310",
          "name": "Darnell Jefferson",
          "team_id": "SAN1",
          "value": 55.0
        }
      ],
      "ops": [
        {
          "player_id": "P7668",
          "name": "Terrance Sidi",
          "team_id": "MEM",
          "value": 1.0190703597580388
        },
        {
          "player_id": "P1179",
          "name": "Miguel Delgado",
          "team_id": "WAS",
          "value": 0.9959372003835092
        },
        {
          "player_id": "P9102",
          "name": "Rafael Torres",
          "team_id": "OKL",
          "value": 0.9844974480569062
        }
      ]
    },
    "pitching": {
      "era": [
        {
          "player_id": "P3425",
          "name": "Juan Diaz",
          "team_id": "HOU",
          "value": 2.43
        },
        {
          "player_id": "P8017",
          "name": "Lacy Doudna",
          "team_id": "SAN",
          "value": 2.754180602006689
        },
        {
          "player_id": "P7731",
          "name": "Jamal Jackson",
          "team_id": "OKL",
          "value": 2.7820945945945943
        }
      ],
      "so": [
        {
          "player_id": "P6315",
          "name": "Hector Garcia",
          "team_id": "SAN1",
          "value": 226.0
        },
        {
          "player_id": "P5672",
          "name": "Josef Leggs",
          "team_id": "SAN1",
          "value": 220.0
        },
        {
          "player_id": "P2021",
          "name": "Pedro Torres",
          "team_id": "PHO",
          "value": 215.0
        }
      ],
      "wins": [
        {
          "player_id": "P8017",
          "name": "Lacy Doudna",
          "team_id": "SAN",
          "value": 18.0
        },
        {
          "player_id": "P4401",
          "name": "Rafael Martinez",
          "team_id": "WAS",
          "value": 18.0
        },
        {
          "player_id": "P4847",
          "name": "Antonio Sanchez",
          "team_id": "MEM",
          "value": 16.0
        }
      ],
      "saves": [
        {
          "player_id": "P2182",
          "name": "Eduardo Sanchez",
          "team_id": "HOU",
          "value": 56.0
        },
        {
          "player_id": "P8241",
          "name": "Carlos Garcia",
          "team_id": "MEM",
          "value": 48.0
        },
        {
          "player_id": "P2201",
          "name": "Francisco Ramos",
          "team_id": "ALB",
          "value": 42.0
        }
      ]
    }
  },
  "year": 2025,
  "season_id": "nexgen-long-run-2025",
  "champion": "MEM",
  "runner_up": "HOU"
}