{
  "metrics": {
    "pitches_per_pa": 3.8496538652674888,
    "avg": 0.23756096295527654,
    "obp": 0.3088950417645827,
    "slg": 0.3909022517380928,
    "ops": 0.6997972935026755,
    "iso": 0.15334128878281625,
    "babip": 0.2888872966969979,
    "k_pct": 0.22774394119754526,
    "bb_pct": 0.0823789106290522,
    "k_minus_bb_pct": 0.14536503056849306,
    "swing_pct": 0.49031669263492234,
    "z_swing_pct": 0.6458979469097513,
    "o_swing_pct": 0.3289337679891866,
    "contact_pct": 0.7994905831353628,
    "z_contact_pct": 0.8722967236610281,
    "o_contact_pct": 0.6511965192168238,
    "first_pitch_strike_pct": 0.6276422388387439,
    "zone_pct": 0.5091519338094681,
    "pitches_put_in_play_pct": 0.17367209148031065,
    "bip_gb_pct": 0.4231114952463267,
    "bip_ld_pct": 0.2197925669835782,
    "bip_fb_pct": 0.3570959377700951,
    "hr_per_fb_pct": 0.09573210768220618,
    "sb_pct": 0.806839378238342,
    "sba_per_pa": 0.05576294104730315,
    "bip_double_play_pct": 0.024477095937770095,
    "called_third_strike_share_of_so": 0.22820460773368517
  },
  "mlb_deltas": {
    "pitches_per_pa": -0.010346134732511114,
    "avg": -0.007439037044723457,
    "obp": -0.004104958235417289,
    "slg": -0.0010977482619072276,
    "ops": -0.005202706497324461,
    "iso": -0.01165871121718376,
    "babip": -0.0021127033030020614,
    "k_pct": 0.007743941197545262,
    "bb_pct": 0.002378910629052197,
    "k_minus_bb_pct": 0.005365030568493051,
    "swing_pct": 0.020316692634922362,
    "z_swing_pct": -0.004102053090248692,
    "o_swing_pct": 0.008933767989186603,
    "contact_pct": 0.0394905831353628,
    "z_contact_pct": 0.05229672366102811,
    "o_contact_pct": 0.03119651921682376,
    "first_pitch_strike_pct": 0.02764223883874395,
    "zone_pct": 0.019151933809468114,
    "pitches_put_in_play_pct": -0.0013279085196893359,
    "bip_gb_pct": -0.016888504753673317,
    "bip_ld_pct": 0.009792566983578221,
    "bip_fb_pct": 0.007095937770095095,
    "hr_per_fb_pct": -0.014267892317793823,
    "sb_pct": 0.026839378238341927,
    "sba_per_pa": 0.005762941047303148,
    "bip_double_play_pct": -0.0035229040622299056,
    "called_third_strike_share_of_so": -0.001795392266314838
  },
  "flags": [],
  "leaders": {
    "batting": {
      "avg": [
        {
          "player_id": "P9969",
          "name": "Rupert Drue",
          "team_id": "SAN",
          "value": 0.3421875
        },
        {
          "player_id": "P7399",
          "name": "Granville Lis",
          "team_id": "PHO",
          "value": 0.3407079646017699
        },
        {
          "player_id": "P9511",
          "name": "Jamal Jefferson",
          "team_id": "WAS",
          "value": 0.3092006033182504
        }
      ],
      "hr": [
        {
          "player_id": "P5159",
          "name": "Percy Taylor",
          "team_id": "LOU",
          "value": 56.0
        },
        {
          "player_id": "P7909",
          "name": "Jorge Gomez",
          "team_id": "MEM",
          "value": 51.0
        },
        {
          "player_id": "P7399",
          "name": "Granville Lis",
          "team_id": "PHO",
          "value": 49.0
        }
      ],
      "rbi": [
        {
          "player_id": "P5159",
          "name": "Percy Taylor",
          "team_id": "LOU",
          "value": 142.0
        },
        {
          "player_id": "P9511",
          "name": "Jamal Jefferson",
          "team_id": "WAS",
          "value": 130.0
        },
        {
          "player_id": "P7399",
          "name": "Granville Lis",
          "team_id": "PHO",
          "value": 126.0
        }
      ],
      "sb": [
        {
          "player_id": "P3038",
          "name": "Jose Sanchez",
          "team_id": "LOU",
          "value": 55.0
        },
        {
          "player_id": "P2485",
          "name": "Cedric Harris",
          "team_id": "OKL",
          "value": 54.0
        },
        {
          "player_id": "P7196",
          "name": "Elvis Spates",
          "team_id": "MIL",
          "value": 53.0
        }
      ],
      "ops": [
        {
          "player_id": "P7399",
          "name": "Granville Lis",
          "team_id": "PHO",
          "value": 1.0886879569065027
        },
        {
          "player_id": "P5159",
          "name": "Percy Taylor",
          "team_id": "LOU",
          "value": 1.0259780907668232
        },
        {
          "player_id": "P9511",
          "name": "Jamal Jefferson",
          "team_id": "WAS",
          "value": 0.9980756934880977
        }
      ]
    },
    "pitching": {
      "era": [
        {
          "player_id": "P8017",
          "name": "Lacy Doudna",
          "team_id": "SAN",
          "value": 2.487437185929648
        },
        {
          "player_id": "P7434",
          "name": "Aurelio Louden",
          "team_id": "MIL",
          "value": 2.5454545454545454
        },
        {
          "player_id": "P2934",
          "name": "Jefferson Darvish",
          "team_id": "SAN",
          "value": 2.667802385008518
        }
      ],
      "so": [
        {
          "player_id": "P6315",
          "name": "Hector Garcia",
          "team_id": "SAN1",
          "value": 222.0
        },
        {
          "player_id": "P9148",
          "name": "Jerald Kut",
          "team_id": "OKL",
          "value": 219.0
        },
        {
          "player_id": "P8017",
          "name": "Lacy Doudna",
          "team_id": "SAN",
          "value": 208.0
        }
      ],
      "wins": [
        {
          "player_id": "P8783",
          "name": "Rafael Lopez",
          "team_id": "LAS",
          "value": 18.0
        },
        {
          "player_id": "P1997",
          "name": "Alejandro Rivera",
          "team_id": "AUS",
          "value": 17.0
        },
        {
          "player_id": "P7434",
          "name": "Aurelio Louden",
          "team_id": "MIL",
          "value": 16.0
        }
      ],
      "saves": [
        {
          "player_id": "P1672",
          "name": "Luis Rivera",
          "team_id": "JAC",
          "value": 52.0
        },
        {
          "player_id": "P8942",
          "name": "Lacy Lutwin",
          "team_id": "POR",
          "value": 52.0
        },
        {
          "player_id": "P3922",
          "name": "Jermaine Allen",
          "team_id": "SAN",
          "value": 50.0
        }
      ]
    }
  },
  "year": 2028,
  "season_id": "nexgen-long-run-2028",
  "champion": "PHO",
  "runner_up": "HOU"
}