{
  "metrics": {
    "pitches_per_pa": 3.853864748135504,
    "avg": 0.24319358610322364,
    "obp": 0.31411861063365903,
    "slg": 0.40360524726651337,
    "ops": 0.7177238579001723,
    "iso": 0.16041166116328973,
    "babip": 0.2936197453588449,
    "k_pct": 0.22606513993744917,
    "bb_pct": 0.08218675892724168,
    "k_minus_bb_pct": 0.14387838101020747,
    "swing_pct": 0.48987217598097504,
    "z_swing_pct": 0.6449179467747107,
    "o_swing_pct": 0.3285536651199466,
    "contact_pct": 0.8012536940282657,
    "z_contact_pct": 0.8730226167447074,
    "o_contact_pct": 0.6546790481289346,
    "first_pitch_strike_pct": 0.6286129982013771,
    "zone_pct": 0.5099137931034483,
    "pitches_put_in_play_pct": 0.17384066587395958,
    "bip_gb_pct": 0.42270861833105333,
    "bip_ld_pct": 0.21886114911080712,
    "bip_fb_pct": 0.35843023255813955,
    "hr_per_fb_pct": 0.10334944603670274,
    "sb_pct": 0.7874974210852074,
    "sba_per_pa": 0.05552818797328415,
    "bip_double_play_pct": 0.024093707250341996,
    "called_third_strike_share_of_so": 0.22368621091572494
  },
  "mlb_deltas": {
    "pitches_per_pa": -0.0061352518644959275,
    "avg": -0.0018064138967763543,
    "obp": 0.001118610633659034,
    "slg": 0.011605247266513352,
    "ops": 0.012723857900172386,
    "iso": -0.004588338836710282,
    "babip": 0.002619745358844905,
    "k_pct": 0.006065139937449171,
    "bb_pct": 0.002186758927241683,
    "k_minus_bb_pct": 0.00387838101020746,
    "swing_pct": 0.01987217598097507,
    "z_swing_pct": -0.005082053225289318,
    "o_swing_pct": 0.008553665119946596,
    "contact_pct": 0.04125369402826573,
    "z_contact_pct": 0.05302261674470743,
    "o_contact_pct": 0.03467904812893463,
    "first_pitch_strike_pct": 0.028612998201377082,
    "zone_pct": 0.01991379310344832,
    "pitches_put_in_play_pct": -0.0011593341260404122,
    "bip_gb_pct": -0.01729138166894667,
    "bip_ld_pct": 0.008861149110807126,
    "bip_fb_pct": 0.008430232558139572,
    "hr_per_fb_pct": -0.006650553963297265,
    "sb_pct": 0.007497421085207345,
    "sba_per_pa": 0.005528187973284145,
    "bip_double_play_pct": -0.0039062927496580045,
    "called_third_strike_share_of_so": -0.006313789084275073
  },
  "flags": [],
  "leaders": {
    "batting": {
      "avg": [
        {
          "player_id": "P9471",
          "name": "Theo Czachor",
          "team_id": "PHO",
          "value": 0.3524962178517398
        },
        {
          "player_id": "P7399",
          "name": "Granville Lis",
          "team_id": "PHO",
          "value": 0.32448377581120946
        },
        {
          "player_id": "P7909",
          "name": "Jorge Gomez",
          "team_id": "MEM",
          "value": 0.3181818181818182
        }
      ],
      "hr": [
        {
          "player_id": "P7399",
          "name": "Granville Lis",
          "team_id": "PHO",
          "value": 59.0
        },
        {
          "player_id": "P1179",
          "name": "Miguel Delgado",
          "team_id": "WAS",
          "value": 51.0
        },
        {
          "player_id": "P5159",
          "name": "Percy Taylor",
          "team_id": "LOU",
          "value": 50.0
        }
      ],
      "rbi": [
        {
          "player_id": "P5159",
          "name": "Percy Taylor",
          "team_id": "LOU",
          "value": 130.0
        },
        {
          "player_id": "P1179",
          "name": "Miguel Delgado",
          "team_id": "WAS",
          "value": 128.0
        },
        {
          "player_id": "P7399",
          "name": "Granville Lis",
          "team_id": "PHO",
          "value": 120.0
        }
      ],
      "sb": [
        {
          "player_id": "P1706",
          "name": "Sterling Godnick",
          "team_id": "LAS",
          "value": 76.0
        },
        {
          "player_id": "P2485",
          "name": "Cedric Harris",
          "team_id": "OKL",
          "value": 62.0
        },
        {
          "player_id": "P7552",
          "name": "Newton Caporale",
          "team_id": "POR",
          "value": 54.0
        }
      ],
      "ops": [
        {
          "player_id": "P7399",
          "name": "Granville Lis",
          "team_id": "PHO",
          "value": 1.0806912410284997
        },
        {
          "player_id": "P9471",
          "name": "Theo Czachor",
          "team_id": "PHO",
          "value": 1.0562660162400817
        },
        {
          "player_id": "P7909",
          "name": "Jorge Gomez",
          "team_id": "MEM",
          "value": 1.0257066607531342
        }
      ]
    },
    "pitching": {
      "era": [
        {
          "player_id": "P7434",
          "name": "Aurelio Louden",
          "team_id": "MIL",
          "value": 2.2388059701492535
        },
        {
          "player_id": "P1946",
          "name": "Riley Plowden",
          "team_id": "ALB",
          "value": 2.4466019417475726
        },
        {
          "player_id": "P9148",
          "name": "Jerald Kut",
          "team_id": "OKL",
          "value": 2.479591836734694
        }
      ],
      "so": [
        {
          "player_id": "P9399",
          "name": "Jamal Green",
          "team_id": "POR",
          "value": 233.0
        },
        {
          "player_id": "P2515",
          "name": "Eddy Jasper",
          "team_id": "HOU",
          "value": 220.0
        },
        {
          "player_id": "P3425",
          "name": "Juan Diaz",
          "team_id": "HOU",
          "value": 214.0
        }
      ],
      "wins": [
        {
          "player_id": "P3425",
          "name": "Juan Diaz",
          "team_id": "HOU",
          "value": 17.0
        },
        {
          "player_id": "P4351",
          "name": "Darnell King",
          "team_id": "JAC",
          "value": 15.0
        },
        {
          "player_id": "P2515",
          "name": "Eddy Jasper",
          "team_id": "HOU",
          "value": 15.0
        }
      ],
      "saves": [
        {
          "player_id": "P3922",
          "name": "Jermaine Allen",
          "team_id": "SAN",
          "value": 52.0
        },
        {
          "player_id": "P7495",
          "name": "Noel Tua",
          "team_id": "SAN1",
          "value": 48.0
        },
        {
          "player_id": "P2201",
          "name": "Francisco Ramos",
          "team_id": "ALB",
          "value": 43.0
        }
      ]
    }
  },
  "year": 2029,
  "season_id": "nexgen-long-run-2029",
  "champion": "PHO",
  "runner_up": "HOU"
}