{
  "metrics": {
    "pitches_per_pa": 3.859576126451406,
    "avg": 0.2389046027256364,
    "obp": 0.3104033039545937,
    "slg": 0.3957572640781692,
    "ops": 0.706160568032763,
    "iso": 0.15685266135253279,
    "babip": 0.2903041960532877,
    "k_pct": 0.22843093428699152,
    "bb_pct": 0.083387778962209,
    "k_minus_bb_pct": 0.1450431553247825,
    "swing_pct": 0.488012330683266,
    "z_swing_pct": 0.6440331747174471,
    "o_swing_pct": 0.3273024332601828,
    "contact_pct": 0.7998709865874736,
    "z_contact_pct": 0.8723406188939883,
    "o_contact_pct": 0.65298679290464,
    "first_pitch_strike_pct": 0.6257120915145055,
    "zone_pct": 0.5074022707226458,
    "pitches_put_in_play_pct": 0.17308988747360574,
    "bip_gb_pct": 0.42188974486556974,
    "bip_ld_pct": 0.21661547964243433,
    "bip_fb_pct": 0.36149477549199593,
    "hr_per_fb_pct": 0.097726007451501,
    "sb_pct": 0.8099492385786802,
    "sba_per_pa": 0.05645152046582534,
    "bip_double_play_pct": 0.024569771631522058,
    "called_third_strike_share_of_so": 0.22901299613628381
  },
  "mlb_deltas": {
    "pitches_per_pa": -0.0004238735485939671,
    "avg": -0.00609539727436359,
    "obp": -0.0025966960454062993,
    "slg": 0.0037572640781691757,
    "ops": 0.0011605680327629875,
    "iso": -0.008147338647467223,
    "babip": -0.000695803946712259,
    "k_pct": 0.008430934286991515,
    "bb_pct": 0.003387778962209001,
    "k_minus_bb_pct": 0.0050431553247825,
    "swing_pct": 0.01801233068326602,
    "z_swing_pct": -0.005966825282552879,
    "o_swing_pct": 0.007302433260182817,
    "contact_pct": 0.03987098658747357,
    "z_contact_pct": 0.05234061889398833,
    "o_contact_pct": 0.03298679290464002,
    "first_pitch_strike_pct": 0.025712091514505486,
    "zone_pct": 0.017402270722645774,
    "pitches_put_in_play_pct": -0.001910112526394253,
    "bip_gb_pct": -0.018110255134430264,
    "bip_ld_pct": 0.006615479642434335,
    "bip_fb_pct": 0.011494775491995957,
    "hr_per_fb_pct": -0.012273992548498994,
    "sb_pct": 0.02994923857868015,
    "sba_per_pa": 0.006451520465825339,
    "bip_double_play_pct": -0.003430228368477943,
    "called_third_strike_share_of_so": -0.000987003863716196
  },
  "flags": [],
  "leaders": {
    "batting": {
      "avg": [
        {
          "player_id": "P9511",
          "name": "Jamal Jefferson",
          "team_id": "WAS",
          "value": 0.35522388059701493
        },
        {
          "player_id": "P7909",
          "name": "Jorge Gomez",
          "team_id": "MEM",
          "value": 0.33681073025335323
        },
        {
          "player_id": "P7399",
          "name": "Granville Lis",
          "team_id": "PHO",
          "value": 0.332824427480916
        }
      ],
      "hr": [
        {
          "player_id": "P7399",
          "name": "Granville Lis",
          "team_id": "PHO",
          "value": 56.0
        },
        {
          "player_id": "P1179",
          "name": "Miguel Delgado",
          "team_id": "WAS",
          "value": 50.0
        },
        {
          "player_id": "P7909",
          "name": "Jorge Gomez",
          "team_id": "MEM",
          "value": 46.0
        }
      ],
      "rbi": [
        {
          "player_id": "P5159",
          "name": "Percy Taylor",
          "team_id": "LOU",
          "value": 133.0
        },
        {
          "player_id": "P9511",
          "name": "Jamal Jefferson",
          "team_id": "WAS",
          "value": 124.0
        },
        {
          "player_id": "P1235",
          "name": "Manuel Cruz",
          "team_id": "JAC",
          "value": 114.0
        }
      ],
      "sb": [
        {
          "player_id": "P7746",
          "name": "Jose Rivera",
          "team_id": "OKL",
          "value": 68.0
        },
        {
          "player_id": "P8633",
          "name": "Eduardo Ramirez",
          "team_id": "ALB",
          "value": 57.0
        },
        {
          "player_id": "P1706",
          "name": "Sterling Godnick",
          "team_id": "LAS",
          "value": 52.0
        }
      ],
      "ops": [
        {
          "player_id": "P7399",
          "name": "Granville Lis",
          "team_id": "PHO",
          "value": 1.104385692711889
        },
        {
          "player_id": "P9511",
          "name": "Jamal Jefferson",
          "team_id": "WAS",
          "value": 1.0662103918908135
        },
        {
          "player_id": "P7909",
          "name": "Jorge Gomez",
          "team_id": "MEM",
          "value": 1.0577990052609842
        }
      ]
    },
    "pitching": {
      "era": [
        {
          "player_id": "P2515",
          "name": "Eddy Jasper",
          "team_id": "HOU",
          "value": 2.083743842364532
        },
        {
          "player_id": "P7434",
          "name": "Aurelio Louden",
          "team_id": "MIL",
          "value": 2.459016393442623
        },
        {
          "player_id": "P6315",
          "name": "Hector Garcia",
          "team_id": "SAN1",
          "value": 2.5258064516129033
        }
      ],
      "so": [
        {
          "player_id": "P9148",
          "name": "Jerald Kut",
          "team_id": "OKL",
          "value": 220.0
        },
        {
          "player_id": "P8783",
          "name": "Rafael Lopez",
          "team_id": "LAS",
          "value": 216.0
        },
        {
          "player_id": "P6315",
          "name": "Hector Garcia",
          "team_id": "SAN1",
          "value": 214.0
        }
      ],
      "wins": [
        {
          "player_id": "P2515",
          "name": "Eddy Jasper",
          "team_id": "HOU",
          "value": 17.0
        },
        {
          "player_id": "P5784",
          "name": "Leroy King",
          "team_id": "JAC",
          "value": 16.0
        },
        {
          "player_id": "P7946",
          "name": "Rufus Jackson",
          "team_id": "LAS",
          "value": 15.0
        }
      ],
      "saves": [
        {
          "player_id": "P3922",
          "name": "Jermaine Allen",
          "team_id": "SAN",
          "value": 53.0
        },
        {
          "player_id": "P1672",
          "name": "Luis Rivera",
          "team_id": "JAC",
          "value": 52.0
        },
        {
          "player_id": "P7466",
          "name": "Tyrone Wright",
          "team_id": "MIL",
          "value": 52.0
        }
      ]
    }
  },
  "year": 2027,
  "season_id": "nexgen-long-run-2027",
  "champion": "LAS",
  "runner_up": "HOU"
}