{
  "metrics": {
    "pitches_per_pa": 3.8629053641216005,
    "avg": 0.2372374316869124,
    "obp": 0.30965503637608344,
    "slg": 0.39275816519464374,
    "ops": 0.7024132015707272,
    "iso": 0.15552073350773135,
    "babip": 0.2876466578163683,
    "k_pct": 0.22812215394902183,
    "bb_pct": 0.08363787279665218,
    "k_minus_bb_pct": 0.14448428115236964,
    "swing_pct": 0.48851915960367676,
    "z_swing_pct": 0.644585777793438,
    "o_swing_pct": 0.3272571709436458,
    "contact_pct": 0.8006939820273317,
    "z_contact_pct": 0.872250870064321,
    "o_contact_pct": 0.6550592423652445,
    "first_pitch_strike_pct": 0.6282581879805863,
    "zone_pct": 0.5081861048107914,
    "pitches_put_in_play_pct": 0.1727020413035693,
    "bip_gb_pct": 0.42250600494219703,
    "bip_ld_pct": 0.2167136117783269,
    "bip_fb_pct": 0.36078038327947604,
    "hr_per_fb_pct": 0.09864870698959548,
    "sb_pct": 0.8058983476260196,
    "sba_per_pa": 0.0551168393991446,
    "bip_double_play_pct": 0.024987471703329933,
    "called_third_strike_share_of_so": 0.22877501516070345
  },
  "mlb_deltas": {
    "pitches_per_pa": 0.0029053641216005843,
    "avg": -0.007762568313087609,
    "obp": -0.0033449636239165637,
    "slg": 0.0007581651946437229,
    "ops": -0.0025867984292727852,
    "iso": -0.009479266492268656,
    "babip": -0.0033533421836317023,
    "k_pct": 0.008122153949021826,
    "bb_pct": 0.003637872796652175,
    "k_minus_bb_pct": 0.0044842811523696235,
    "swing_pct": 0.018519159603676782,
    "z_swing_pct": -0.005414222206562069,
    "o_swing_pct": 0.007257170943645808,
    "contact_pct": 0.040693982027331654,
    "z_contact_pct": 0.05225087006432105,
    "o_contact_pct": 0.03505924236524449,
    "first_pitch_strike_pct": 0.028258187980586325,
    "zone_pct": 0.018186104810791415,
    "pitches_put_in_play_pct": -0.0022979586964306797,
    "bip_gb_pct": -0.01749399505780297,
    "bip_ld_pct": 0.006713611778326911,
    "bip_fb_pct": 0.010780383279476058,
    "hr_per_fb_pct": -0.011351293010404523,
    "sb_pct": 0.025898347626019613,
    "sba_per_pa": 0.005116839399144597,
    "bip_double_play_pct": -0.0030125282966700674,
    "called_third_strike_share_of_so": -0.0012249848392965612
  },
  "flags": [],
  "leaders": {
    "batting": {
      "avg": [
        {
          "player_id": "P7399",
          "name": "Granville Lis",
          "team_id": "PHO",
          "value": 0.34077380952380953
        },
        {
          "player_id": "P7909",
          "name": "Jorge Gomez",
          "team_id": "MEM",
          "value": 0.334841628959276
        },
        {
          "player_id": "P5159",
          "name": "Percy Taylor",
          "team_id": "LOU",
          "value": 0.3291731669266771
        }
      ],
      "hr": [
        {
          "player_id": "P5159",
          "name": "Percy Taylor",
          "team_id": "LOU",
          "value": 54.0
        },
        {
          "player_id": "P7399",
          "name": "Granville Lis",
          "team_id": "PHO",
          "value": 54.0
        },
        {
          "player_id": "P7909",
          "name": "Jorge Gomez",
          "team_id": "MEM",
          "value": 52.0
        }
      ],
      "rbi": [
        {
          "player_id": "P5159",
          "name": "Percy Taylor",
          "team_id": "LOU",
          "value": 148.0
        },
        {
          "player_id": "P7909",
          "name": "Jorge Gomez",
          "team_id": "MEM",
          "value": 132.0
        },
        {
          "player_id": "P2970",
          "name": "Lanny Doney",
          "team_id": "HOU",
          "value": 116.0
        }
      ],
      "sb": [
        {
          "player_id": "P1706",
          "name": "Sterling Godnick",
          "team_id": "LAS",
          "value": 61.0
        },
        {
          "player_id": "P5048",
          "name": "Jamal Washington",
          "team_id": "HOU",
          "value": 53.0
        },
        {
          "player_id": "P7196",
          "name": "Elvis Spates",
          "team_id": "MIL",
          "value": 52.0
        }
      ],
      "ops": [
        {
          "player_id": "P7399",
          "name": "Granville Lis",
          "team_id": "PHO",
          "value": 1.097498090145149
        },
        {
          "player_id": "P5159",
          "name": "Percy Taylor",
          "team_id": "LOU",
          "value": 1.0795396101558348
        },
        {
          "player_id": "P7909",
          "name": "Jorge Gomez",
          "team_id": "MEM",
          "value": 1.0713508196856243
        }
      ]
    },
    "pitching": {
      "era": [
        {
          "player_id": "P6508",
          "name": "Tyrone Allen",
          "team_id": "LAS",
          "value": 2.4
        },
        {
          "player_id": "P3425",
          "name": "Juan Diaz",
          "team_id": "HOU",
          "value": 2.41722972972973
        },
        {
          "player_id": "P9148",
          "name": "Jerald Kut",
          "team_id": "OKL",
          "value": 2.4628378378378377
        }
      ],
      "so": [
        {
          "player_id": "P3284",
          "name": "Andy Alemany",
          "team_id": "MEM",
          "value": 217.0
        },
        {
          "player_id": "P3796",
          "name": "Eduardo Morales",
          "team_id": "AUS",
          "value": 214.0
        },
        {
          "player_id": "P8783",
          "name": "Rafael Lopez",
          "team_id": "LAS",
          "value": 212.0
        }
      ],
      "wins": [
        {
          "player_id": "P8342",
          "name": "Antonio Gonzalez",
          "team_id": "HOU",
          "value": 18.0
        },
        {
          "player_id": "P3284",
          "name": "Andy Alemany",
          "team_id": "MEM",
          "value": 17.0
        },
        {
          "player_id": "P3425",
          "name": "Juan Diaz",
          "team_id": "HOU",
          "value": 16.0
        }
      ],
      "saves": [
        {
          "player_id": "P7466",
          "name": "Tyrone Wright",
          "team_id": "MIL",
          "value": 56.0
        },
        {
          "player_id": "P1672",
          "name": "Luis Rivera",
          "team_id": "JAC",
          "value": 52.0
        },
        {
          "player_id": "P3922",
          "name": "Jermaine Allen",
          "team_id": "SAN",
          "value": 48.0
        }
      ]
    }
  },
  "year": 2026,
  "season_id": "nexgen-long-run-2026",
  "champion": "LAS",
  "runner_up": "HOU"
}