{
  "stochastic": {
    "pitches": 42592.0,
    "swing_rate": 0.2743003380916604,
    "take_rate": 0.7256996619083396,
    "contact_rate": 0.21320905334335086,
    "swing_contact_rate": 0.7772832320465634,
    "foul_rate": 0.05442336589030804,
    "ball_in_play_rate": 0.09626220886551465,
    "ball_rate": 0.35602930127723514,
    "called_strike_rate": 0.11011457550713749,
    "walk_rate": 0.011950601051840721,
    "strikeout_rate": 0.13540101427498122
  },
  "deterministic": {
    "pitches": 2202.0,
    "swing_rate": 0.2647593097184378,
    "take_rate": 0.7352406902815622,
    "contact_rate": 0.2184377838328792,
    "swing_contact_rate": 0.8250428816466552,
    "foul_rate": 0.05267938237965486,
    "ball_in_play_rate": 0.10263396911898275,
    "ball_rate": 0.35876475930971846,
    "called_strike_rate": 0.10399636693914623,
    "walk_rate": 0.009082652134423252,
    "strikeout_rate": 0.13578564940962762
  }
}