{
  "stochastic": {
    "pitches": 52533.0,
    "swing_rate": 0.4510307806521615,
    "take_rate": 0.5489692193478385,
    "contact_rate": 0.22977937677269525,
    "swing_contact_rate": 0.5094538701781042,
    "foul_rate": 0.015856699598347707,
    "ball_in_play_rate": 0.21392267717434754,
    "ball_rate": 0.3357889326708926,
    "called_strike_rate": 0.2131802866769459,
    "walk_rate": 0.008851579007481012,
    "strikeout_rate": 0.13275464945843565
  },
  "deterministic": {
    "pitches": 2500.0,
    "swing_rate": 0.4344,
    "take_rate": 0.5656,
    "contact_rate": 0.2176,
    "swing_contact_rate": 0.5009208103130756,
    "foul_rate": 0.016,
    "ball_in_play_rate": 0.2016,
    "ball_rate": 0.3464,
    "called_strike_rate": 0.2192,
    "walk_rate": 0.0092,
    "strikeout_rate": 0.1368
  }
}