{
  "stochastic": {
    "pitches": 61446.0,
    "swing_rate": 0.4058360186179735,
    "take_rate": 0.5941639813820265,
    "contact_rate": 0.15805748136575204,
    "swing_contact_rate": 0.3894614428359466,
    "foul_rate": 0.02678774859225987,
    "ball_in_play_rate": 0.11758291833479803,
    "ball_rate": 0.43294925625752695,
    "called_strike_rate": 0.14811379097093383,
    "walk_rate": 0.028317547114539595,
    "strikeout_rate": 0.10248022654037692
  },
  "deterministic": {
    "pitches": 2888.0,
    "swing_rate": 0.40443213296398894,
    "take_rate": 0.5955678670360111,
    "contact_rate": 0.15581717451523547,
    "swing_contact_rate": 0.3852739726027397,
    "foul_rate": 0.025623268698060944,
    "ball_in_play_rate": 0.11565096952908588,
    "ball_rate": 0.4304016620498615,
    "called_strike_rate": 0.15408587257617729,
    "walk_rate": 0.029085872576177285,
    "strikeout_rate": 0.10699445983379502
  }
}