{
  "stochastic": {
    "pitches": 55877.0,
    "swing_rate": 0.41804320203303685,
    "take_rate": 0.5819567979669632,
    "contact_rate": 0.22166544374250585,
    "swing_contact_rate": 0.5302453015968149,
    "foul_rate": 0.014460332516062066,
    "ball_in_play_rate": 0.2072051112264438,
    "ball_rate": 0.3886572292714355,
    "called_strike_rate": 0.19329956869552767,
    "walk_rate": 0.026647815738139128,
    "strikeout_rate": 0.11315926051863916
  },
  "deterministic": {
    "pitches": 2583.0,
    "swing_rate": 0.42934572202864885,
    "take_rate": 0.5706542779713512,
    "contact_rate": 0.21602787456445993,
    "swing_contact_rate": 0.503155996393147,
    "foul_rate": 0.014711575687185443,
    "ball_in_play_rate": 0.20131629887727448,
    "ball_rate": 0.37282229965156793,
    "called_strike_rate": 0.1978319783197832,
    "walk_rate": 0.019357336430507164,
    "strikeout_rate": 0.12737127371273713
  }
}