{
  "stochastic": {
    "pitches": 52492.0,
    "swing_rate": 0.4442200716299627,
    "take_rate": 0.5557799283700373,
    "contact_rate": 0.22942543625695344,
    "swing_contact_rate": 0.5164679646624925,
    "foul_rate": 0.015888135334908175,
    "ball_in_play_rate": 0.21353730092204526,
    "ball_rate": 0.3392897965404252,
    "called_strike_rate": 0.21649013182961213,
    "walk_rate": 0.012230435113922121,
    "strikeout_rate": 0.12739084050902993
  },
  "deterministic": {
    "pitches": 2665.0,
    "swing_rate": 0.45140712945590994,
    "take_rate": 0.54859287054409,
    "contact_rate": 0.23564727954971856,
    "swing_contact_rate": 0.5220282626766417,
    "foul_rate": 0.012382739212007506,
    "ball_in_play_rate": 0.22326454033771106,
    "ball_rate": 0.3380863039399625,
    "called_strike_rate": 0.2105065666041276,
    "walk_rate": 0.01275797373358349,
    "strikeout_rate": 0.12833020637898687
  }
}