{
  "stochastic": {
    "pitches": 56906.0,
    "swing_rate": 0.3849506203212315,
    "take_rate": 0.6150493796787685,
    "contact_rate": 0.20342318911889784,
    "swing_contact_rate": 0.5284396968866977,
    "foul_rate": 0.04131374547499385,
    "ball_in_play_rate": 0.14118019189540645,
    "ball_rate": 0.4479843953185956,
    "called_strike_rate": 0.15555477454047026,
    "walk_rate": 0.028784310968966366,
    "strikeout_rate": 0.0810283625628229
  },
  "deterministic": {
    "pitches": 2682.0,
    "swing_rate": 0.40268456375838924,
    "take_rate": 0.5973154362416108,
    "contact_rate": 0.23117076808351977,
    "swing_contact_rate": 0.5740740740740741,
    "foul_rate": 0.0436241610738255,
    "ball_in_play_rate": 0.16256524981357195,
    "ball_rate": 0.4299030574198359,
    "called_strike_rate": 0.15249813571961224,
    "walk_rate": 0.023862788963460103,
    "strikeout_rate": 0.08165548098434004
  }
}