{
  "stochastic": {
    "pitches": 41939.0,
    "swing_rate": 0.2867021149765135,
    "take_rate": 0.7132978850234865,
    "contact_rate": 0.21004315791983597,
    "swing_contact_rate": 0.7326180971390552,
    "foul_rate": 0.029566751710818094,
    "ball_in_play_rate": 0.1054388516655142,
    "ball_rate": 0.5157967524261428,
    "called_strike_rate": 0.17179713393261642,
    "walk_rate": 0.04821288061231789,
    "strikeout_rate": 0.06173251627363552
  },
  "deterministic": {
    "pitches": 1879.0,
    "swing_rate": 0.2980308674827036,
    "take_rate": 0.7019691325172964,
    "contact_rate": 0.21713677488025546,
    "swing_contact_rate": 0.7285714285714285,
    "foul_rate": 0.026077700904736562,
    "ball_in_play_rate": 0.11016498137307078,
    "ball_rate": 0.5109100585417775,
    "called_strike_rate": 0.16125598722724854,
    "walk_rate": 0.04257583821181479,
    "strikeout_rate": 0.06599254922831294
  }
}