{
  "stochastic": {
    "pitches": 52510.0,
    "swing_rate": 0.44698152732812796,
    "take_rate": 0.553018472671872,
    "contact_rate": 0.22799466768234622,
    "swing_contact_rate": 0.5100762643261898,
    "foul_rate": 0.015901733003237477,
    "ball_in_play_rate": 0.21209293467910875,
    "ball_rate": 0.3364121119786707,
    "called_strike_rate": 0.2166063606932013,
    "walk_rate": 0.008588840220910303,
    "strikeout_rate": 0.13328889735288516
  },
  "deterministic": {
    "pitches": 2414.0,
    "swing_rate": 0.44656172328086163,
    "take_rate": 0.5534382767191384,
    "contact_rate": 0.21499585749792874,
    "swing_contact_rate": 0.48144712430426717,
    "foul_rate": 0.013256006628003313,
    "ball_in_play_rate": 0.20173985086992544,
    "ball_rate": 0.3260149130074565,
    "called_strike_rate": 0.22742336371168187,
    "walk_rate": 0.007456503728251864,
    "strikeout_rate": 0.14333057166528584
  }
}