{
  "stochastic": {
    "pitches": 50942.0,
    "swing_rate": 0.44089356523104706,
    "take_rate": 0.5591064347689529,
    "contact_rate": 0.22865219268972556,
    "swing_contact_rate": 0.5186108637577916,
    "foul_rate": 0.015331160928114327,
    "ball_in_play_rate": 0.21332103176161124,
    "ball_rate": 0.33502807113972755,
    "called_strike_rate": 0.2240783636292254,
    "walk_rate": 0.009599151976757881,
    "strikeout_rate": 0.13527148521848376
  },
  "deterministic": {
    "pitches": 2418.0,
    "swing_rate": 0.44623655913978494,
    "take_rate": 0.553763440860215,
    "contact_rate": 0.22870140612076095,
    "swing_contact_rate": 0.5125115848007414,
    "foul_rate": 0.016129032258064516,
    "ball_in_play_rate": 0.21257237386269645,
    "ball_rate": 0.3188585607940447,
    "called_strike_rate": 0.23490488006617039,
    "walk_rate": 0.007857733664185277,
    "strikeout_rate": 0.1480562448304384
  }
}