{
  "seasons": [],
  "metric_totals": {
    "pitches_per_pa": {
      "max_abs_delta": 0.023164628453532288,
      "avg_abs_delta": 0.017888511933904193
    },
    "avg": {
      "max_abs_delta": 0.0056387793366522165,
      "avg_abs_delta": 0.004491188184446143
    },
    "obp": {
      "max_abs_delta": 0.001921242373821408,
      "avg_abs_delta": 0.0011971528240819485
    },
    "slg": {
      "max_abs_delta": 0.012851542790607406,
      "avg_abs_delta": 0.009641046514245345
    },
    "ops": {
      "max_abs_delta": 0.012091159366949822,
      "avg_abs_delta": 0.008443893690163429
    },
    "iso": {
      "max_abs_delta": 0.008989211405086073,
      "avg_abs_delta": 0.003867765301308501
    },
    "babip": {
      "max_abs_delta": 0.0048187776857420705,
      "avg_abs_delta": 0.001514778332979938
    },
    "k_pct": {
      "max_abs_delta": 0.015496682660299826,
      "avg_abs_delta": 0.009196508632385303
    },
    "bb_pct": {
      "max_abs_delta": 0.003677709800300119,
      "avg_abs_delta": 0.002460398966047048
    },
    "k_minus_bb_pct": {
      "max_abs_delta": 0.013814366720999088,
      "avg_abs_delta": 0.00673610966633823
    },
    "swing_pct": {
      "max_abs_delta": 0.018713650564768092,
      "avg_abs_delta": 0.0175261364260333
    },
    "z_swing_pct": {
      "max_abs_delta": 0.008594910737447892,
      "avg_abs_delta": 0.006929411195284829
    },
    "o_swing_pct": {
      "max_abs_delta": 0.007268825116507227,
      "avg_abs_delta": 0.006150044336688476
    },
    "contact_pct": {
      "max_abs_delta": 0.03983772121241924,
      "avg_abs_delta": 0.03630414828119797
    },
    "z_contact_pct": {
      "max_abs_delta": 0.05130415690866519,
      "avg_abs_delta": 0.0478448894193511
    },
    "o_contact_pct": {
      "max_abs_delta": 0.03370634087842905,
      "avg_abs_delta": 0.0299566708444843
    },
    "first_pitch_strike_pct": {
      "max_abs_delta": 0.027877488443937226,
      "avg_abs_delta": 0.026903417624534853
    },
    "zone_pct": {
      "max_abs_delta": 0.020093727469358336,
      "avg_abs_delta": 0.019200579455990806
    },
    "pitches_put_in_play_pct": {
      "max_abs_delta": 0.002344948318597828,
      "avg_abs_delta": 0.0014383490619521212
    },
    "bip_gb_pct": {
      "max_abs_delta": 0.018261391504175883,
      "avg_abs_delta": 0.015866400706680318
    },
    "bip_ld_pct": {
      "max_abs_delta": 0.010700389105058383,
      "avg_abs_delta": 0.008869501778737115
    },
    "bip_fb_pct": {
      "max_abs_delta": 0.01060091577918404,
      "avg_abs_delta": 0.00699689892794324
    },
    "hr_per_fb_pct": {
      "max_abs_delta": 0.007741042063354686,
      "avg_abs_delta": 0.006435134924802808
    },
    "sb_pct": {
      "max_abs_delta": 0.01217052674728425,
      "avg_abs_delta": 0.006374562777539583
    },
    "sba_per_pa": {
      "max_abs_delta": 0.006004499644160791,
      "avg_abs_delta": 0.005352444395659781
    },
    "bip_double_play_pct": {
      "max_abs_delta": 0.004365763038392735,
      "avg_abs_delta": 0.003615213958815978
    },
    "called_third_strike_share_of_so": {
      "max_abs_delta": 0.011731331643595244,
      "avg_abs_delta": 0.003742756815815407
    }
  }
}