{
  "metrics": {
    "pitches_per_pa": 3.841800094523406,
    "avg": 0.23936122066334778,
    "obp": 0.31110466465537245,
    "slg": 0.4001293075580268,
    "ops": 0.7112339722133992,
    "iso": 0.160768086894679,
    "babip": 0.2905675315795156,
    "k_pct": 0.2298878399096264,
    "bb_pct": 0.08255812613111088,
    "k_minus_bb_pct": 0.14732971377851553,
    "swing_pct": 0.48655184829572734,
    "z_swing_pct": 0.6414050892625521,
    "o_swing_pct": 0.32607473666202313,
    "contact_pct": 0.7978329777130946,
    "z_contact_pct": 0.8685357110028495,
    "o_contact_pct": 0.653706340878429,
    "first_pitch_strike_pct": 0.6278774884439372,
    "zone_pct": 0.5089174267882861,
    "pitches_put_in_play_pct": 0.1733587373979837,
    "bip_gb_pct": 0.42439032833134294,
    "bip_ld_pct": 0.21655676134101806,
    "bip_fb_pct": 0.35905291032763903,
    "hr_per_fb_pct": 0.10225895793664531,
    "sb_pct": 0.7791745233605699,
    "sba_per_pa": 0.0550195386796694,
    "bip_double_play_pct": 0.025027259982345916,
    "called_third_strike_share_of_so": 0.23100837386551673
  },
  "mlb_deltas": {
    "pitches_per_pa": -0.01819990547659378,
    "avg": -0.0056387793366522165,
    "obp": -0.0018953353446275467,
    "slg": 0.008129307558026766,
    "ops": 0.006233972213399275,
    "iso": -0.004231913105321006,
    "babip": -0.0004324684204843887,
    "k_pct": 0.009887839909626411,
    "bb_pct": 0.00255812613111088,
    "k_minus_bb_pct": 0.0073297137785155175,
    "swing_pct": 0.016551848295727367,
    "z_swing_pct": -0.008594910737447892,
    "o_swing_pct": 0.006074736662023128,
    "contact_pct": 0.03783297771309457,
    "z_contact_pct": 0.04853571100284959,
    "o_contact_pct": 0.03370634087842905,
    "first_pitch_strike_pct": 0.027877488443937226,
    "zone_pct": 0.018917426788286118,
    "pitches_put_in_play_pct": -0.0016412626020163024,
    "bip_gb_pct": -0.015609671668657066,
    "bip_ld_pct": 0.006556761341018069,
    "bip_fb_pct": 0.009052910327639052,
    "hr_per_fb_pct": -0.007741042063354686,
    "sb_pct": -0.0008254766394301116,
    "sba_per_pa": 0.005019538679669394,
    "bip_double_play_pct": -0.0029727400176540845,
    "called_third_strike_share_of_so": 0.0010083738655167207
  },
  "flags": [],
  "leaders": {
    "batting": {
      "avg": [
        {
          "player_id": "P4384",
          "name": "Grover Cappelluti",
          "team_id": "PHO",
          "value": 0.367601246105919
        },
        {
          "player_id": "P2592",
          "name": "Joey Jordahl",
          "team_id": "NEW",
          "value": 0.32892561983471075
        },
        {
          "player_id": "P4126",
          "name": "Miguel Hernandez",
          "team_id": "JAC",
          "value": 0.3268892794376098
        }
      ],
      "hr": [
        {
          "player_id": "P4384",
          "name": "Grover Cappelluti",
          "team_id": "PHO",
          "value": 60.0
        },
        {
          "player_id": "P2340",
          "name": "Jorge Ortiz",
          "team_id": "LOS",
          "value": 45.0
        },
        {
          "player_id": "P7787",
          "name": "Rafael Castillo",
          "team_id": "SAN1",
          "value": 43.0
        }
      ],
      "rbi": [
        {
          "player_id": "P4384",
          "name": "Grover Cappelluti",
          "team_id": "PHO",
          "value": 153.0
        },
        {
          "player_id": "P1878",
          "name": "Jake Foks",
          "team_id": "PHO",
          "value": 127.0
        },
        {
          "player_id": "P7787",
          "name": "Rafael Castillo",
          "team_id": "SAN1",
          "value": 123.0
        }
      ],
      "sb": [
        {
          "player_id": "P7175",
          "name": "Jorge Gonzalez",
          "team_id": "SAN1",
          "value": 66.0
        },
        {
          "player_id": "P2230",
          "name": "Deshawn King",
          "team_id": "BAL",
          "value": 63.0
        },
        {
          "player_id": "P3709",
          "name": "Malik Taylor",
          "team_id": "NAS",
          "value": 62.0
        }
      ],
      "ops": [
        {
          "player_id": "P4384",
          "name": "Grover Cappelluti",
          "team_id": "PHO",
          "value": 1.2085776469082063
        },
        {
          "player_id": "P2340",
          "name": "Jorge Ortiz",
          "team_id": "LOS",
          "value": 1.0052371673934783
        },
        {
          "player_id": "P7787",
          "name": "Rafael Castillo",
          "team_id": "SAN1",
          "value": 0.9936363223137812
        }
      ]
    },
    "pitching": {
      "era": [
        {
          "player_id": "P7218",
          "name": "Wyatt Beadles",
          "team_id": "PHO",
          "value": 2.23943661971831
        },
        {
          "player_id": "P2833",
          "name": "Rufus Harris",
          "team_id": "NAS",
          "value": 2.663879598662207
        },
        {
          "player_id": "P1812",
          "name": "Jonathon Rashed",
          "team_id": "SAN1",
          "value": 2.822299651567944
        }
      ],
      "so": [
        {
          "player_id": "P2202",
          "name": "Raul Vasquez",
          "team_id": "DET",
          "value": 215.0
        },
        {
          "player_id": "P7218",
          "name": "Wyatt Beadles",
          "team_id": "PHO",
          "value": 214.0
        },
        {
          "player_id": "P9061",
          "name": "Jorge Morales",
          "team_id": "DET",
          "value": 210.0
        }
      ],
      "wins": [
        {
          "player_id": "P7218",
          "name": "Wyatt Beadles",
          "team_id": "PHO",
          "value": 22.0
        },
        {
          "player_id": "P3303",
          "name": "Emerson Mcgraff",
          "team_id": "LOS",
          "value": 18.0
        },
        {
          "player_id": "P4538",
          "name": "Francisco Vasquez",
          "team_id": "SAN2",
          "value": 17.0
        }
      ],
      "saves": [
        {
          "player_id": "P1975",
          "name": "Carlos Torres",
          "team_id": "LOS",
          "value": 52.0
        },
        {
          "player_id": "P3743",
          "name": "Jose Ortiz",
          "team_id": "MIL",
          "value": 51.0
        },
        {
          "player_id": "P7118",
          "name": "Alejandro Vargas",
          "team_id": "POR",
          "value": 48.0
        }
      ]
    }
  },
  "year": 2029,
  "season_id": "nexgen-long-run-2029",
  "champion": "SAN2",
  "runner_up": "LOS"
}