{
  "metrics": {
    "pitches_per_pa": 3.8390803278312173,
    "avg": 0.24108656563061906,
    "obp": 0.3110787576261786,
    "slg": 0.397097354225533,
    "ops": 0.7081761118517116,
    "iso": 0.15601078859491394,
    "babip": 0.29581877768574205,
    "k_pct": 0.23549668266029983,
    "bb_pct": 0.08168231593930071,
    "k_minus_bb_pct": 0.1538143667209991,
    "swing_pct": 0.4873629478581445,
    "z_swing_pct": 0.6435408242909373,
    "o_swing_pct": 0.3251408090117768,
    "contact_pct": 0.7874969325153375,
    "z_contact_pct": 0.8594382637242386,
    "o_contact_pct": 0.6395950506186726,
    "first_pitch_strike_pct": 0.6272182556991667,
    "zone_pct": 0.5094916176562925,
    "pitches_put_in_play_pct": 0.17265505168140216,
    "bip_gb_pct": 0.4248160013854013,
    "bip_ld_pct": 0.21917049095159755,
    "bip_fb_pct": 0.3560135076630011,
    "hr_per_fb_pct": 0.10230994279725776,
    "sb_pct": 0.7921705267472843,
    "sba_per_pa": 0.05600449964416079,
    "bip_double_play_pct": 0.024608191185384015,
    "called_third_strike_share_of_so": 0.21826866835640477
  },
  "mlb_deltas": {
    "pitches_per_pa": -0.020919672168782544,
    "avg": -0.003913434369380936,
    "obp": -0.001921242373821408,
    "slg": 0.0050973542255329796,
    "ops": 0.003176111851711627,
    "iso": -0.008989211405086073,
    "babip": 0.0048187776857420705,
    "k_pct": 0.015496682660299826,
    "bb_pct": 0.0016823159393007103,
    "k_minus_bb_pct": 0.013814366720999088,
    "swing_pct": 0.017362947858144517,
    "z_swing_pct": -0.006459175709062737,
    "o_swing_pct": 0.00514080901177677,
    "contact_pct": 0.02749693251533747,
    "z_contact_pct": 0.03943826372423864,
    "o_contact_pct": 0.019595050618672616,
    "first_pitch_strike_pct": 0.027218255699166694,
    "zone_pct": 0.01949161765629248,
    "pitches_put_in_play_pct": -0.002344948318597828,
    "bip_gb_pct": -0.015183998614598682,
    "bip_ld_pct": 0.009170490951597554,
    "bip_fb_pct": 0.0060135076630011275,
    "hr_per_fb_pct": -0.00769005720274224,
    "sb_pct": 0.01217052674728425,
    "sba_per_pa": 0.006004499644160791,
    "bip_double_play_pct": -0.0033918088146159854,
    "called_third_strike_share_of_so": -0.011731331643595244
  },
  "flags": [],
  "leaders": {
    "batting": {
      "avg": [
        {
          "player_id": "P2340",
          "name": "Jorge Ortiz",
          "team_id": "LOS",
          "value": 0.3531409168081494
        },
        {
          "player_id": "P4384",
          "name": "Grover Cappelluti",
          "team_id": "PHO",
          "value": 0.3527454242928453
        },
        {
          "player_id": "P1878",
          "name": "Jake Foks",
          "team_id": "PHO",
          "value": 0.3410981697171381
        }
      ],
      "hr": [
        {
          "player_id": "P4384",
          "name": "Grover Cappelluti",
          "team_id": "PHO",
          "value": 54.0
        },
        {
          "player_id": "P1878",
          "name": "Jake Foks",
          "team_id": "PHO",
          "value": 50.0
        },
        {
          "player_id": "P2639",
          "name": "Raul Ortiz",
          "team_id": "NEW",
          "value": 49.0
        }
      ],
      "rbi": [
        {
          "player_id": "P4384",
          "name": "Grover Cappelluti",
          "team_id": "PHO",
          "value": 133.0
        },
        {
          "player_id": "P2639",
          "name": "Raul Ortiz",
          "team_id": "NEW",
          "value": 129.0
        },
        {
          "player_id": "P1878",
          "name": "Jake Foks",
          "team_id": "PHO",
          "value": 128.0
        }
      ],
      "sb": [
        {
          "player_id": "P2230",
          "name": "Deshawn King",
          "team_id": "BAL",
          "value": 72.0
        },
        {
          "player_id": "P7918",
          "name": "Rufus Wright",
          "team_id": "SAN",
          "value": 63.0
        },
        {
          "player_id": "P7175",
          "name": "Jorge Gonzalez",
          "team_id": "SAN1",
          "value": 61.0
        }
      ],
      "ops": [
        {
          "player_id": "P4384",
          "name": "Grover Cappelluti",
          "team_id": "PHO",
          "value": 1.166386871359458
        },
        {
          "player_id": "P2340",
          "name": "Jorge Ortiz",
          "team_id": "LOS",
          "value": 1.101490866188285
        },
        {
          "player_id": "P1878",
          "name": "Jake Foks",
          "team_id": "PHO",
          "value": 1.0722565803981317
        }
      ]
    },
    "pitching": {
      "era": [
        {
          "player_id": "P9522",
          "name": "Francisco Ortiz",
          "team_id": "JAC",
          "value": 2.4739336492890995
        },
        {
          "player_id": "P9517",
          "name": "Jere Dalzen",
          "team_id": "LOS",
          "value": 2.48381601362862
        },
        {
          "player_id": "P2169",
          "name": "Dave Rocha",
          "team_id": "NAS",
          "value": 2.502439024390244
        }
      ],
      "so": [
        {
          "player_id": "P9522",
          "name": "Francisco Ortiz",
          "team_id": "JAC",
          "value": 244.0
        },
        {
          "player_id": "P9238",
          "name": "Tyrone Wright",
          "team_id": "OKL",
          "value": 240.0
        },
        {
          "player_id": "P1227",
          "name": "Miguel Delgado",
          "team_id": "SAN",
          "value": 228.0
        }
      ],
      "wins": [
        {
          "player_id": "P4387",
          "name": "Bryon Kroesing",
          "team_id": "SAN2",
          "value": 19.0
        },
        {
          "player_id": "P9061",
          "name": "Jorge Morales",
          "team_id": "DET",
          "value": 17.0
        },
        {
          "player_id": "P9517",
          "name": "Jere Dalzen",
          "team_id": "LOS",
          "value": 16.0
        }
      ],
      "saves": [
        {
          "player_id": "P3362",
          "name": "Antonio Reyes",
          "team_id": "SAN2",
          "value": 54.0
        },
        {
          "player_id": "P7877",
          "name": "Beau Desorbo",
          "team_id": "PHO",
          "value": 51.0
        },
        {
          "player_id": "P1490",
          "name": "Edwin Eapen",
          "team_id": "OKL",
          "value": 46.0
        }
      ]
    }
  },
  "year": 2025,
  "season_id": "nexgen-long-run-2025",
  "champion": "SAN2",
  "runner_up": "LOS"
}