{
  "metrics": {
    "pitches_per_pa": 3.852210550617569,
    "avg": 0.2406980359641395,
    "obp": 0.3127287090066333,
    "slg": 0.4041431310566409,
    "ops": 0.7168718400632742,
    "iso": 0.1634450950925014,
    "babip": 0.29076214133995754,
    "k_pct": 0.2280965023663858,
    "bb_pct": 0.08367770980030012,
    "k_minus_bb_pct": 0.14441879256608564,
    "swing_pct": 0.48689458433343225,
    "z_swing_pct": 0.6432734065182933,
    "o_swing_pct": 0.325083836351442,
    "contact_pct": 0.7990891466904637,
    "z_contact_pct": 0.8703374615271875,
    "o_contact_pct": 0.6532062944276684,
    "first_pitch_strike_pct": 0.6258455500404017,
    "zone_pct": 0.5085356754375714,
    "pitches_put_in_play_pct": 0.17327555983063495,
    "bip_gb_pct": 0.42604409857328146,
    "bip_ld_pct": 0.22070038910505838,
    "bip_fb_pct": 0.3532555123216602,
    "hr_per_fb_pct": 0.10615674090928981,
    "sb_pct": 0.7893411665967268,
    "sba_per_pa": 0.055015583516102966,
    "bip_double_play_pct": 0.024850843060959794,
    "called_third_strike_share_of_so": 0.22945344129554657
  },
  "mlb_deltas": {
    "pitches_per_pa": -0.007789449382431091,
    "avg": -0.0043019640358605005,
    "obp": -0.0002712909933667018,
    "slg": 0.012143131056640888,
    "ops": 0.011871840063274242,
    "iso": -0.0015549049074985999,
    "babip": -0.00023785866004244482,
    "k_pct": 0.008096502366385788,
    "bb_pct": 0.003677709800300119,
    "k_minus_bb_pct": 0.0044187925660856275,
    "swing_pct": 0.016894584333432272,
    "z_swing_pct": -0.0067265934817066775,
    "o_swing_pct": 0.005083836351441995,
    "contact_pct": 0.039089146690463705,
    "z_contact_pct": 0.050337461527187544,
    "o_contact_pct": 0.033206294427668426,
    "first_pitch_strike_pct": 0.025845550040401677,
    "zone_pct": 0.018535675437571397,
    "pitches_put_in_play_pct": -0.0017244401693650435,
    "bip_gb_pct": -0.013955901426718542,
    "bip_ld_pct": 0.010700389105058383,
    "bip_fb_pct": 0.0032555123216602144,
    "hr_per_fb_pct": -0.003843259090710191,
    "sb_pct": 0.009341166596726791,
    "sba_per_pa": 0.005015583516102963,
    "bip_double_play_pct": -0.003149156939040207,
    "called_third_strike_share_of_so": -0.0005465587044534426
  },
  "flags": [],
  "leaders": {
    "batting": {
      "avg": [
        {
          "player_id": "P5918",
          "name": "Tyrone Robinson",
          "team_id": "BAL",
          "value": 0.34900542495479203
        },
        {
          "player_id": "P4384",
          "name": "Grover Cappelluti",
          "team_id": "PHO",
          "value": 0.33689024390243905
        },
        {
          "player_id": "P1283",
          "name": "Jamal Green",
          "team_id": "MIL",
          "value": 0.3328313253012048
        }
      ],
      "hr": [
        {
          "player_id": "P4384",
          "name": "Grover Cappelluti",
          "team_id": "PHO",
          "value": 64.0
        },
        {
          "player_id": "P3334",
          "name": "Antonio Lopez",
          "team_id": "SAN2",
          "value": 58.0
        },
        {
          "player_id": "P1283",
          "name": "Jamal Green",
          "team_id": "MIL",
          "value": 49.0
        }
      ],
      "rbi": [
        {
          "player_id": "P4384",
          "name": "Grover Cappelluti",
          "team_id": "PHO",
          "value": 152.0
        },
        {
          "player_id": "P3334",
          "name": "Antonio Lopez",
          "team_id": "SAN2",
          "value": 151.0
        },
        {
          "player_id": "P1283",
          "name": "Jamal Green",
          "team_id": "MIL",
          "value": 134.0
        }
      ],
      "sb": [
        {
          "player_id": "P7175",
          "name": "Jorge Gonzalez",
          "team_id": "SAN1",
          "value": 64.0
        },
        {
          "player_id": "P1671",
          "name": "Stanford Murrah",
          "team_id": "DET",
          "value": 64.0
        },
        {
          "player_id": "P3709",
          "name": "Malik Taylor",
          "team_id": "NAS",
          "value": 62.0
        }
      ],
      "ops": [
        {
          "player_id": "P4384",
          "name": "Grover Cappelluti",
          "team_id": "PHO",
          "value": 1.1415606100883897
        },
        {
          "player_id": "P3334",
          "name": "Antonio Lopez",
          "team_id": "SAN2",
          "value": 1.0516852106585874
        },
        {
          "player_id": "P9552",
          "name": "Leroy Jefferson",
          "team_id": "SAN2",
          "value": 1.0351946760498738
        }
      ]
    },
    "pitching": {
      "era": [
        {
          "player_id": "P3350",
          "name": "Harland Rurup",
          "team_id": "DET",
          "value": 2.597938144329897
        },
        {
          "player_id": "P2939",
          "name": "Sung Huang",
          "team_id": "NAS",
          "value": 2.8189233278955954
        },
        {
          "player_id": "P3029",
          "name": "Forrest Ungar",
          "team_id": "MIL",
          "value": 2.8844133099824867
        }
      ],
      "so": [
        {
          "player_id": "P9238",
          "name": "Tyrone Wright",
          "team_id": "OKL",
          "value": 236.0
        },
        {
          "player_id": "P3350",
          "name": "Harland Rurup",
          "team_id": "DET",
          "value": 213.0
        },
        {
          "player_id": "P1227",
          "name": "Miguel Delgado",
          "team_id": "SAN",
          "value": 211.0
        }
      ],
      "wins": [
        {
          "player_id": "P3442",
          "name": "Jose Reyes",
          "team_id": "SAN2",
          "value": 18.0
        },
        {
          "player_id": "P6053",
          "name": "Dwayne Hackathorn",
          "team_id": "PHO",
          "value": 17.0
        },
        {
          "player_id": "P1979",
          "name": "Jamal Washington",
          "team_id": "BAL",
          "value": 15.0
        }
      ],
      "saves": [
        {
          "player_id": "P3362",
          "name": "Antonio Reyes",
          "team_id": "SAN2",
          "value": 49.0
        },
        {
          "player_id": "P1975",
          "name": "Carlos Torres",
          "team_id": "LOS",
          "value": 48.0
        },
        {
          "player_id": "P4505",
          "name": "Hugh Duplessis",
          "team_id": "DET",
          "value": 47.0
        }
      ]
    }
  },
  "year": 2027,
  "season_id": "nexgen-long-run-2027",
  "champion": "SAN2",
  "runner_up": "PHO"
}