{
  "metrics": {
    "pitches_per_pa": 3.8406310958118186,
    "avg": 0.24037359098228664,
    "obp": 0.3118624880150635,
    "slg": 0.4019838969404187,
    "ops": 0.7138463849554821,
    "iso": 0.16161030595813206,
    "babip": 0.29105932430740616,
    "k_pct": 0.2286976477337923,
    "bb_pct": 0.08240963855421687,
    "k_minus_bb_pct": 0.14628800917957543,
    "swing_pct": 0.48810765107809423,
    "z_swing_pct": 0.6433644837868934,
    "o_swing_pct": 0.32718201454169327,
    "contact_pct": 0.7972639632746749,
    "z_contact_pct": 0.8696088539338145,
    "o_contact_pct": 0.6498121768884592,
    "first_pitch_strike_pct": 0.626643717728055,
    "zone_pct": 0.5089644499284457,
    "pitches_put_in_play_pct": 0.1736901386569309,
    "bip_gb_pct": 0.4236789596807486,
    "bip_ld_pct": 0.2202593917710197,
    "bip_fb_pct": 0.35606164854823175,
    "hr_per_fb_pct": 0.10331384015594541,
    "sb_pct": 0.787374048940983,
    "sba_per_pa": 0.055800344234079174,
    "bip_double_play_pct": 0.023634236961607265,
    "called_third_strike_share_of_so": 0.2267823992775074
  },
  "mlb_deltas": {
    "pitches_per_pa": -0.01936890418818127,
    "avg": -0.0046264090177133566,
    "obp": -0.0011375119849365012,
    "slg": 0.00998389694041868,
    "ops": 0.008846384955482178,
    "iso": -0.003389694041867952,
    "babip": 5.932430740618333e-05,
    "k_pct": 0.008697647733792307,
    "bb_pct": 0.0024096385542168725,
    "k_minus_bb_pct": 0.006288009179575421,
    "swing_pct": 0.018107651078094256,
    "z_swing_pct": -0.006635516213106651,
    "o_swing_pct": 0.00718201454169326,
    "contact_pct": 0.03726396327467485,
    "z_contact_pct": 0.049608853933814534,
    "o_contact_pct": 0.029812176888459163,
    "first_pitch_strike_pct": 0.026643717728055072,
    "zone_pct": 0.018964449928445704,
    "pitches_put_in_play_pct": -0.0013098613430690964,
    "bip_gb_pct": -0.016321040319251412,
    "bip_ld_pct": 0.010259391771019699,
    "bip_fb_pct": 0.006061648548231768,
    "hr_per_fb_pct": -0.006686159844054587,
    "sb_pct": 0.007374048940982925,
    "sba_per_pa": 0.005800344234079172,
    "bip_double_play_pct": -0.004365763038392735,
    "called_third_strike_share_of_so": -0.0032176007224926084
  },
  "flags": [],
  "leaders": {
    "batting": {
      "avg": [
        {
          "player_id": "P4384",
          "name": "Grover Cappelluti",
          "team_id": "PHO",
          "value": 0.3716417910447761
        },
        {
          "player_id": "P6232",
          "name": "Heriberto Herrea",
          "team_id": "SAN1",
          "value": 0.3322884012539185
        },
        {
          "player_id": "P4126",
          "name": "Miguel Hernandez",
          "team_id": "JAC",
          "value": 0.3321492007104796
        }
      ],
      "hr": [
        {
          "player_id": "P4384",
          "name": "Grover Cappelluti",
          "team_id": "PHO",
          "value": 68.0
        },
        {
          "player_id": "P2639",
          "name": "Raul Ortiz",
          "team_id": "NEW",
          "value": 53.0
        },
        {
          "player_id": "P3196",
          "name": "Xavier Jackson",
          "team_id": "SAN",
          "value": 48.0
        }
      ],
      "rbi": [
        {
          "player_id": "P4384",
          "name": "Grover Cappelluti",
          "team_id": "PHO",
          "value": 186.0
        },
        {
          "player_id": "P6232",
          "name": "Heriberto Herrea",
          "team_id": "SAN1",
          "value": 142.0
        },
        {
          "player_id": "P2340",
          "name": "Jorge Ortiz",
          "team_id": "LOS",
          "value": 135.0
        }
      ],
      "sb": [
        {
          "player_id": "P3709",
          "name": "Malik Taylor",
          "team_id": "NAS",
          "value": 75.0
        },
        {
          "player_id": "P7175",
          "name": "Jorge Gonzalez",
          "team_id": "SAN1",
          "value": 61.0
        },
        {
          "player_id": "P5308",
          "name": "Manuel Rivera",
          "team_id": "LOU",
          "value": 59.0
        }
      ],
      "ops": [
        {
          "player_id": "P4384",
          "name": "Grover Cappelluti",
          "team_id": "PHO",
          "value": 1.2373897671802494
        },
        {
          "player_id": "P6232",
          "name": "Heriberto Herrea",
          "team_id": "SAN1",
          "value": 1.0244856563314981
        },
        {
          "player_id": "P5885",
          "name": "Rory Hullender",
          "team_id": "SAN2",
          "value": 1.0231095604229932
        }
      ]
    },
    "pitching": {
      "era": [
        {
          "player_id": "P5430",
          "name": "Miles Lachino",
          "team_id": "MIL",
          "value": 2.4146341463414633
        },
        {
          "player_id": "P2488",
          "name": "Antonio Torres",
          "team_id": "OKL",
          "value": 2.5008576329331045
        },
        {
          "player_id": "P3237",
          "name": "Raul Castillo",
          "team_id": "POR",
          "value": 2.794736842105263
        }
      ],
      "so": [
        {
          "player_id": "P9238",
          "name": "Tyrone Wright",
          "team_id": "OKL",
          "value": 224.0
        },
        {
          "player_id": "P1227",
          "name": "Miguel Delgado",
          "team_id": "SAN",
          "value": 215.0
        },
        {
          "player_id": "P6199",
          "name": "Jamal Carter",
          "team_id": "SAN2",
          "value": 215.0
        }
      ],
      "wins": [
        {
          "player_id": "P5213",
          "name": "Robert Dortch",
          "team_id": "PHO",
          "value": 18.0
        },
        {
          "player_id": "P7012",
          "name": "Juan Ortiz",
          "team_id": "NEW",
          "value": 17.0
        },
        {
          "player_id": "P5430",
          "name": "Miles Lachino",
          "team_id": "MIL",
          "value": 17.0
        }
      ],
      "saves": [
        {
          "player_id": "P7877",
          "name": "Beau Desorbo",
          "team_id": "PHO",
          "value": 57.0
        },
        {
          "player_id": "P8102",
          "name": "Raul Sanchez",
          "team_id": "BAL",
          "value": 50.0
        },
        {
          "player_id": "P3624",
          "name": "Johnathon Hill",
          "team_id": "SAN1",
          "value": 47.0
        }
      ]
    }
  },
  "year": 2026,
  "season_id": "nexgen-long-run-2026",
  "champion": "SAN2",
  "runner_up": "PHO"
}