{
  "metrics": {
    "pitches_per_pa": 3.8368353715464676,
    "avg": 0.2410246458373763,
    "obp": 0.3122396165763424,
    "slg": 0.4048515427906074,
    "ops": 0.7170911593669498,
    "iso": 0.16382689695323113,
    "babip": 0.2889745374087754,
    "k_pct": 0.22380387049182218,
    "bb_pct": 0.08197420440530666,
    "k_minus_bb_pct": 0.1418296660865155,
    "swing_pct": 0.48871365056476807,
    "z_swing_pct": 0.6437691401648998,
    "o_swing_pct": 0.32726882511650723,
    "contact_pct": 0.7998377212124193,
    "z_contact_pct": 0.8713041569086651,
    "o_contact_pct": 0.6534634914091922,
    "first_pitch_strike_pct": 0.6269320762111136,
    "zone_pct": 0.5100937274693583,
    "pitches_put_in_play_pct": 0.17517123287671232,
    "bip_gb_pct": 0.4217386084958241,
    "bip_ld_pct": 0.21766047572499186,
    "bip_fb_pct": 0.360600915779184,
    "hr_per_fb_pct": 0.10378484357684767,
    "sb_pct": 0.7821615949632739,
    "sba_per_pa": 0.054922255904286586,
    "bip_double_play_pct": 0.023803399015623124,
    "called_third_strike_share_of_so": 0.227790080856981
  },
  "mlb_deltas": {
    "pitches_per_pa": -0.023164628453532288,
    "avg": -0.0039753541626237066,
    "obp": -0.0007603834236575846,
    "slg": 0.012851542790607406,
    "ops": 0.012091159366949822,
    "iso": -0.0011731030467688752,
    "babip": -0.0020254625912246027,
    "k_pct": 0.003803870491822181,
    "bb_pct": 0.0019742044053066565,
    "k_minus_bb_pct": 0.0018296660865154968,
    "swing_pct": 0.018713650564768092,
    "z_swing_pct": -0.006230859835100189,
    "o_swing_pct": 0.007268825116507227,
    "contact_pct": 0.03983772121241924,
    "z_contact_pct": 0.05130415690866519,
    "o_contact_pct": 0.03346349140919225,
    "first_pitch_strike_pct": 0.026932076211113598,
    "zone_pct": 0.020093727469358336,
    "pitches_put_in_play_pct": 0.000171232876712335,
    "bip_gb_pct": -0.018261391504175883,
    "bip_ld_pct": 0.007660475724991872,
    "bip_fb_pct": 0.01060091577918404,
    "hr_per_fb_pct": -0.006215156423152332,
    "sb_pct": 0.0021615949632738385,
    "sba_per_pa": 0.0049222559042865835,
    "bip_double_play_pct": -0.004196600984376877,
    "called_third_strike_share_of_so": -0.002209919143019018
  },
  "flags": [],
  "leaders": {
    "batting": {
      "avg": [
        {
          "player_id": "P4384",
          "name": "Grover Cappelluti",
          "team_id": "PHO",
          "value": 0.35714285714285715
        },
        {
          "player_id": "P5885",
          "name": "Rory Hullender",
          "team_id": "SAN2",
          "value": 0.3438538205980066
        },
        {
          "player_id": "P1283",
          "name": "Jamal Green",
          "team_id": "MIL",
          "value": 0.3312202852614897
        }
      ],
      "hr": [
        {
          "player_id": "P4384",
          "name": "Grover Cappelluti",
          "team_id": "PHO",
          "value": 65.0
        },
        {
          "player_id": "P2340",
          "name": "Jorge Ortiz",
          "team_id": "LOS",
          "value": 49.0
        },
        {
          "player_id": "P7787",
          "name": "Rafael Castillo",
          "team_id": "SAN1",
          "value": 48.0
        }
      ],
      "rbi": [
        {
          "player_id": "P4384",
          "name": "Grover Cappelluti",
          "team_id": "PHO",
          "value": 162.0
        },
        {
          "player_id": "P2340",
          "name": "Jorge Ortiz",
          "team_id": "LOS",
          "value": 141.0
        },
        {
          "player_id": "P5885",
          "name": "Rory Hullender",
          "team_id": "SAN2",
          "value": 136.0
        }
      ],
      "sb": [
        {
          "player_id": "P7175",
          "name": "Jorge Gonzalez",
          "team_id": "SAN1",
          "value": 65.0
        },
        {
          "player_id": "P2350",
          "name": "Ivan Skalicky",
          "team_id": "LOS",
          "value": 59.0
        },
        {
          "player_id": "P7374",
          "name": "Francisco Morales",
          "team_id": "JAC",
          "value": 56.0
        }
      ],
      "ops": [
        {
          "player_id": "P4384",
          "name": "Grover Cappelluti",
          "team_id": "PHO",
          "value": 1.2094350783791779
        },
        {
          "player_id": "P5885",
          "name": "Rory Hullender",
          "team_id": "SAN2",
          "value": 1.1009833315061703
        },
        {
          "player_id": "P2340",
          "name": "Jorge Ortiz",
          "team_id": "LOS",
          "value": 1.020028556593977
        }
      ]
    },
    "pitching": {
      "era": [
        {
          "player_id": "P6199",
          "name": "Jamal Carter",
          "team_id": "SAN2",
          "value": 2.5737410071942444
        },
        {
          "player_id": "P6587",
          "name": "Manuel Martinez",
          "team_id": "POR",
          "value": 2.625
        },
        {
          "player_id": "P2727",
          "name": "Jerrold Bemo",
          "team_id": "POR",
          "value": 2.757825370675453
        }
      ],
      "so": [
        {
          "player_id": "P4387",
          "name": "Bryon Kroesing",
          "team_id": "SAN2",
          "value": 229.0
        },
        {
          "player_id": "P1812",
          "name": "Jonathon Rashed",
          "team_id": "SAN1",
          "value": 217.0
        },
        {
          "player_id": "P2169",
          "name": "Dave Rocha",
          "team_id": "NAS",
          "value": 214.0
        }
      ],
      "wins": [
        {
          "player_id": "P9238",
          "name": "Tyrone Wright",
          "team_id": "OKL",
          "value": 20.0
        },
        {
          "player_id": "P4387",
          "name": "Bryon Kroesing",
          "team_id": "SAN2",
          "value": 19.0
        },
        {
          "player_id": "P1979",
          "name": "Jamal Washington",
          "team_id": "BAL",
          "value": 18.0
        }
      ],
      "saves": [
        {
          "player_id": "P7118",
          "name": "Alejandro Vargas",
          "team_id": "POR",
          "value": 50.0
        },
        {
          "player_id": "P3624",
          "name": "Johnathon Hill",
          "team_id": "SAN1",
          "value": 50.0
        },
        {
          "player_id": "P1975",
          "name": "Carlos Torres",
          "team_id": "LOS",
          "value": 49.0
        }
      ]
    }
  },
  "year": 2028,
  "season_id": "nexgen-long-run-2028",
  "champion": "SAN2",
  "runner_up": "LOS"
}