{
  "stochastic": {
    "pitches": 52980.0,
    "swing_rate": 0.45056625141562856,
    "take_rate": 0.5494337485843714,
    "contact_rate": 0.22867119667799168,
    "swing_contact_rate": 0.507519584432994,
    "foul_rate": 0.01589278973197433,
    "ball_in_play_rate": 0.21277840694601738,
    "ball_rate": 0.3298791996979992,
    "called_strike_rate": 0.21955454888637221,
    "walk_rate": 0.014005285013212533,
    "strikeout_rate": 0.12948282370705927
  },
  "deterministic": {
    "pitches": 2401.0,
    "swing_rate": 0.46314035818408994,
    "take_rate": 0.5368596418159101,
    "contact_rate": 0.23740108288213244,
    "swing_contact_rate": 0.512589928057554,
    "foul_rate": 0.01582673885880883,
    "ball_in_play_rate": 0.22157434402332363,
    "ball_rate": 0.30653894210745525,
    "called_strike_rate": 0.2303206997084548,
    "walk_rate": 0.009995835068721367,
    "strikeout_rate": 0.13411078717201166
  }
}