{
  "stochastic": {
    "pitches": 51944.0,
    "swing_rate": 0.4504081318342831,
    "take_rate": 0.5495918681657169,
    "contact_rate": 0.22849607269367012,
    "swing_contact_rate": 0.5073089416994359,
    "foul_rate": 0.01499691975974126,
    "ball_in_play_rate": 0.21349915293392885,
    "ball_rate": 0.3295664561835823,
    "called_strike_rate": 0.2200254119821346,
    "walk_rate": 0.013168027106114278,
    "strikeout_rate": 0.13116048051748036
  },
  "deterministic": {
    "pitches": 2564.0,
    "swing_rate": 0.45631825273010923,
    "take_rate": 0.5436817472698908,
    "contact_rate": 0.2297191887675507,
    "swing_contact_rate": 0.5034188034188034,
    "foul_rate": 0.014820592823712949,
    "ball_in_play_rate": 0.21489859594383776,
    "ball_rate": 0.30616224648985957,
    "called_strike_rate": 0.2375195007800312,
    "walk_rate": 0.0093603744149766,
    "strikeout_rate": 0.13884555382215288
  }
}