{
  "stochastic": {
    "pitches": 51517.0,
    "swing_rate": 0.45485956092163754,
    "take_rate": 0.5451404390783625,
    "contact_rate": 0.23093347826930916,
    "swing_contact_rate": 0.5077028122732898,
    "foul_rate": 0.015315332802764136,
    "ball_in_play_rate": 0.21561814546654504,
    "ball_rate": 0.32218490983558823,
    "called_strike_rate": 0.22295552924277423,
    "walk_rate": 0.011704874119222781,
    "strikeout_rate": 0.1319758526311703
  },
  "deterministic": {
    "pitches": 2524.0,
    "swing_rate": 0.45641838351822506,
    "take_rate": 0.5435816164817749,
    "contact_rate": 0.23217115689381934,
    "swing_contact_rate": 0.5086805555555556,
    "foul_rate": 0.014263074484944533,
    "ball_in_play_rate": 0.2179080824088748,
    "ball_rate": 0.3058637083993661,
    "called_strike_rate": 0.23771790808240886,
    "walk_rate": 0.009112519809825673,
    "strikeout_rate": 0.13787638668779714
  }
}