{
  "stochastic": {
    "pitches": 51120.0,
    "swing_rate": 0.25348200312989044,
    "take_rate": 0.7465179968701096,
    "contact_rate": 0.12904929577464788,
    "swing_contact_rate": 0.5091063435715388,
    "foul_rate": 0.021381064162754305,
    "ball_in_play_rate": 0.08748043818466354,
    "ball_rate": 0.3760172143974961,
    "called_strike_rate": 0.09285993740219092,
    "walk_rate": 0.014945226917057903,
    "strikeout_rate": 0.14006259780907668
  },
  "deterministic": {
    "pitches": 2503.0,
    "swing_rate": 0.26448262085497404,
    "take_rate": 0.735517379145026,
    "contact_rate": 0.1390331602077507,
    "swing_contact_rate": 0.525679758308157,
    "foul_rate": 0.024370755093887336,
    "ball_in_play_rate": 0.09149021174590491,
    "ball_rate": 0.37714742309228927,
    "called_strike_rate": 0.08270075908909309,
    "walk_rate": 0.014382740711146624,
    "strikeout_rate": 0.1390331602077507
  }
}