{
  "metrics": {
    "pitches_per_pa": 3.9304209889645887,
    "avg": 0.24637005375299528,
    "obp": 0.3233064543959141,
    "slg": 0.3895214040541416,
    "ops": 0.7128278584500557,
    "iso": 0.1431513503011463,
    "babip": 0.2983413703566319,
    "k_pct": 0.21801499537813687,
    "bb_pct": 0.08940166843552787,
    "k_minus_bb_pct": 0.12861332694260902,
    "swing_pct": 0.48851227167541106,
    "z_swing_pct": 0.6477608690669906,
    "o_swing_pct": 0.32490184189923416,
    "contact_pct": 0.8288964570368917,
    "z_contact_pct": 0.8988722303303702,
    "o_contact_pct": 0.6855636482226329,
    "first_pitch_strike_pct": 0.6235178654980771,
    "zone_pct": 0.5067550107284611,
    "pitches_put_in_play_pct": 0.17010780724192898,
    "bip_gb_pct": 0.39076928328810145,
    "bip_ld_pct": 0.21525253042483827,
    "bip_fb_pct": 0.3939781862870603,
    "hr_per_fb_pct": 0.08451989053266172,
    "sb_pct": 0.7068902661319723,
    "sba_per_pa": 0.06260627432184145,
    "bip_double_play_pct": 0.024374007885708433,
    "called_third_strike_share_of_so": 0.2687395309882747
  },
  "mlb_deltas": {
    "pitches_per_pa": 0.07042098896458882,
    "avg": 0.0013700537529952872,
    "obp": 0.0103064543959141,
    "slg": -0.0024785959458584195,
    "ops": 0.007827858450055736,
    "iso": -0.021848649698853695,
    "babip": 0.007341370356631904,
    "k_pct": -0.001985004621863129,
    "bb_pct": 0.009401668435527866,
    "k_minus_bb_pct": -0.011386673057390995,
    "swing_pct": 0.018512271675411085,
    "z_swing_pct": -0.0022391309330094256,
    "o_swing_pct": 0.0049018418992341495,
    "contact_pct": 0.06889645703689173,
    "z_contact_pct": 0.07887223033037027,
    "o_contact_pct": 0.06556364822263294,
    "first_pitch_strike_pct": 0.023517865498077106,
    "zone_pct": 0.016755010728461084,
    "pitches_put_in_play_pct": -0.004892192758071012,
    "bip_gb_pct": -0.04923071671189855,
    "bip_ld_pct": 0.005252530424838281,
    "bip_fb_pct": 0.043978186287060295,
    "hr_per_fb_pct": -0.02548010946733828,
    "sb_pct": -0.07310973386802777,
    "sba_per_pa": 0.012606274321841443,
    "bip_double_play_pct": -0.0036259921142915673,
    "called_third_strike_share_of_so": 0.03873953098827468
  },
  "flags": [
    {
      "metric": "pitches_per_pa",
      "delta": 0.07042098896458882,
      "tolerance": 0.05
    },
    {
      "metric": "hr_per_fb_pct",
      "delta": -0.02548010946733828,
      "tolerance": 0.02
    },
    {
      "metric": "sb_pct",
      "delta": -0.07310973386802777,
      "tolerance": 0.05
    },
    {
      "metric": "sba_per_pa",
      "delta": 0.012606274321841443,
      "tolerance": 0.01
    }
  ],
  "leaders": {
    "batting": {
      "avg": [
        {
          "player_id": "P4943",
          "name": "Luis Vasquez",
          "team_id": "OKL",
          "value": 0.3402555910543131
        },
        {
          "player_id": "P9826",
          "name": "Sung Liu",
          "team_id": "POR",
          "value": 0.3322314049586777
        },
        {
          "player_id": "P4651",
          "name": "Darnell Scott",
          "team_id": "NEW",
          "value": 0.3318452380952381
        }
      ],
      "hr": [
        {
          "player_id": "P9169",
          "name": "Malik Wright",
          "team_id": "DAL",
          "value": 54.0
        },
        {
          "player_id": "P4651",
          "name": "Darnell Scott",
          "team_id": "NEW",
          "value": 53.0
        },
        {
          "player_id": "P4943",
          "name": "Luis Vasquez",
          "team_id": "OKL",
          "value": 46.0
        }
      ],
      "rbi": [
        {
          "player_id": "P4943",
          "name": "Luis Vasquez",
          "team_id": "OKL",
          "value": 129.0
        },
        {
          "player_id": "P4651",
          "name": "Darnell Scott",
          "team_id": "NEW",
          "value": 122.0
        },
        {
          "player_id": "P2288",
          "name": "Donny Cassity",
          "team_id": "MEM",
          "value": 119.0
        }
      ],
      "sb": [
        {
          "player_id": "P5879",
          "name": "Brant Newbold",
          "team_id": "PHI",
          "value": 71.0
        },
        {
          "player_id": "P8333",
          "name": "Raul Torres",
          "team_id": "OKL",
          "value": 63.0
        },
        {
          "player_id": "P8770",
          "name": "Luis Rivera",
          "team_id": "IND",
          "value": 62.0
        }
      ],
      "ops": [
        {
          "player_id": "P4943",
          "name": "Luis Vasquez",
          "team_id": "OKL",
          "value": 1.0658322211887141
        },
        {
          "player_id": "P4651",
          "name": "Darnell Scott",
          "team_id": "NEW",
          "value": 1.046124927703875
        },
        {
          "player_id": "P9169",
          "name": "Malik Wright",
          "team_id": "DAL",
          "value": 0.990036316959394
        }
      ]
    },
    "pitching": {
      "era": [
        {
          "player_id": "P8694",
          "name": "Winston Rusinko",
          "team_id": "OKL",
          "value": 2.1528239202657806
        },
        {
          "player_id": "P7872",
          "name": "Sung Hassan",
          "team_id": "JAC",
          "value": 2.313014827018122
        },
        {
          "player_id": "P6566",
          "name": "Rufus Harris",
          "team_id": "DEN",
          "value": 2.6114754098360655
        }
      ],
      "so": [
        {
          "player_id": "P7985",
          "name": "Marion Kraasch",
          "team_id": "POR",
          "value": 266.0
        },
        {
          "player_id": "P6297",
          "name": "Johnathon Tschannen",
          "team_id": "JAC",
          "value": 223.0
        },
        {
          "player_id": "P7872",
          "name": "Sung Hassan",
          "team_id": "JAC",
          "value": 222.0
        }
      ],
      "wins": [
        {
          "player_id": "P4227",
          "name": "Alvin Louthen",
          "team_id": "PHI",
          "value": 18.0
        },
        {
          "player_id": "P2624",
          "name": "Carlos Diaz",
          "team_id": "COL",
          "value": 15.0
        },
        {
          "player_id": "P7494",
          "name": "Raul Lopez",
          "team_id": "DEN",
          "value": 15.0
        }
      ],
      "saves": [
        {
          "player_id": "P2947",
          "name": "Jorge Vargas",
          "team_id": "IND",
          "value": 44.0
        },
        {
          "player_id": "P1640",
          "name": "Yong Patel",
          "team_id": "COL",
          "value": 42.0
        },
        {
          "player_id": "P4109",
          "name": "Jamal Baker",
          "team_id": "SAN",
          "value": 36.0
        }
      ]
    }
  },
  "year": 2026,
  "season_id": "nexgen-long-run-2026",
  "champion": "PHI",
  "runner_up": "COL"
}