{
  "metrics": {
    "pitches_per_pa": 3.924205378973105,
    "avg": 0.2438254842630667,
    "obp": 0.31937389862133303,
    "slg": 0.37859156386582876,
    "ops": 0.6979654624871618,
    "iso": 0.13476607960276207,
    "babip": 0.2992362878963203,
    "k_pct": 0.2254187327194205,
    "bb_pct": 0.08841944108036469,
    "k_minus_bb_pct": 0.13699929163905583,
    "swing_pct": 0.4882114886307392,
    "z_swing_pct": 0.645037096450772,
    "o_swing_pct": 0.3261684179369543,
    "contact_pct": 0.8233961093949406,
    "z_contact_pct": 0.8957526557004298,
    "o_contact_pct": 0.675541761951432,
    "first_pitch_strike_pct": 0.623403331581473,
    "zone_pct": 0.5081812094214924,
    "pitches_put_in_play_pct": 0.16908026901912832,
    "bip_gb_pct": 0.39084616179357373,
    "bip_ld_pct": 0.21414057926094293,
    "bip_fb_pct": 0.39501325894548334,
    "hr_per_fb_pct": 0.08192259975187097,
    "sb_pct": 0.6822081312942931,
    "sba_per_pa": 0.06126179649475584,
    "bip_double_play_pct": 0.025174777008644143,
    "called_third_strike_share_of_so": 0.2733907754688292
  },
  "mlb_deltas": {
    "pitches_per_pa": 0.06420537897310519,
    "avg": -0.001174515736933307,
    "obp": 0.0063738986213330295,
    "slg": -0.013408436134171253,
    "ops": -0.007034537512838113,
    "iso": -0.030233920397237934,
    "babip": 0.008236287896320305,
    "k_pct": 0.005418732719420505,
    "bb_pct": 0.008419441080364687,
    "k_minus_bb_pct": -0.003000708360944182,
    "swing_pct": 0.018211488630739237,
    "z_swing_pct": -0.004962903549228015,
    "o_swing_pct": 0.0061684179369542735,
    "contact_pct": 0.06339610939494056,
    "z_contact_pct": 0.07575265570042988,
    "o_contact_pct": 0.05554176195143201,
    "first_pitch_strike_pct": 0.023403331581473008,
    "zone_pct": 0.018181209421492373,
    "pitches_put_in_play_pct": -0.005919730980871674,
    "bip_gb_pct": -0.04915383820642627,
    "bip_ld_pct": 0.004140579260942939,
    "bip_fb_pct": 0.04501325894548336,
    "hr_per_fb_pct": -0.028077400248129034,
    "sb_pct": -0.09779186870570689,
    "sba_per_pa": 0.011261796494755838,
    "bip_double_play_pct": -0.0028252229913558573,
    "called_third_strike_share_of_so": 0.04339077546882916
  },
  "flags": [
    {
      "metric": "pitches_per_pa",
      "delta": 0.06420537897310519,
      "tolerance": 0.05
    },
    {
      "metric": "hr_per_fb_pct",
      "delta": -0.028077400248129034,
      "tolerance": 0.02
    },
    {
      "metric": "sb_pct",
      "delta": -0.09779186870570689,
      "tolerance": 0.05
    },
    {
      "metric": "sba_per_pa",
      "delta": 0.011261796494755838,
      "tolerance": 0.01
    }
  ],
  "leaders": {
    "batting": {
      "avg": [
        {
          "player_id": "P3598",
          "name": "Eldridge Tomidy",
          "team_id": "DEN",
          "value": 0.3165354330708661
        },
        {
          "player_id": "P3251",
          "name": "Xavier Washington",
          "team_id": "IND",
          "value": 0.3155487804878049
        },
        {
          "player_id": "P4621",
          "name": "Theo Taplin",
          "team_id": "PHI",
          "value": 0.31494661921708184
        }
      ],
      "hr": [
        {
          "player_id": "P3598",
          "name": "Eldridge Tomidy",
          "team_id": "DEN",
          "value": 47.0
        },
        {
          "player_id": "P2723",
          "name": "Rufus Mitchell",
          "team_id": "COL",
          "value": 41.0
        },
        {
          "player_id": "P4651",
          "name": "Darnell Scott",
          "team_id": "NEW",
          "value": 40.0
        }
      ],
      "rbi": [
        {
          "player_id": "P3598",
          "name": "Eldridge Tomidy",
          "team_id": "DEN",
          "value": 115.0
        },
        {
          "player_id": "P2723",
          "name": "Rufus Mitchell",
          "team_id": "COL",
          "value": 108.0
        },
        {
          "player_id": "P2288",
          "name": "Donny Cassity",
          "team_id": "MEM",
          "value": 102.0
        }
      ],
      "sb": [
        {
          "player_id": "P7632",
          "name": "Jorge Delgado",
          "team_id": "SAN",
          "value": 66.0
        },
        {
          "player_id": "P8333",
          "name": "Raul Torres",
          "team_id": "OKL",
          "value": 65.0
        },
        {
          "player_id": "P2313",
          "name": "Tyrone Wright",
          "team_id": "JAC",
          "value": 57.0
        }
      ],
      "ops": [
        {
          "player_id": "P3598",
          "name": "Eldridge Tomidy",
          "team_id": "DEN",
          "value": 1.0005396178624526
        },
        {
          "player_id": "P3251",
          "name": "Xavier Washington",
          "team_id": "IND",
          "value": 0.9591114286642202
        },
        {
          "player_id": "P2723",
          "name": "Rufus Mitchell",
          "team_id": "COL",
          "value": 0.9556712551322981
        }
      ]
    },
    "pitching": {
      "era": [
        {
          "player_id": "P7494",
          "name": "Raul Lopez",
          "team_id": "DEN",
          "value": 2.5372340425531914
        },
        {
          "player_id": "P9195",
          "name": "Anton Amalong",
          "team_id": "PHI",
          "value": 2.559928443649374
        },
        {
          "player_id": "P5740",
          "name": "Jackson Voigt",
          "team_id": "SEA",
          "value": 2.6666666666666665
        }
      ],
      "so": [
        {
          "player_id": "P2750",
          "name": "Deshawn Allen",
          "team_id": "NEW",
          "value": 209.0
        },
        {
          "player_id": "P3425",
          "name": "Jan Vanderlinden",
          "team_id": "DAL",
          "value": 208.0
        },
        {
          "player_id": "P7928",
          "name": "Deshawn Wright",
          "team_id": "NEW",
          "value": 205.0
        }
      ],
      "wins": [
        {
          "player_id": "P2750",
          "name": "Deshawn Allen",
          "team_id": "NEW",
          "value": 19.0
        },
        {
          "player_id": "P4227",
          "name": "Alvin Louthen",
          "team_id": "PHI",
          "value": 15.0
        },
        {
          "player_id": "P6027",
          "name": "Rafael Morales",
          "team_id": "CHA",
          "value": 15.0
        }
      ],
      "saves": [
        {
          "player_id": "P1640",
          "name": "Yong Patel",
          "team_id": "COL",
          "value": 37.0
        },
        {
          "player_id": "P4109",
          "name": "Jamal Baker",
          "team_id": "SAN",
          "value": 35.0
        },
        {
          "player_id": "P8850",
          "name": "Rufus Green",
          "team_id": "SEA",
          "value": 34.0
        }
      ]
    }
  },
  "year": 2025,
  "season_id": "nexgen-long-run-2025",
  "champion": "DEN",
  "runner_up": "NEW"
}