{
  "metrics": {
    "pitches_per_pa": 3.9225710527820667,
    "avg": 0.24422844833179772,
    "obp": 0.3206391324411629,
    "slg": 0.38656094680699205,
    "ops": 0.707200079248155,
    "iso": 0.14233249847519433,
    "babip": 0.295512593118127,
    "k_pct": 0.21922571052782067,
    "bb_pct": 0.08957511294104192,
    "k_minus_bb_pct": 0.12965059758677874,
    "swing_pct": 0.48834008805434875,
    "z_swing_pct": 0.6457118540753776,
    "o_swing_pct": 0.3264762941232138,
    "contact_pct": 0.8288871905711522,
    "z_contact_pct": 0.9007908235964662,
    "o_contact_pct": 0.682615312148991,
    "first_pitch_strike_pct": 0.6269914793846858,
    "zone_pct": 0.5070356007814094,
    "pitches_put_in_play_pct": 0.170262705192874,
    "bip_gb_pct": 0.39184861717612807,
    "bip_ld_pct": 0.21150783457487798,
    "bip_fb_pct": 0.3966435482489939,
    "hr_per_fb_pct": 0.0852651948975159,
    "sb_pct": 0.7177508269018743,
    "sba_per_pa": 0.06224052153027964,
    "bip_double_play_pct": 0.02416302765647744,
    "called_third_strike_share_of_so": 0.2750939065108514
  },
  "mlb_deltas": {
    "pitches_per_pa": 0.06257105278206687,
    "avg": -0.0007715516682022805,
    "obp": 0.007639132441162877,
    "slg": -0.00543905319300797,
    "ops": 0.002200079248155018,
    "iso": -0.022667501524805678,
    "babip": 0.004512593118127017,
    "k_pct": -0.0007742894721793347,
    "bb_pct": 0.009575112941041922,
    "k_minus_bb_pct": -0.01034940241322127,
    "swing_pct": 0.01834008805434878,
    "z_swing_pct": -0.004288145924622455,
    "o_swing_pct": 0.006476294123213766,
    "contact_pct": 0.06888719057115222,
    "z_contact_pct": 0.08079082359646628,
    "o_contact_pct": 0.06261531214899096,
    "first_pitch_strike_pct": 0.026991479384685824,
    "zone_pct": 0.01703560078140942,
    "pitches_put_in_play_pct": -0.00473729480712598,
    "bip_gb_pct": -0.048151382823871935,
    "bip_ld_pct": 0.001507834574877992,
    "bip_fb_pct": 0.046643548248993916,
    "hr_per_fb_pct": -0.024734805102484103,
    "sb_pct": -0.06224917309812572,
    "sba_per_pa": 0.012240521530279637,
    "bip_double_play_pct": -0.003836972343522562,
    "called_third_strike_share_of_so": 0.045093906510851406
  },
  "flags": [
    {
      "metric": "pitches_per_pa",
      "delta": 0.06257105278206687,
      "tolerance": 0.05
    },
    {
      "metric": "hr_per_fb_pct",
      "delta": -0.024734805102484103,
      "tolerance": 0.02
    },
    {
      "metric": "sb_pct",
      "delta": -0.06224917309812572,
      "tolerance": 0.05
    },
    {
      "metric": "sba_per_pa",
      "delta": 0.012240521530279637,
      "tolerance": 0.01
    }
  ],
  "leaders": {
    "batting": {
      "avg": [
        {
          "player_id": "P6454",
          "name": "Cecil Burgoyne",
          "team_id": "OKL",
          "value": 0.3302611367127496
        },
        {
          "player_id": "P3598",
          "name": "Eldridge Tomidy",
          "team_id": "DEN",
          "value": 0.3228346456692913
        },
        {
          "player_id": "P5706",
          "name": "Francisco Morales",
          "team_id": "DAL",
          "value": 0.3183183183183183
        }
      ],
      "hr": [
        {
          "player_id": "P6454",
          "name": "Cecil Burgoyne",
          "team_id": "OKL",
          "value": 57.0
        },
        {
          "player_id": "P9169",
          "name": "Malik Wright",
          "team_id": "DAL",
          "value": 56.0
        },
        {
          "player_id": "P4651",
          "name": "Darnell Scott",
          "team_id": "NEW",
          "value": 53.0
        }
      ],
      "rbi": [
        {
          "player_id": "P6454",
          "name": "Cecil Burgoyne",
          "team_id": "OKL",
          "value": 136.0
        },
        {
          "player_id": "P4651",
          "name": "Darnell Scott",
          "team_id": "NEW",
          "value": 128.0
        },
        {
          "player_id": "P9169",
          "name": "Malik Wright",
          "team_id": "DAL",
          "value": 126.0
        }
      ],
      "sb": [
        {
          "player_id": "P3766",
          "name": "Erich Bonillas",
          "team_id": "SAN",
          "value": 78.0
        },
        {
          "player_id": "P5879",
          "name": "Brant Newbold",
          "team_id": "PHI",
          "value": 64.0
        },
        {
          "player_id": "P2313",
          "name": "Tyrone Wright",
          "team_id": "JAC",
          "value": 62.0
        }
      ],
      "ops": [
        {
          "player_id": "P6454",
          "name": "Cecil Burgoyne",
          "team_id": "OKL",
          "value": 1.0723724773557923
        },
        {
          "player_id": "P9169",
          "name": "Malik Wright",
          "team_id": "DAL",
          "value": 1.0349510315350183
        },
        {
          "player_id": "P3598",
          "name": "Eldridge Tomidy",
          "team_id": "DEN",
          "value": 1.0258285263088631
        }
      ]
    },
    "pitching": {
      "era": [
        {
          "player_id": "P6566",
          "name": "Rufus Harris",
          "team_id": "DEN",
          "value": 2.3114754098360657
        },
        {
          "player_id": "P2238",
          "name": "Luis Perez",
          "team_id": "PHI",
          "value": 2.3596638655462185
        },
        {
          "player_id": "P5412",
          "name": "Edmund Inman",
          "team_id": "CHA",
          "value": 2.4732824427480917
        }
      ],
      "so": [
        {
          "player_id": "P6955",
          "name": "Darnell Robinson",
          "team_id": "SAN",
          "value": 220.0
        },
        {
          "player_id": "P7928",
          "name": "Deshawn Wright",
          "team_id": "NEW",
          "value": 211.0
        },
        {
          "player_id": "P3425",
          "name": "Jan Vanderlinden",
          "team_id": "DAL",
          "value": 211.0
        }
      ],
      "wins": [
        {
          "player_id": "P7928",
          "name": "Deshawn Wright",
          "team_id": "NEW",
          "value": 17.0
        },
        {
          "player_id": "P6297",
          "name": "Johnathon Tschannen",
          "team_id": "JAC",
          "value": 16.0
        },
        {
          "player_id": "P6566",
          "name": "Rufus Harris",
          "team_id": "DEN",
          "value": 16.0
        }
      ],
      "saves": [
        {
          "player_id": "P4109",
          "name": "Jamal Baker",
          "team_id": "SAN",
          "value": 44.0
        },
        {
          "player_id": "P9045",
          "name": "Leroy Washington",
          "team_id": "SAN1",
          "value": 42.0
        },
        {
          "player_id": "P8850",
          "name": "Rufus Green",
          "team_id": "SEA",
          "value": 35.0
        }
      ]
    }
  },
  "year": 2027,
  "season_id": "nexgen-long-run-2027",
  "champion": "SAN1",
  "runner_up": "NEW"
}