{
  "stochastic": {
    "pitches": 61552.0,
    "swing_rate": 0.402375227449961,
    "take_rate": 0.597624772550039,
    "contact_rate": 0.17395048089420329,
    "swing_contact_rate": 0.4323091210077926,
    "foul_rate": 0.029584741356901482,
    "ball_in_play_rate": 0.1294515206654536,
    "ball_rate": 0.4344781648037432,
    "called_strike_rate": 0.14992201715622563,
    "walk_rate": 0.027927605926696127,
    "strikeout_rate": 0.0946841694827138
  },
  "deterministic": {
    "pitches": 3133.0,
    "swing_rate": 0.4082349186083626,
    "take_rate": 0.5917650813916374,
    "contact_rate": 0.17650813916374083,
    "swing_contact_rate": 0.4323690383111806,
    "foul_rate": 0.025853814235556973,
    "ball_in_play_rate": 0.13501436323013086,
    "ball_rate": 0.4337695499521226,
    "called_strike_rate": 0.14235556974146185,
    "walk_rate": 0.024577082668368975,
    "strikeout_rate": 0.0906479412703479
  }
}