pitch,alive_prob,resolved_prob
1,1.0,0.190564537503313
2,0.809435462496687,0.1264245958123509
3,0.6830108666843361,0.2989663397826663
4,0.38404452690166974,0.20408163265306123
5,0.17996289424860853,0.12589451364961568
6,0.05406838059899284,0.05406838059899284
