{
  "stochastic": {
    "pitches": 51818.0,
    "swing_rate": 0.4500173684819947,
    "take_rate": 0.5499826315180053,
    "contact_rate": 0.2288972943764715,
    "swing_contact_rate": 0.508641022342296,
    "foul_rate": 0.015612335481878884,
    "ball_in_play_rate": 0.21328495889459262,
    "ball_rate": 0.3314485313983558,
    "called_strike_rate": 0.21853410011964955,
    "walk_rate": 0.009070207263885136,
    "strikeout_rate": 0.13279169400594387
  },
  "deterministic": {
    "pitches": 2452.0,
    "swing_rate": 0.44779771615008157,
    "take_rate": 0.5522022838499184,
    "contact_rate": 0.22145187601957586,
    "swing_contact_rate": 0.49453551912568305,
    "foul_rate": 0.01631321370309951,
    "ball_in_play_rate": 0.20513866231647634,
    "ball_rate": 0.3254486133768352,
    "called_strike_rate": 0.2267536704730832,
    "walk_rate": 0.010603588907014683,
    "strikeout_rate": 0.13866231647634583
  }
}