{
  "stochastic": {
    "pitches": 58352.0,
    "swing_rate": 0.3884357005758157,
    "take_rate": 0.6115642994241842,
    "contact_rate": 0.20384905401700026,
    "swing_contact_rate": 0.524794846907262,
    "foul_rate": 0.04112969564025226,
    "ball_in_play_rate": 0.14272004387167536,
    "ball_rate": 0.44265834932821496,
    "called_strike_rate": 0.1565156292843433,
    "walk_rate": 0.027522621332602137,
    "strikeout_rate": 0.08339045791061146
  },
  "deterministic": {
    "pitches": 2719.0,
    "swing_rate": 0.4027215888194189,
    "take_rate": 0.5972784111805811,
    "contact_rate": 0.2081647664582567,
    "swing_contact_rate": 0.5168949771689497,
    "foul_rate": 0.04155939683707245,
    "ball_in_play_rate": 0.14748069143067305,
    "ball_rate": 0.42809856564913573,
    "called_strike_rate": 0.1566752482530342,
    "walk_rate": 0.02721588819418904,
    "strikeout_rate": 0.0831187936741449
  }
}