{
  "seasons": [],
  "metric_totals": {
    "pitches_per_pa": {
      "max_abs_delta": 0.032048812407443616,
      "avg_abs_delta": 0.0178069164864727
    },
    "avg": {
      "max_abs_delta": 0.002163571969356709,
      "avg_abs_delta": 0.0008104137172258719
    },
    "obp": {
      "max_abs_delta": 0.0043817191269319156,
      "avg_abs_delta": 0.003124348556052614
    },
    "slg": {
      "max_abs_delta": 0.025495902221189692,
      "avg_abs_delta": 0.021294964836530005
    },
    "ops": {
      "max_abs_delta": 0.02835109767957167,
      "avg_abs_delta": 0.024419313392582652
    },
    "iso": {
      "max_abs_delta": 0.008345723467688831,
      "avg_abs_delta": 0.003787197906268314
    },
    "babip": {
      "max_abs_delta": 0.006290516808830915,
      "avg_abs_delta": 0.0023932084130522725
    },
    "k_pct": {
      "max_abs_delta": 0.012088488511317635,
      "avg_abs_delta": 0.0039038491996948033
    },
    "bb_pct": {
      "max_abs_delta": 0.0037971587597288997,
      "avg_abs_delta": 0.003397960233095873
    },
    "k_minus_bb_pct": {
      "max_abs_delta": 0.008879639660185845,
      "avg_abs_delta": 0.004116749815838011
    },
    "swing_pct": {
      "max_abs_delta": 0.019184384470374904,
      "avg_abs_delta": 0.0187258146622979
    },
    "z_swing_pct": {
      "max_abs_delta": 0.00655740123329307,
      "avg_abs_delta": 0.005481586461943211
    },
    "o_swing_pct": {
      "max_abs_delta": 0.008605229778514967,
      "avg_abs_delta": 0.0075530390624398034
    },
    "contact_pct": {
      "max_abs_delta": 0.048297663770480836,
      "avg_abs_delta": 0.04293563758278764
    },
    "z_contact_pct": {
      "max_abs_delta": 0.05730645717292315,
      "avg_abs_delta": 0.05313872655408543
    },
    "o_contact_pct": {
      "max_abs_delta": 0.047438200166651234,
      "avg_abs_delta": 0.04002580292579683
    },
    "first_pitch_strike_pct": {
      "max_abs_delta": 0.029811424135884224,
      "avg_abs_delta": 0.028289115521355046
    },
    "zone_pct": {
      "max_abs_delta": 0.018969780382758095,
      "avg_abs_delta": 0.0184865241615777
    },
    "pitches_put_in_play_pct": {
      "max_abs_delta": 0.0023435924207728664,
      "avg_abs_delta": 0.0014028340309243826
    },
    "bip_gb_pct": {
      "max_abs_delta": 0.018731793538299457,
      "avg_abs_delta": 0.016963318982181386
    },
    "bip_ld_pct": {
      "max_abs_delta": 0.008936419721613215,
      "avg_abs_delta": 0.007663921815380131
    },
    "bip_fb_pct": {
      "max_abs_delta": 0.010964128642111048,
      "avg_abs_delta": 0.009299397166801272
    },
    "hr_per_fb_pct": {
      "max_abs_delta": 0.00302201021005942,
      "avg_abs_delta": 0.0017144333292890002
    },
    "sb_pct": {
      "max_abs_delta": 0.0038553153947948893,
      "avg_abs_delta": 0.0023537286194767358
    },
    "sba_per_pa": {
      "max_abs_delta": 0.004780603625405229,
      "avg_abs_delta": 0.0038455707050240014
    },
    "bip_double_play_pct": {
      "max_abs_delta": 0.003982682792743265,
      "avg_abs_delta": 0.0032915341845579467
    },
    "called_third_strike_share_of_so": {
      "max_abs_delta": 0.008911237657384663,
      "avg_abs_delta": 0.004221169671542746
    }
  }
}