{
  "metrics": {
    "pitches_per_pa": 3.8588637324708275,
    "avg": 0.2428364280306433,
    "obp": 0.31494324259048406,
    "slg": 0.41068151779183615,
    "ops": 0.7256247603823203,
    "iso": 0.16784508976119286,
    "babip": 0.2907164821101651,
    "k_pct": 0.22469341806004778,
    "bb_pct": 0.0837971587597289,
    "k_minus_bb_pct": 0.14089625930031888,
    "swing_pct": 0.48823151353960886,
    "z_swing_pct": 0.6437557568761878,
    "o_swing_pct": 0.327624093194064,
    "contact_pct": 0.8042294019873094,
    "z_contact_pct": 0.8740876242913806,
    "o_contact_pct": 0.6624770305034914,
    "first_pitch_strike_pct": 0.6279643873504235,
    "zone_pct": 0.5080396518174737,
    "pitches_put_in_play_pct": 0.17380101232381331,
    "bip_gb_pct": 0.42450836713131795,
    "bip_ld_pct": 0.21611397021233086,
    "bip_fb_pct": 0.3593776626563512,
    "hr_per_fb_pct": 0.10855138014118443,
    "sb_pct": 0.776475512766848,
    "sba_per_pa": 0.05460758654582443,
    "bip_double_play_pct": 0.026004566988173546,
    "called_third_strike_share_of_so": 0.23433367243133266
  },
  "mlb_deltas": {
    "pitches_per_pa": -0.0011362675291723967,
    "avg": -0.002163571969356709,
    "obp": 0.0019432425904840622,
    "slg": 0.018681517791836133,
    "ops": 0.020624760382320306,
    "iso": 0.002845089761192854,
    "babip": -0.00028351788983488335,
    "k_pct": 0.004693418060047777,
    "bb_pct": 0.0037971587597288997,
    "k_minus_bb_pct": 0.0008962593003188635,
    "swing_pct": 0.01823151353960889,
    "z_swing_pct": -0.006244243123812221,
    "o_swing_pct": 0.0076240931940639856,
    "contact_pct": 0.0442294019873094,
    "z_contact_pct": 0.0540876242913807,
    "o_contact_pct": 0.042477030503491386,
    "first_pitch_strike_pct": 0.027964387350423503,
    "zone_pct": 0.01803965181747369,
    "pitches_put_in_play_pct": -0.0011989876761866747,
    "bip_gb_pct": -0.015491632868682048,
    "bip_ld_pct": 0.0061139702123308715,
    "bip_fb_pct": 0.009377662656351204,
    "hr_per_fb_pct": -0.0014486198588155724,
    "sb_pct": -0.0035244872331520183,
    "sba_per_pa": 0.004607586545824424,
    "bip_double_play_pct": -0.0019954330118264543,
    "called_third_strike_share_of_so": 0.004333672431332647
  },
  "flags": [],
  "leaders": {
    "batting": {
      "avg": [
        {
          "player_id": "P2195",
          "name": "Clyde Deyoung",
          "team_id": "MEM",
          "value": 0.3967551622418879
        },
        {
          "player_id": "P6060",
          "name": "Carlos Ramos",
          "team_id": "DAL",
          "value": 0.3551263001485884
        },
        {
          "player_id": "P2239",
          "name": "Brandon Homsey",
          "team_id": "PHO",
          "value": 0.3427299703264095
        }
      ],
      "hr": [
        {
          "player_id": "P2195",
          "name": "Clyde Deyoung",
          "team_id": "MEM",
          "value": 76.0
        },
        {
          "player_id": "P6394",
          "name": "Hector Hernandez",
          "team_id": "IND",
          "value": 63.0
        },
        {
          "player_id": "P6060",
          "name": "Carlos Ramos",
          "team_id": "DAL",
          "value": 61.0
        }
      ],
      "rbi": [
        {
          "player_id": "P2195",
          "name": "Clyde Deyoung",
          "team_id": "MEM",
          "value": 152.0
        },
        {
          "player_id": "P3686",
          "name": "Jermaine Wright",
          "team_id": "LOU",
          "value": 145.0
        },
        {
          "player_id": "P6060",
          "name": "Carlos Ramos",
          "team_id": "DAL",
          "value": 137.0
        }
      ],
      "sb": [
        {
          "player_id": "P2107",
          "name": "Delbert Hilson",
          "team_id": "SAN1",
          "value": 52.0
        },
        {
          "player_id": "P3652",
          "name": "Percy Jackson",
          "team_id": "JAC",
          "value": 50.0
        },
        {
          "player_id": "P3299",
          "name": "Christian Favian",
          "team_id": "SEA",
          "value": 49.0
        }
      ],
      "ops": [
        {
          "player_id": "P2195",
          "name": "Clyde Deyoung",
          "team_id": "MEM",
          "value": 1.3219787423327247
        },
        {
          "player_id": "P6060",
          "name": "Carlos Ramos",
          "team_id": "DAL",
          "value": 1.155309791876502
        },
        {
          "player_id": "P2239",
          "name": "Brandon Homsey",
          "team_id": "PHO",
          "value": 1.0764155267665436
        }
      ]
    },
    "pitching": {
      "era": [
        {
          "player_id": "P8150",
          "name": "Tyrone Harris",
          "team_id": "HOU",
          "value": 2.4965753424657535
        },
        {
          "player_id": "P4315",
          "name": "Yong Liu",
          "team_id": "SAN1",
          "value": 2.545286506469501
        },
        {
          "player_id": "P2951",
          "name": "Jamal Allen",
          "team_id": "HOU",
          "value": 2.685612788632327
        }
      ],
      "so": [
        {
          "player_id": "P3536",
          "name": "Whitney Dee",
          "team_id": "SAN1",
          "value": 209.0
        },
        {
          "player_id": "P2084",
          "name": "Malik King",
          "team_id": "IND",
          "value": 207.0
        },
        {
          "player_id": "P7039",
          "name": "Darnell Green",
          "team_id": "SAN",
          "value": 206.0
        }
      ],
      "wins": [
        {
          "player_id": "P3431",
          "name": "Tyrone Gaines",
          "team_id": "MEM",
          "value": 17.0
        },
        {
          "player_id": "P9836",
          "name": "Sung Chen",
          "team_id": "JAC",
          "value": 15.0
        },
        {
          "player_id": "P5844",
          "name": "Leroy Jefferson",
          "team_id": "IND",
          "value": 15.0
        }
      ],
      "saves": [
        {
          "player_id": "P6778",
          "name": "Luis Ramos",
          "team_id": "MEM",
          "value": 60.0
        },
        {
          "player_id": "P2723",
          "name": "Rashad Mockbee",
          "team_id": "IND",
          "value": 50.0
        },
        {
          "player_id": "P5126",
          "name": "Raul Lopez",
          "team_id": "HOU",
          "value": 50.0
        }
      ]
    }
  },
  "year": 2028,
  "season_id": "nexgen-long-run-2028",
  "champion": "MEM",
  "runner_up": "LOU"
}