{
  "metrics": {
    "pitches_per_pa": 3.8342198986347658,
    "avg": 0.24493797416444535,
    "obp": 0.3162944069120824,
    "slg": 0.4135354726266147,
    "ops": 0.729829879538697,
    "iso": 0.16859749846216937,
    "babip": 0.29004344232020685,
    "k_pct": 0.21849458928816035,
    "bb_pct": 0.08328386831651523,
    "k_minus_bb_pct": 0.13521072097164513,
    "swing_pct": 0.48896225881456296,
    "z_swing_pct": 0.645073323736292,
    "o_swing_pct": 0.3272891453089869,
    "contact_pct": 0.8082976637704808,
    "z_contact_pct": 0.8773064571729231,
    "o_contact_pct": 0.6674382001666512,
    "first_pitch_strike_pct": 0.6298114241358842,
    "zone_pct": 0.5087512987766938,
    "pitches_put_in_play_pct": 0.1765711104429089,
    "bip_gb_pct": 0.4255509281896508,
    "bip_ld_pct": 0.2184660001011651,
    "bip_fb_pct": 0.3559830717091841,
    "hr_per_fb_pct": 0.11046977038129345,
    "sb_pct": 0.7787038966451344,
    "sba_per_pa": 0.05478060362540523,
    "bip_double_play_pct": 0.024718002326796946,
    "called_third_strike_share_of_so": 0.23891123765738467
  },
  "mlb_deltas": {
    "pitches_per_pa": -0.02578010136523412,
    "avg": -6.202583555464658e-05,
    "obp": 0.0032944069120823816,
    "slg": 0.021535472626614705,
    "ops": 0.024829879538697086,
    "iso": 0.003597498462169363,
    "babip": -0.0009565576797931352,
    "k_pct": -0.0015054107118396554,
    "bb_pct": 0.003283868316515226,
    "k_minus_bb_pct": -0.004789279028354881,
    "swing_pct": 0.018962258814562982,
    "z_swing_pct": -0.004926676263708019,
    "o_swing_pct": 0.0072891453089868885,
    "contact_pct": 0.048297663770480836,
    "z_contact_pct": 0.05730645717292315,
    "o_contact_pct": 0.047438200166651234,
    "first_pitch_strike_pct": 0.029811424135884224,
    "zone_pct": 0.018751298776693792,
    "pitches_put_in_play_pct": 0.0015711104429089184,
    "bip_gb_pct": -0.014449071810349212,
    "bip_ld_pct": 0.008466000101165105,
    "bip_fb_pct": 0.005983071709184107,
    "hr_per_fb_pct": 0.0004697703812934495,
    "sb_pct": -0.0012961033548656298,
    "sba_per_pa": 0.004780603625405229,
    "bip_double_play_pct": -0.003281997673203054,
    "called_third_strike_share_of_so": 0.008911237657384663
  },
  "flags": [],
  "leaders": {
    "batting": {
      "avg": [
        {
          "player_id": "P2195",
          "name": "Clyde Deyoung",
          "team_id": "MEM",
          "value": 0.3551673944687045
        },
        {
          "player_id": "P3686",
          "name": "Jermaine Wright",
          "team_id": "LOU",
          "value": 0.3295638126009693
        },
        {
          "player_id": "P6060",
          "name": "Carlos Ramos",
          "team_id": "DAL",
          "value": 0.3289665211062591
        }
      ],
      "hr": [
        {
          "player_id": "P2195",
          "name": "Clyde Deyoung",
          "team_id": "MEM",
          "value": 61.0
        },
        {
          "player_id": "P6060",
          "name": "Carlos Ramos",
          "team_id": "DAL",
          "value": 59.0
        },
        {
          "player_id": "P6394",
          "name": "Hector Hernandez",
          "team_id": "IND",
          "value": 55.0
        }
      ],
      "rbi": [
        {
          "player_id": "P9734",
          "name": "Darin Winzer",
          "team_id": "BOS",
          "value": 141.0
        },
        {
          "player_id": "P6394",
          "name": "Hector Hernandez",
          "team_id": "IND",
          "value": 131.0
        },
        {
          "player_id": "P8718",
          "name": "Gilberto Sirolli",
          "team_id": "SEA",
          "value": 130.0
        }
      ],
      "sb": [
        {
          "player_id": "P3983",
          "name": "Sung Park",
          "team_id": "IND",
          "value": 59.0
        },
        {
          "player_id": "P8927",
          "name": "Ricardo Perez",
          "team_id": "BOS",
          "value": 57.0
        },
        {
          "player_id": "P5419",
          "name": "Vito Szypowski",
          "team_id": "LOU",
          "value": 56.0
        }
      ],
      "ops": [
        {
          "player_id": "P2195",
          "name": "Clyde Deyoung",
          "team_id": "MEM",
          "value": 1.1717556244390646
        },
        {
          "player_id": "P6060",
          "name": "Carlos Ramos",
          "team_id": "DAL",
          "value": 1.0876899427281013
        },
        {
          "player_id": "P3686",
          "name": "Jermaine Wright",
          "team_id": "LOU",
          "value": 1.065874618560402
        }
      ]
    },
    "pitching": {
      "era": [
        {
          "player_id": "P7039",
          "name": "Darnell Green",
          "team_id": "SAN",
          "value": 2.990228013029316
        },
        {
          "player_id": "P2778",
          "name": "Carlos Castillo",
          "team_id": "PHO",
          "value": 2.9948805460750854
        },
        {
          "player_id": "P3932",
          "name": "Roberto Ortiz",
          "team_id": "NAS",
          "value": 3.0102915951972555
        }
      ],
      "so": [
        {
          "player_id": "P7582",
          "name": "Marcellus Purtell",
          "team_id": "IND",
          "value": 203.0
        },
        {
          "player_id": "P5060",
          "name": "Russel Heiberger",
          "team_id": "LAS",
          "value": 198.0
        },
        {
          "player_id": "P3932",
          "name": "Roberto Ortiz",
          "team_id": "NAS",
          "value": 197.0
        }
      ],
      "wins": [
        {
          "player_id": "P6827",
          "name": "Joe Grav",
          "team_id": "LOU",
          "value": 16.0
        },
        {
          "player_id": "P5594",
          "name": "James Curro",
          "team_id": "NAS",
          "value": 16.0
        },
        {
          "player_id": "P4425",
          "name": "Tyrone Robinson",
          "team_id": "IND",
          "value": 14.0
        }
      ],
      "saves": [
        {
          "player_id": "P4046",
          "name": "Brock Vanstraten",
          "team_id": "SEA",
          "value": 51.0
        },
        {
          "player_id": "P7354",
          "name": "Ricardo Delgado",
          "team_id": "LOU",
          "value": 48.0
        },
        {
          "player_id": "P7813",
          "name": "Patrick Bloeser",
          "team_id": "PHO",
          "value": 44.0
        }
      ]
    }
  },
  "year": 2026,
  "season_id": "nexgen-long-run-2026",
  "champion": "NAS",
  "runner_up": "SEA"
}