{
  "metrics": {
    "pitches_per_pa": 3.844369690404242,
    "avg": 0.24481880208400006,
    "obp": 0.31614717869238274,
    "slg": 0.4106171353959984,
    "ops": 0.7267643140883812,
    "iso": 0.16579833331199836,
    "babip": 0.2972905168088309,
    "k_pct": 0.23208848851131764,
    "bb_pct": 0.08320884885113176,
    "k_minus_bb_pct": 0.14887963966018586,
    "swing_pct": 0.4886394646607264,
    "z_swing_pct": 0.6439769217320357,
    "o_swing_pct": 0.3276268258206377,
    "contact_pct": 0.7941919191919192,
    "z_contact_pct": 0.8654117647058823,
    "o_contact_pct": 0.6490891658676894,
    "first_pitch_strike_pct": 0.6276526597867609,
    "zone_pct": 0.5089697803827581,
    "pitches_put_in_play_pct": 0.17265640757922712,
    "bip_gb_pct": 0.42186641011544807,
    "bip_ld_pct": 0.2171694612424409,
    "bip_fb_pct": 0.360964128642111,
    "hr_per_fb_pct": 0.10766159857300603,
    "sb_pct": 0.7791771620486986,
    "sba_per_pa": 0.05432464792747591,
    "bip_double_play_pct": 0.024017317207256736,
    "called_third_strike_share_of_so": 0.2239473296319953
  },
  "mlb_deltas": {
    "pitches_per_pa": -0.01563030959575773,
    "avg": -0.00018119791599993662,
    "obp": 0.003147178692382735,
    "slg": 0.018617135395998408,
    "ops": 0.021764314088381198,
    "iso": 0.000798333311998356,
    "babip": 0.006290516808830915,
    "k_pct": 0.012088488511317635,
    "bb_pct": 0.0032088488511317625,
    "k_minus_bb_pct": 0.008879639660185845,
    "swing_pct": 0.018639464660726413,
    "z_swing_pct": -0.006023078267964332,
    "o_swing_pct": 0.007626825820637673,
    "contact_pct": 0.03419191919191922,
    "z_contact_pct": 0.045411764705882374,
    "o_contact_pct": 0.029089165867689393,
    "first_pitch_strike_pct": 0.027652659786760903,
    "zone_pct": 0.018969780382758095,
    "pitches_put_in_play_pct": -0.0023435924207728664,
    "bip_gb_pct": -0.018133589884551937,
    "bip_ld_pct": 0.0071694612424409165,
    "bip_fb_pct": 0.010964128642111048,
    "hr_per_fb_pct": -0.002338401426993972,
    "sb_pct": -0.0008228379513014472,
    "sba_per_pa": 0.0043246479274759095,
    "bip_double_play_pct": -0.003982682792743265,
    "called_third_strike_share_of_so": -0.00605267036800472
  },
  "flags": [],
  "leaders": {
    "batting": {
      "avg": [
        {
          "player_id": "P6060",
          "name": "Carlos Ramos",
          "team_id": "DAL",
          "value": 0.38273615635179153
        },
        {
          "player_id": "P6223",
          "name": "Jamal Jackson",
          "team_id": "NAS",
          "value": 0.3293103448275862
        },
        {
          "player_id": "P2239",
          "name": "Brandon Homsey",
          "team_id": "PHO",
          "value": 0.32653061224489793
        }
      ],
      "hr": [
        {
          "player_id": "P6060",
          "name": "Carlos Ramos",
          "team_id": "DAL",
          "value": 59.0
        },
        {
          "player_id": "P1619",
          "name": "Sung Hassan",
          "team_id": "JAC",
          "value": 49.0
        },
        {
          "player_id": "P2239",
          "name": "Brandon Homsey",
          "team_id": "PHO",
          "value": 47.0
        }
      ],
      "rbi": [
        {
          "player_id": "P6060",
          "name": "Carlos Ramos",
          "team_id": "DAL",
          "value": 134.0
        },
        {
          "player_id": "P9383",
          "name": "Dean Karge",
          "team_id": "BOS",
          "value": 133.0
        },
        {
          "player_id": "P6223",
          "name": "Jamal Jackson",
          "team_id": "NAS",
          "value": 120.0
        }
      ],
      "sb": [
        {
          "player_id": "P1403",
          "name": "Rufus Harris",
          "team_id": "SAN",
          "value": 64.0
        },
        {
          "player_id": "P2171",
          "name": "Reid Feris",
          "team_id": "BOS",
          "value": 62.0
        },
        {
          "player_id": "P3983",
          "name": "Sung Park",
          "team_id": "IND",
          "value": 54.0
        }
      ],
      "ops": [
        {
          "player_id": "P6060",
          "name": "Carlos Ramos",
          "team_id": "DAL",
          "value": 1.2714834793379444
        },
        {
          "player_id": "P2239",
          "name": "Brandon Homsey",
          "team_id": "PHO",
          "value": 1.0647123256082094
        },
        {
          "player_id": "P3496",
          "name": "Dana Retter",
          "team_id": "AUS",
          "value": 1.0556083220262324
        }
      ]
    },
    "pitching": {
      "era": [
        {
          "player_id": "P7582",
          "name": "Marcellus Purtell",
          "team_id": "IND",
          "value": 2.4263862332695982
        },
        {
          "player_id": "P5844",
          "name": "Leroy Jefferson",
          "team_id": "IND",
          "value": 2.778730703259005
        },
        {
          "player_id": "P6533",
          "name": "Bennie Coup",
          "team_id": "MEM",
          "value": 2.8656716417910446
        }
      ],
      "so": [
        {
          "player_id": "P6533",
          "name": "Bennie Coup",
          "team_id": "MEM",
          "value": 218.0
        },
        {
          "player_id": "P3849",
          "name": "Joey Caudy",
          "team_id": "LOU",
          "value": 217.0
        },
        {
          "player_id": "P2512",
          "name": "Pedro Ortiz",
          "team_id": "LAS",
          "value": 213.0
        }
      ],
      "wins": [
        {
          "player_id": "P8735",
          "name": "Brad Camire",
          "team_id": "AUS",
          "value": 19.0
        },
        {
          "player_id": "P5957",
          "name": "Cedric Scott",
          "team_id": "JAC",
          "value": 16.0
        },
        {
          "player_id": "P7582",
          "name": "Marcellus Purtell",
          "team_id": "IND",
          "value": 15.0
        }
      ],
      "saves": [
        {
          "player_id": "P6778",
          "name": "Luis Ramos",
          "team_id": "MEM",
          "value": 49.0
        },
        {
          "player_id": "P7354",
          "name": "Ricardo Delgado",
          "team_id": "LOU",
          "value": 47.0
        },
        {
          "player_id": "P1646",
          "name": "Jose Torres",
          "team_id": "BOS",
          "value": 45.0
        }
      ]
    }
  },
  "year": 2025,
  "season_id": "nexgen-long-run-2025",
  "champion": "NAS",
  "runner_up": "BOS"
}