{
  "metrics": {
    "pitches_per_pa": 3.8279511875925563,
    "avg": 0.24415017875350087,
    "obp": 0.315855195458382,
    "slg": 0.4174959022211897,
    "ops": 0.7333510976795716,
    "iso": 0.17334572346768884,
    "babip": 0.2882998204348676,
    "k_pct": 0.21972471271625205,
    "bb_pct": 0.08309129940649072,
    "k_minus_bb_pct": 0.13663341330976134,
    "swing_pct": 0.4886114518262163,
    "z_swing_pct": 0.643442598766707,
    "o_swing_pct": 0.328605229778515,
    "contact_pct": 0.8051397251529826,
    "z_contact_pct": 0.8751845636045157,
    "o_contact_pct": 0.6634005121924061,
    "first_pitch_strike_pct": 0.6277652136977809,
    "zone_pct": 0.5082186481290992,
    "pitches_put_in_play_pct": 0.17639579066064076,
    "bip_gb_pct": 0.42198949319097573,
    "bip_ld_pct": 0.21763375779935054,
    "bip_fb_pct": 0.36037674900967376,
    "hr_per_fb_pct": 0.11302201021005942,
    "sb_pct": 0.7777301008367303,
    "sba_per_pa": 0.053507674293127,
    "bip_double_play_pct": 0.024345874632346692,
    "called_third_strike_share_of_so": 0.22884012539184953
  },
  "mlb_deltas": {
    "pitches_per_pa": -0.032048812407443616,
    "avg": -0.0008498212464991273,
    "obp": 0.002855195458381976,
    "slg": 0.025495902221189692,
    "ops": 0.02835109767957167,
    "iso": 0.008345723467688831,
    "babip": -0.0027001795651323546,
    "k_pct": -0.00027528728374795475,
    "bb_pct": 0.0030912994064907218,
    "k_minus_bb_pct": -0.0033665866902386765,
    "swing_pct": 0.01861145182621632,
    "z_swing_pct": -0.00655740123329307,
    "o_swing_pct": 0.008605229778514967,
    "contact_pct": 0.04513972515298259,
    "z_contact_pct": 0.055184563604515735,
    "o_contact_pct": 0.04340051219240615,
    "first_pitch_strike_pct": 0.027765213697780955,
    "zone_pct": 0.018218648129099235,
    "pitches_put_in_play_pct": 0.0013957906606407722,
    "bip_gb_pct": -0.018010506809024274,
    "bip_ld_pct": 0.007633757799350549,
    "bip_fb_pct": 0.01037674900967378,
    "hr_per_fb_pct": 0.00302201021005942,
    "sb_pct": -0.002269899163269695,
    "sba_per_pa": 0.003507674293126997,
    "bip_double_play_pct": -0.0036541253676533082,
    "called_third_strike_share_of_so": -0.0011598746081504796
  },
  "flags": [],
  "leaders": {
    "batting": {
      "avg": [
        {
          "player_id": "P2195",
          "name": "Clyde Deyoung",
          "team_id": "MEM",
          "value": 0.3606789250353607
        },
        {
          "player_id": "P6060",
          "name": "Carlos Ramos",
          "team_id": "DAL",
          "value": 0.3536404160475483
        },
        {
          "player_id": "P9734",
          "name": "Darin Winzer",
          "team_id": "BOS",
          "value": 0.3327974276527331
        }
      ],
      "hr": [
        {
          "player_id": "P2195",
          "name": "Clyde Deyoung",
          "team_id": "MEM",
          "value": 79.0
        },
        {
          "player_id": "P6060",
          "name": "Carlos Ramos",
          "team_id": "DAL",
          "value": 72.0
        },
        {
          "player_id": "P6394",
          "name": "Hector Hernandez",
          "team_id": "IND",
          "value": 60.0
        }
      ],
      "rbi": [
        {
          "player_id": "P9734",
          "name": "Darin Winzer",
          "team_id": "BOS",
          "value": 148.0
        },
        {
          "player_id": "P2195",
          "name": "Clyde Deyoung",
          "team_id": "MEM",
          "value": 145.0
        },
        {
          "player_id": "P6394",
          "name": "Hector Hernandez",
          "team_id": "IND",
          "value": 143.0
        }
      ],
      "sb": [
        {
          "player_id": "P8927",
          "name": "Ricardo Perez",
          "team_id": "BOS",
          "value": 66.0
        },
        {
          "player_id": "P1403",
          "name": "Rufus Harris",
          "team_id": "SAN",
          "value": 58.0
        },
        {
          "player_id": "P5582",
          "name": "Pedro Cruz",
          "team_id": "HOU",
          "value": 56.0
        }
      ],
      "ops": [
        {
          "player_id": "P2195",
          "name": "Clyde Deyoung",
          "team_id": "MEM",
          "value": 1.2173661646334657
        },
        {
          "player_id": "P6060",
          "name": "Carlos Ramos",
          "team_id": "DAL",
          "value": 1.1895916885460298
        },
        {
          "player_id": "P6394",
          "name": "Hector Hernandez",
          "team_id": "IND",
          "value": 1.0775163053058348
        }
      ]
    },
    "pitching": {
      "era": [
        {
          "player_id": "P3536",
          "name": "Whitney Dee",
          "team_id": "SAN1",
          "value": 2.9589041095890414
        },
        {
          "player_id": "P1061",
          "name": "Juan Cruz",
          "team_id": "SEA",
          "value": 2.977941176470588
        },
        {
          "player_id": "P7582",
          "name": "Marcellus Purtell",
          "team_id": "IND",
          "value": 2.9887429643527206
        }
      ],
      "so": [
        {
          "player_id": "P2084",
          "name": "Malik King",
          "team_id": "IND",
          "value": 197.0
        },
        {
          "player_id": "P4456",
          "name": "Yong Kim",
          "team_id": "SAN1",
          "value": 196.0
        },
        {
          "player_id": "P8901",
          "name": "Alejandro Castillo",
          "team_id": "LAS",
          "value": 196.0
        }
      ],
      "wins": [
        {
          "player_id": "P5594",
          "name": "James Curro",
          "team_id": "NAS",
          "value": 22.0
        },
        {
          "player_id": "P9312",
          "name": "Leo Vidalez",
          "team_id": "HOU",
          "value": 18.0
        },
        {
          "player_id": "P2029",
          "name": "Horace Letterman",
          "team_id": "DAL",
          "value": 18.0
        }
      ],
      "saves": [
        {
          "player_id": "P5126",
          "name": "Raul Lopez",
          "team_id": "HOU",
          "value": 53.0
        },
        {
          "player_id": "P6293",
          "name": "Johnathan Claes",
          "team_id": "NAS",
          "value": 52.0
        },
        {
          "player_id": "P2723",
          "name": "Rashad Mockbee",
          "team_id": "IND",
          "value": 51.0
        }
      ]
    }
  },
  "year": 2027,
  "season_id": "nexgen-long-run-2027",
  "champion": "NAS",
  "runner_up": "IND"
}