{
  "metrics": {
    "pitches_per_pa": 3.8455609084652442,
    "avg": 0.24579545161871894,
    "obp": 0.3173817191269319,
    "slg": 0.4141447961470111,
    "ops": 0.731526515273943,
    "iso": 0.16834934452829217,
    "babip": 0.29273527012167005,
    "k_pct": 0.220956641431521,
    "bb_pct": 0.08360862583161276,
    "k_minus_bb_pct": 0.13734801559990822,
    "swing_pct": 0.4891843844703749,
    "z_swing_pct": 0.6463434665790616,
    "o_swing_pct": 0.3266199012099955,
    "contact_pct": 0.8028194778112462,
    "z_contact_pct": 0.8737032229957251,
    "o_contact_pct": 0.657724105898746,
    "first_pitch_strike_pct": 0.6282518926359256,
    "zone_pct": 0.5084532417018637,
    "pitches_put_in_play_pct": 0.17550468895411267,
    "bip_gb_pct": 0.42126820646170055,
    "bip_ld_pct": 0.2189364197216132,
    "bip_fb_pct": 0.3597953738166862,
    "hr_per_fb_pct": 0.10870663523071741,
    "sb_pct": 0.7838553153947949,
    "sba_per_pa": 0.05200734113328745,
    "bip_double_play_pct": 0.024456567922636348,
    "called_third_strike_share_of_so": 0.2293516067071588
  },
  "mlb_deltas": {
    "pitches_per_pa": -0.014439091534755644,
    "avg": 0.0007954516187189398,
    "obp": 0.0043817191269319156,
    "slg": 0.022144796147011092,
    "ops": 0.026526515273943008,
    "iso": 0.003349344528292164,
    "babip": 0.0017352701216700739,
    "k_pct": 0.0009566414315209937,
    "bb_pct": 0.003608625831612755,
    "k_minus_bb_pct": -0.002651984400091789,
    "swing_pct": 0.019184384470374904,
    "z_swing_pct": -0.0036565334209384126,
    "o_swing_pct": 0.006619901209995505,
    "contact_pct": 0.042819477811246176,
    "z_contact_pct": 0.053703222995725164,
    "o_contact_pct": 0.037724105898745974,
    "first_pitch_strike_pct": 0.028251892635925646,
    "zone_pct": 0.018453241701863687,
    "pitches_put_in_play_pct": 0.0005046889541126809,
    "bip_gb_pct": -0.018731793538299457,
    "bip_ld_pct": 0.008936419721613215,
    "bip_fb_pct": 0.009795373816686215,
    "hr_per_fb_pct": -0.0012933647692825873,
    "sb_pct": 0.0038553153947948893,
    "sba_per_pa": 0.0020073411332874463,
    "bip_double_play_pct": -0.003543432077363653,
    "called_third_strike_share_of_so": -0.0006483932928412206
  },
  "flags": [],
  "leaders": {
    "batting": {
      "avg": [
        {
          "player_id": "P6060",
          "name": "Carlos Ramos",
          "team_id": "DAL",
          "value": 0.37755102040816324
        },
        {
          "player_id": "P2195",
          "name": "Clyde Deyoung",
          "team_id": "MEM",
          "value": 0.37738619676945667
        },
        {
          "player_id": "P3496",
          "name": "Dana Retter",
          "team_id": "AUS",
          "value": 0.3333333333333333
        }
      ],
      "hr": [
        {
          "player_id": "P2195",
          "name": "Clyde Deyoung",
          "team_id": "MEM",
          "value": 74.0
        },
        {
          "player_id": "P6394",
          "name": "Hector Hernandez",
          "team_id": "IND",
          "value": 57.0
        },
        {
          "player_id": "P3496",
          "name": "Dana Retter",
          "team_id": "AUS",
          "value": 56.0
        }
      ],
      "rbi": [
        {
          "player_id": "P2195",
          "name": "Clyde Deyoung",
          "team_id": "MEM",
          "value": 138.0
        },
        {
          "player_id": "P5240",
          "name": "Sang Wolfley",
          "team_id": "DAL",
          "value": 127.0
        },
        {
          "player_id": "P6060",
          "name": "Carlos Ramos",
          "team_id": "DAL",
          "value": 125.0
        }
      ],
      "sb": [
        {
          "player_id": "P1403",
          "name": "Rufus Harris",
          "team_id": "SAN",
          "value": 67.0
        },
        {
          "player_id": "P8927",
          "name": "Ricardo Perez",
          "team_id": "BOS",
          "value": 57.0
        },
        {
          "player_id": "P9557",
          "name": "Quincy Defrates",
          "team_id": "PHO",
          "value": 48.0
        }
      ],
      "ops": [
        {
          "player_id": "P2195",
          "name": "Clyde Deyoung",
          "team_id": "MEM",
          "value": 1.263264999364066
        },
        {
          "player_id": "P6060",
          "name": "Carlos Ramos",
          "team_id": "DAL",
          "value": 1.1654849368318756
        },
        {
          "player_id": "P3496",
          "name": "Dana Retter",
          "team_id": "AUS",
          "value": 1.0861049087572041
        }
      ]
    },
    "pitching": {
      "era": [
        {
          "player_id": "P5169",
          "name": "Manuel Flores",
          "team_id": "LAS",
          "value": 2.1536964980544746
        },
        {
          "player_id": "P2613",
          "name": "Yong Hassan",
          "team_id": "JAC",
          "value": 2.522950819672131
        },
        {
          "player_id": "P7930",
          "name": "Darnell Scott",
          "team_id": "SAN",
          "value": 2.6644736842105265
        }
      ],
      "so": [
        {
          "player_id": "P3431",
          "name": "Tyrone Gaines",
          "team_id": "MEM",
          "value": 201.0
        },
        {
          "player_id": "P7582",
          "name": "Marcellus Purtell",
          "team_id": "IND",
          "value": 200.0
        },
        {
          "player_id": "P3536",
          "name": "Whitney Dee",
          "team_id": "SAN1",
          "value": 200.0
        }
      ],
      "wins": [
        {
          "player_id": "P4425",
          "name": "Tyrone Robinson",
          "team_id": "IND",
          "value": 16.0
        },
        {
          "player_id": "P5599",
          "name": "Derick Pfnister",
          "team_id": "LOU",
          "value": 16.0
        },
        {
          "player_id": "P2613",
          "name": "Yong Hassan",
          "team_id": "JAC",
          "value": 15.0
        }
      ],
      "saves": [
        {
          "player_id": "P7354",
          "name": "Ricardo Delgado",
          "team_id": "LOU",
          "value": 47.0
        },
        {
          "player_id": "P7084",
          "name": "Xavier Scott",
          "team_id": "DAL",
          "value": 46.0
        },
        {
          "player_id": "P4046",
          "name": "Brock Vanstraten",
          "team_id": "SEA",
          "value": 45.0
        }
      ]
    }
  },
  "year": 2029,
  "season_id": "nexgen-long-run-2029",
  "champion": "LOU",
  "runner_up": "IND"
}