{
  "stochastic": {
    "pitches": 39036,
    "swing_rate": 0.523721692796393,
    "contact_rate": 0.38764217645250537,
    "swing_contact_rate": 0.7401682645274897,
    "ball_in_play_rate": 0.2654728968131981,
    "strikeout_rate_pa": 0.10881211897284315,
    "walk_rate_pa": 0.05129626208510376,
    "zone_swing_rate": 0.599545335315205,
    "chase_rate": 0.4923004456683213
  }
}