{
  "seasons": [],
  "metric_totals": {
    "pitches_per_pa": {
      "max_abs_delta": 0.007806321176053732,
      "avg_abs_delta": 0.006637856973020255
    },
    "avg": {
      "max_abs_delta": 0.0010495719943784398,
      "avg_abs_delta": 0.0006863214123401055
    },
    "obp": {
      "max_abs_delta": 0.003959829265773984,
      "avg_abs_delta": 0.0030221983633125227
    },
    "slg": {
      "max_abs_delta": 0.017403347387249246,
      "avg_abs_delta": 0.01453334224067084
    },
    "ops": {
      "max_abs_delta": 0.020118776873695565,
      "avg_abs_delta": 0.017555540603983382
    },
    "iso": {
      "max_abs_delta": 0.007106611993849349,
      "avg_abs_delta": 0.003082282601407508
    },
    "babip": {
      "max_abs_delta": 0.009561646539503699,
      "avg_abs_delta": 0.005256294186230803
    },
    "k_pct": {
      "max_abs_delta": 0.01425477343972642,
      "avg_abs_delta": 0.008322911641577788
    },
    "bb_pct": {
      "max_abs_delta": 0.0040581362211456196,
      "avg_abs_delta": 0.003504709654789976
    },
    "k_minus_bb_pct": {
      "max_abs_delta": 0.010196637218580773,
      "avg_abs_delta": 0.004818201986787794
    },
    "swing_pct": {
      "max_abs_delta": 0.019177104089572072,
      "avg_abs_delta": 0.018308865891170627
    },
    "z_swing_pct": {
      "max_abs_delta": 0.00575189430173173,
      "avg_abs_delta": 0.0056618862710407685
    },
    "o_swing_pct": {
      "max_abs_delta": 0.008577550047376759,
      "avg_abs_delta": 0.006932662428126772
    },
    "contact_pct": {
      "max_abs_delta": 0.04260715491056366,
      "avg_abs_delta": 0.0388319951587374
    },
    "z_contact_pct": {
      "max_abs_delta": 0.05372626475737308,
      "avg_abs_delta": 0.05026829945565392
    },
    "o_contact_pct": {
      "max_abs_delta": 0.03755009826791322,
      "avg_abs_delta": 0.03321262330484228
    },
    "first_pitch_strike_pct": {
      "max_abs_delta": 0.02830436021658589,
      "avg_abs_delta": 0.026663028254401182
    },
    "zone_pct": {
      "max_abs_delta": 0.018722464881572143,
      "avg_abs_delta": 0.01842412878823485
    },
    "pitches_put_in_play_pct": {
      "max_abs_delta": 0.0041488112968823265,
      "avg_abs_delta": 0.002365646898657666
    },
    "bip_gb_pct": {
      "max_abs_delta": 0.019682375280510978,
      "avg_abs_delta": 0.018897581776501342
    },
    "bip_ld_pct": {
      "max_abs_delta": 0.014460555843259115,
      "avg_abs_delta": 0.011952930599460185
    },
    "bip_fb_pct": {
      "max_abs_delta": 0.008136134910920745,
      "avg_abs_delta": 0.006944651177041183
    },
    "hr_per_fb_pct": {
      "max_abs_delta": 0.007516987905466052,
      "avg_abs_delta": 0.006502515580837957
    },
    "sb_pct": {
      "max_abs_delta": 0.03257706535141802,
      "avg_abs_delta": 0.020093998772629146
    },
    "sba_per_pa": {
      "max_abs_delta": 0.007794243374180679,
      "avg_abs_delta": 0.006730471997149855
    },
    "bip_double_play_pct": {
      "max_abs_delta": 0.0044721882224942194,
      "avg_abs_delta": 0.003970122230810878
    },
    "called_third_strike_share_of_so": {
      "max_abs_delta": 0.0065450121654501425,
      "avg_abs_delta": 0.0046621228915285735
    }
  }
}