{
  "metrics": {
    "pitches_per_pa": 3.8669946820599064,
    "avg": 0.24395042800562156,
    "obp": 0.3157154294864463,
    "slg": 0.40940334738724926,
    "ops": 0.7251187768736955,
    "iso": 0.1654529193816277,
    "babip": 0.293820085606141,
    "k_pct": 0.22613744829780463,
    "bb_pct": 0.08375755647470569,
    "k_minus_bb_pct": 0.14237989182309896,
    "swing_pct": 0.48757753936840126,
    "z_swing_pct": 0.6444772319620437,
    "o_swing_pct": 0.32566679205402405,
    "contact_pct": 0.8026071549105637,
    "z_contact_pct": 0.873726264757373,
    "o_contact_pct": 0.6573712483728434,
    "first_pitch_strike_pct": 0.6252897595563838,
    "zone_pct": 0.5078589878082107,
    "pitches_put_in_play_pct": 0.1728536544513695,
    "bip_gb_pct": 0.42164762681898543,
    "bip_ld_pct": 0.22021623827009384,
    "bip_fb_pct": 0.3581361349109207,
    "hr_per_fb_pct": 0.10539725678372755,
    "sb_pct": 0.7952,
    "sba_per_pa": 0.05681559929094132,
    "bip_double_play_pct": 0.02352781177750578,
    "called_third_strike_share_of_so": 0.22601879302547612
  },
  "mlb_deltas": {
    "pitches_per_pa": 0.0069946820599064985,
    "avg": -0.0010495719943784398,
    "obp": 0.002715429486446319,
    "slg": 0.017403347387249246,
    "ops": 0.020118776873695565,
    "iso": 0.00045291938162769774,
    "babip": 0.0028200856061409985,
    "k_pct": 0.006137448297804632,
    "bb_pct": 0.0037575564747056867,
    "k_minus_bb_pct": 0.002379891823098945,
    "swing_pct": 0.017577539368401285,
    "z_swing_pct": -0.0055227680379563715,
    "o_swing_pct": 0.005666792054024039,
    "contact_pct": 0.04260715491056366,
    "z_contact_pct": 0.05372626475737308,
    "o_contact_pct": 0.037371248372843446,
    "first_pitch_strike_pct": 0.025289759556383795,
    "zone_pct": 0.017858987808210713,
    "pitches_put_in_play_pct": -0.002146345548630496,
    "bip_gb_pct": -0.01835237318101457,
    "bip_ld_pct": 0.010216238270093853,
    "bip_fb_pct": 0.008136134910920745,
    "hr_per_fb_pct": -0.004602743216272451,
    "sb_pct": 0.015199999999999991,
    "sba_per_pa": 0.006815599290941318,
    "bip_double_play_pct": -0.0044721882224942194,
    "called_third_strike_share_of_so": -0.003981206974523893
  },
  "flags": [],
  "leaders": {
    "batting": {
      "avg": [
        {
          "player_id": "P6921",
          "name": "Ralph Olivarres",
          "team_id": "HOU",
          "value": 0.3610719322990127
        },
        {
          "player_id": "P8808",
          "name": "Luis Hernandez",
          "team_id": "SAN",
          "value": 0.34711964549483015
        },
        {
          "player_id": "P8832",
          "name": "Nicky Cloffi",
          "team_id": "BAL",
          "value": 0.34520123839009287
        }
      ],
      "hr": [
        {
          "player_id": "P8808",
          "name": "Luis Hernandez",
          "team_id": "SAN",
          "value": 71.0
        },
        {
          "player_id": "P6921",
          "name": "Ralph Olivarres",
          "team_id": "HOU",
          "value": 68.0
        },
        {
          "player_id": "P3428",
          "name": "Manuel Cruz",
          "team_id": "CHI",
          "value": 59.0
        }
      ],
      "rbi": [
        {
          "player_id": "P8808",
          "name": "Luis Hernandez",
          "team_id": "SAN",
          "value": 166.0
        },
        {
          "player_id": "P6921",
          "name": "Ralph Olivarres",
          "team_id": "HOU",
          "value": 147.0
        },
        {
          "player_id": "P3023",
          "name": "Francisco Lopez",
          "team_id": "OKL",
          "value": 145.0
        }
      ],
      "sb": [
        {
          "player_id": "P9753",
          "name": "Glen Leek",
          "team_id": "IND",
          "value": 74.0
        },
        {
          "player_id": "P4195",
          "name": "Sung Lin",
          "team_id": "BAL",
          "value": 69.0
        },
        {
          "player_id": "P8034",
          "name": "Roberto Reyes",
          "team_id": "SAN",
          "value": 66.0
        }
      ],
      "ops": [
        {
          "player_id": "P6921",
          "name": "Ralph Olivarres",
          "team_id": "HOU",
          "value": 1.1899944053259848
        },
        {
          "player_id": "P8808",
          "name": "Luis Hernandez",
          "team_id": "SAN",
          "value": 1.1665835096721775
        },
        {
          "player_id": "P3146",
          "name": "Ricardo Mendoza",
          "team_id": "ELP",
          "value": 1.122467968178512
        }
      ]
    },
    "pitching": {
      "era": [
        {
          "player_id": "P8115",
          "name": "Jack Rasole",
          "team_id": "OKL",
          "value": 2.213903743315508
        },
        {
          "player_id": "P6269",
          "name": "Darrick Risby",
          "team_id": "DAL",
          "value": 2.793103448275862
        },
        {
          "player_id": "P9016",
          "name": "Son Goslee",
          "team_id": "WAS",
          "value": 2.8238532110091743
        }
      ],
      "so": [
        {
          "player_id": "P9735",
          "name": "Edmond Hohnstein",
          "team_id": "SAN",
          "value": 247.0
        },
        {
          "player_id": "P8165",
          "name": "Hector Diaz",
          "team_id": "WAS",
          "value": 241.0
        },
        {
          "player_id": "P7008",
          "name": "Rupert Ten",
          "team_id": "NAS",
          "value": 236.0
        }
      ],
      "wins": [
        {
          "player_id": "P7955",
          "name": "Rafael Flores",
          "team_id": "CHI",
          "value": 17.0
        },
        {
          "player_id": "P8472",
          "name": "Gene Sharpey",
          "team_id": "HOU",
          "value": 16.0
        },
        {
          "player_id": "P8525",
          "name": "Ricardo Hernandez",
          "team_id": "SAN",
          "value": 16.0
        }
      ],
      "saves": [
        {
          "player_id": "P3072",
          "name": "Joaquin Hankey",
          "team_id": "SAN",
          "value": 51.0
        },
        {
          "player_id": "P7639",
          "name": "Jose Ramos",
          "team_id": "DAL",
          "value": 47.0
        },
        {
          "player_id": "P6599",
          "name": "Malik Wright",
          "team_id": "ELP",
          "value": 46.0
        }
      ]
    }
  },
  "year": 2027,
  "season_id": "nexgen-long-run-2027",
  "champion": "JAC",
  "runner_up": "ELP"
}