{
  "metrics": {
    "pitches_per_pa": 3.8651125676831004,
    "avg": 0.24478472578165045,
    "obp": 0.316959829265774,
    "slg": 0.4026781137878011,
    "ops": 0.7196379430535751,
    "iso": 0.15789338800615066,
    "babip": 0.3005616465395037,
    "k_pct": 0.23425477343972642,
    "bb_pct": 0.08405813622114562,
    "k_minus_bb_pct": 0.1501966372185808,
    "swing_pct": 0.4881719542155385,
    "z_swing_pct": 0.6442481056982683,
    "o_swing_pct": 0.3265536451829795,
    "contact_pct": 0.7919564048500812,
    "z_contact_pct": 0.864029443789538,
    "o_contact_pct": 0.6447165232737702,
    "first_pitch_strike_pct": 0.6283043602165859,
    "zone_pct": 0.5087224648815721,
    "pitches_put_in_play_pct": 0.17085118870311766,
    "bip_gb_pct": 0.420317624719489,
    "bip_ld_pct": 0.2244605558432591,
    "bip_fb_pct": 0.35522181943725184,
    "hr_per_fb_pct": 0.10261218437922463,
    "sb_pct": 0.7925049309664695,
    "sba_per_pa": 0.05779424337418068,
    "bip_double_play_pct": 0.024339720352149145,
    "called_third_strike_share_of_so": 0.22345498783454987
  },
  "mlb_deltas": {
    "pitches_per_pa": 0.005112567683100533,
    "avg": -0.00021527421834954819,
    "obp": 0.003959829265773984,
    "slg": 0.010678113787801091,
    "ops": 0.014637943053575131,
    "iso": -0.007106611993849349,
    "babip": 0.009561646539503699,
    "k_pct": 0.01425477343972642,
    "bb_pct": 0.0040581362211456196,
    "k_minus_bb_pct": 0.010196637218580773,
    "swing_pct": 0.01817195421553852,
    "z_swing_pct": -0.00575189430173173,
    "o_swing_pct": 0.006553645182979517,
    "contact_pct": 0.03195640485008122,
    "z_contact_pct": 0.0440294437895381,
    "o_contact_pct": 0.024716523273770163,
    "first_pitch_strike_pct": 0.02830436021658589,
    "zone_pct": 0.018722464881572143,
    "pitches_put_in_play_pct": -0.0041488112968823265,
    "bip_gb_pct": -0.019682375280510978,
    "bip_ld_pct": 0.014460555843259115,
    "bip_fb_pct": 0.005221819437251862,
    "hr_per_fb_pct": -0.007387815620775368,
    "sb_pct": 0.01250493096646943,
    "sba_per_pa": 0.007794243374180679,
    "bip_double_play_pct": -0.0036602796478508552,
    "called_third_strike_share_of_so": -0.0065450121654501425
  },
  "flags": [],
  "leaders": {
    "batting": {
      "avg": [
        {
          "player_id": "P3428",
          "name": "Manuel Cruz",
          "team_id": "CHI",
          "value": 0.3603305785123967
        },
        {
          "player_id": "P3023",
          "name": "Francisco Lopez",
          "team_id": "OKL",
          "value": 0.3401898734177215
        },
        {
          "player_id": "P6921",
          "name": "Ralph Olivarres",
          "team_id": "HOU",
          "value": 0.33035714285714285
        }
      ],
      "hr": [
        {
          "player_id": "P3428",
          "name": "Manuel Cruz",
          "team_id": "CHI",
          "value": 64.0
        },
        {
          "player_id": "P3146",
          "name": "Ricardo Mendoza",
          "team_id": "ELP",
          "value": 52.0
        },
        {
          "player_id": "P3023",
          "name": "Francisco Lopez",
          "team_id": "OKL",
          "value": 45.0
        }
      ],
      "rbi": [
        {
          "player_id": "P3023",
          "name": "Francisco Lopez",
          "team_id": "OKL",
          "value": 134.0
        },
        {
          "player_id": "P3428",
          "name": "Manuel Cruz",
          "team_id": "CHI",
          "value": 133.0
        },
        {
          "player_id": "P3146",
          "name": "Ricardo Mendoza",
          "team_id": "ELP",
          "value": 121.0
        }
      ],
      "sb": [
        {
          "player_id": "P4195",
          "name": "Sung Lin",
          "team_id": "BAL",
          "value": 65.0
        },
        {
          "player_id": "P7956",
          "name": "Andy Walega",
          "team_id": "ELP",
          "value": 62.0
        },
        {
          "player_id": "P2882",
          "name": "Lon Flannigan",
          "team_id": "OKL",
          "value": 62.0
        }
      ],
      "ops": [
        {
          "player_id": "P3428",
          "name": "Manuel Cruz",
          "team_id": "CHI",
          "value": 1.2205465403872835
        },
        {
          "player_id": "P6921",
          "name": "Ralph Olivarres",
          "team_id": "HOU",
          "value": 1.0999513618677041
        },
        {
          "player_id": "P3146",
          "name": "Ricardo Mendoza",
          "team_id": "ELP",
          "value": 1.0688869917612087
        }
      ]
    },
    "pitching": {
      "era": [
        {
          "player_id": "P2537",
          "name": "Alejandro Cruz",
          "team_id": "SAN",
          "value": 2.493783303730018
        },
        {
          "player_id": "P6269",
          "name": "Darrick Risby",
          "team_id": "DAL",
          "value": 2.6082289803220036
        },
        {
          "player_id": "P9406",
          "name": "Manuel Vargas",
          "team_id": "JAC",
          "value": 2.6818181818181817
        }
      ],
      "so": [
        {
          "player_id": "P7008",
          "name": "Rupert Ten",
          "team_id": "NAS",
          "value": 229.0
        },
        {
          "player_id": "P9735",
          "name": "Edmond Hohnstein",
          "team_id": "SAN",
          "value": 222.0
        },
        {
          "player_id": "P7656",
          "name": "Jamal Mitchell",
          "team_id": "JAC",
          "value": 217.0
        }
      ],
      "wins": [
        {
          "player_id": "P9406",
          "name": "Manuel Vargas",
          "team_id": "JAC",
          "value": 18.0
        },
        {
          "player_id": "P3375",
          "name": "Edgar Salvant",
          "team_id": "SAN",
          "value": 15.0
        },
        {
          "player_id": "P8115",
          "name": "Jack Rasole",
          "team_id": "OKL",
          "value": 15.0
        }
      ],
      "saves": [
        {
          "player_id": "P6902",
          "name": "Boyce Fennel",
          "team_id": "WAS",
          "value": 50.0
        },
        {
          "player_id": "P7639",
          "name": "Jose Ramos",
          "team_id": "DAL",
          "value": 50.0
        },
        {
          "player_id": "P6599",
          "name": "Malik Wright",
          "team_id": "ELP",
          "value": 49.0
        }
      ]
    }
  },
  "year": 2025,
  "season_id": "nexgen-long-run-2025",
  "champion": "JAC",
  "runner_up": "IND"
}