{
  "metrics": {
    "pitches_per_pa": 3.852193678823946,
    "avg": 0.24420588197570767,
    "obp": 0.31539133633771727,
    "slg": 0.4075185655469622,
    "ops": 0.7229099018846794,
    "iso": 0.16331268357125453,
    "babip": 0.2943871504130477,
    "k_pct": 0.22457651318720231,
    "bb_pct": 0.08269843626851862,
    "k_minus_bb_pct": 0.14187807691868368,
    "swing_pct": 0.48917710408957205,
    "z_swing_pct": 0.6442890035265658,
    "o_swing_pct": 0.32857755004737677,
    "contact_pct": 0.8019324257155673,
    "z_contact_pct": 0.8730491898200505,
    "o_contact_pct": 0.6575500982679132,
    "first_pitch_strike_pct": 0.6263949649902338,
    "zone_pct": 0.5086909336749217,
    "pitches_put_in_play_pct": 0.17419821614953981,
    "bip_gb_pct": 0.4213420031320215,
    "bip_ld_pct": 0.22118199768502758,
    "bip_fb_pct": 0.3574759991829509,
    "hr_per_fb_pct": 0.10248301209453395,
    "sb_pct": 0.812577065351418,
    "sba_per_pa": 0.05558157332632757,
    "bip_double_play_pct": 0.02422210117791244,
    "called_third_strike_share_of_so": 0.22653985046538833
  },
  "mlb_deltas": {
    "pitches_per_pa": -0.007806321176053732,
    "avg": -0.0007941180242923285,
    "obp": 0.0023913363377172647,
    "slg": 0.015518565546962182,
    "ops": 0.017909901884679447,
    "iso": -0.0016873164287454778,
    "babip": 0.0033871504130477126,
    "k_pct": 0.0045765131872023135,
    "bb_pct": 0.0026984362685186225,
    "k_minus_bb_pct": 0.0018780769186836632,
    "swing_pct": 0.019177104089572072,
    "z_swing_pct": -0.0057109964734342045,
    "o_swing_pct": 0.008577550047376759,
    "contact_pct": 0.04193242571556732,
    "z_contact_pct": 0.05304918982005058,
    "o_contact_pct": 0.03755009826791322,
    "first_pitch_strike_pct": 0.02639496499023386,
    "zone_pct": 0.018690933674921695,
    "pitches_put_in_play_pct": -0.0008017838504601749,
    "bip_gb_pct": -0.018657996867978477,
    "bip_ld_pct": 0.01118199768502759,
    "bip_fb_pct": 0.007475999182950943,
    "hr_per_fb_pct": -0.007516987905466052,
    "sb_pct": 0.03257706535141802,
    "sba_per_pa": 0.0055815733263275685,
    "bip_double_play_pct": -0.0037778988220875595,
    "called_third_strike_share_of_so": -0.003460149534611684
  },
  "flags": [],
  "leaders": {
    "batting": {
      "avg": [
        {
          "player_id": "P6921",
          "name": "Ralph Olivarres",
          "team_id": "HOU",
          "value": 0.35431918008784774
        },
        {
          "player_id": "P9278",
          "name": "Alejandro Diaz",
          "team_id": "OKL",
          "value": 0.35152487961476725
        },
        {
          "player_id": "P3023",
          "name": "Francisco Lopez",
          "team_id": "OKL",
          "value": 0.34615384615384615
        }
      ],
      "hr": [
        {
          "player_id": "P6921",
          "name": "Ralph Olivarres",
          "team_id": "HOU",
          "value": 62.0
        },
        {
          "player_id": "P3428",
          "name": "Manuel Cruz",
          "team_id": "CHI",
          "value": 62.0
        },
        {
          "player_id": "P3146",
          "name": "Ricardo Mendoza",
          "team_id": "ELP",
          "value": 61.0
        }
      ],
      "rbi": [
        {
          "player_id": "P9278",
          "name": "Alejandro Diaz",
          "team_id": "OKL",
          "value": 155.0
        },
        {
          "player_id": "P1642",
          "name": "Malik White",
          "team_id": "CHI",
          "value": 146.0
        },
        {
          "player_id": "P6921",
          "name": "Ralph Olivarres",
          "team_id": "HOU",
          "value": 142.0
        }
      ],
      "sb": [
        {
          "player_id": "P8034",
          "name": "Roberto Reyes",
          "team_id": "SAN",
          "value": 68.0
        },
        {
          "player_id": "P9753",
          "name": "Glen Leek",
          "team_id": "IND",
          "value": 66.0
        },
        {
          "player_id": "P2494",
          "name": "Yong Chen",
          "team_id": "JAC",
          "value": 66.0
        }
      ],
      "ops": [
        {
          "player_id": "P6921",
          "name": "Ralph Olivarres",
          "team_id": "HOU",
          "value": 1.154328030275337
        },
        {
          "player_id": "P3428",
          "name": "Manuel Cruz",
          "team_id": "CHI",
          "value": 1.1123630710404107
        },
        {
          "player_id": "P3023",
          "name": "Francisco Lopez",
          "team_id": "OKL",
          "value": 1.1028936714255275
        }
      ]
    },
    "pitching": {
      "era": [
        {
          "player_id": "P4784",
          "name": "Tyrone Jefferson",
          "team_id": "HOU",
          "value": 2.2569659442724457
        },
        {
          "player_id": "P9576",
          "name": "Manuel Torres",
          "team_id": "DAL",
          "value": 2.2731958762886597
        },
        {
          "player_id": "P5207",
          "name": "Hector Guerrero",
          "team_id": "SAN1",
          "value": 3.0607287449392713
        }
      ],
      "so": [
        {
          "player_id": "P9735",
          "name": "Edmond Hohnstein",
          "team_id": "SAN",
          "value": 234.0
        },
        {
          "player_id": "P8165",
          "name": "Hector Diaz",
          "team_id": "WAS",
          "value": 210.0
        },
        {
          "player_id": "P8331",
          "name": "Francisco Martinez",
          "team_id": "IND",
          "value": 210.0
        }
      ],
      "wins": [
        {
          "player_id": "P9406",
          "name": "Manuel Vargas",
          "team_id": "JAC",
          "value": 17.0
        },
        {
          "player_id": "P4784",
          "name": "Tyrone Jefferson",
          "team_id": "HOU",
          "value": 16.0
        },
        {
          "player_id": "P9576",
          "name": "Manuel Torres",
          "team_id": "DAL",
          "value": 16.0
        }
      ],
      "saves": [
        {
          "player_id": "P6902",
          "name": "Boyce Fennel",
          "team_id": "WAS",
          "value": 54.0
        },
        {
          "player_id": "P8271",
          "name": "Jose Delgado",
          "team_id": "HOU",
          "value": 49.0
        },
        {
          "player_id": "P4741",
          "name": "Hector Morales",
          "team_id": "NAS",
          "value": 48.0
        }
      ]
    }
  },
  "year": 2026,
  "season_id": "nexgen-long-run-2026",
  "champion": "SAN",
  "runner_up": "HOU"
}