{
  "stochastic": {
    "pitches": 52294.0,
    "swing_rate": 0.44628446858148163,
    "take_rate": 0.5537155314185184,
    "contact_rate": 0.22717711400925536,
    "swing_contact_rate": 0.5090410489330706,
    "foul_rate": 0.015489348682449229,
    "ball_in_play_rate": 0.21168776532680614,
    "ball_rate": 0.33606149845106514,
    "called_strike_rate": 0.21765403296745325,
    "walk_rate": 0.008547825754388649,
    "strikeout_rate": 0.1331701533636746
  },
  "deterministic": {
    "pitches": 2380.0,
    "swing_rate": 0.44159663865546217,
    "take_rate": 0.5584033613445378,
    "contact_rate": 0.2180672268907563,
    "swing_contact_rate": 0.4938154138915319,
    "foul_rate": 0.012605042016806723,
    "ball_in_play_rate": 0.20546218487394957,
    "ball_rate": 0.32184873949579834,
    "called_strike_rate": 0.2365546218487395,
    "walk_rate": 0.007983193277310924,
    "strikeout_rate": 0.14285714285714285
  }
}