{
  "stochastic": {
    "pitches": 49742.0,
    "swing_rate": 0.3700896626593221,
    "take_rate": 0.6299103373406779,
    "contact_rate": 0.2307707772104057,
    "swing_contact_rate": 0.6235536965614645,
    "foul_rate": 0.0638695669655422,
    "ball_in_play_rate": 0.13622291021671826,
    "ball_rate": 0.455148566603675,
    "called_strike_rate": 0.1626995295725946,
    "walk_rate": 0.027320976237384907,
    "strikeout_rate": 0.07681637248200715
  },
  "deterministic": {
    "pitches": 2412.0,
    "swing_rate": 0.36691542288557216,
    "take_rate": 0.6330845771144279,
    "contact_rate": 0.23051409618573798,
    "swing_contact_rate": 0.6282485875706215,
    "foul_rate": 0.06633499170812604,
    "ball_in_play_rate": 0.13681592039800994,
    "ball_rate": 0.45729684908789386,
    "called_strike_rate": 0.1654228855721393,
    "walk_rate": 0.026119402985074626,
    "strikeout_rate": 0.07462686567164178
  }
}