{
  "stochastic": {
    "pitches": 38896.0,
    "swing_rate": 0.40294631838749484,
    "take_rate": 0.5970536816125052,
    "contact_rate": 0.2686137392019745,
    "swing_contact_rate": 0.66662413067058,
    "foul_rate": 0.0258124228712464,
    "ball_in_play_rate": 0.14330522418757713,
    "ball_rate": 0.4006067461949815,
    "called_strike_rate": 0.12623406005758947,
    "walk_rate": 0.026609419991772933,
    "strikeout_rate": 0.089803578774167
  },
  "deterministic": {
    "pitches": 1889.0,
    "swing_rate": 0.40179989412387507,
    "take_rate": 0.5982001058761249,
    "contact_rate": 0.2673372154579142,
    "swing_contact_rate": 0.6653491436100132,
    "foul_rate": 0.03070407623080995,
    "ball_in_play_rate": 0.14346214928533615,
    "ball_rate": 0.405505558496559,
    "called_strike_rate": 0.1296982530439386,
    "walk_rate": 0.03229221810481736,
    "strikeout_rate": 0.08628904182106935
  }
}