{
  "stochastic": {
    "pitches": 39187.0,
    "swing_rate": 0.3384285604919999,
    "take_rate": 0.6615714395080001,
    "contact_rate": 0.271212391864649,
    "swing_contact_rate": 0.8013874227115065,
    "foul_rate": 0.055732768520172504,
    "ball_in_play_rate": 0.12453109449562355,
    "ball_rate": 0.4438972108097073,
    "called_strike_rate": 0.14706407737259805,
    "walk_rate": 0.033403934978436724,
    "strikeout_rate": 0.07869956873452931
  },
  "deterministic": {
    "pitches": 1669.0,
    "swing_rate": 0.3439185140802876,
    "take_rate": 0.6560814859197124,
    "contact_rate": 0.26842420611144396,
    "swing_contact_rate": 0.7804878048780488,
    "foul_rate": 0.05152786099460755,
    "ball_in_play_rate": 0.1372079089275015,
    "ball_rate": 0.4505692031156381,
    "called_strike_rate": 0.14679448771719592,
    "walk_rate": 0.03654883163571001,
    "strikeout_rate": 0.07609346914319952
  }
}