{
  "stochastic": {
    "pitches": 55212.0,
    "swing_rate": 0.5001811200463667,
    "take_rate": 0.4998188799536333,
    "contact_rate": 0.254600449177715,
    "swing_contact_rate": 0.5090165121668598,
    "foul_rate": 0.01103021082373397,
    "ball_in_play_rate": 0.243570238353981,
    "ball_rate": 0.3841556183438383,
    "called_strike_rate": 0.11566326160979497,
    "walk_rate": 0.018927044845323482,
    "strikeout_rate": 0.08932840686807215
  },
  "deterministic": {
    "pitches": 2696.0,
    "swing_rate": 0.5014836795252225,
    "take_rate": 0.49851632047477745,
    "contact_rate": 0.2655786350148368,
    "swing_contact_rate": 0.5295857988165681,
    "foul_rate": 0.008160237388724036,
    "ball_in_play_rate": 0.25741839762611274,
    "ball_rate": 0.38204747774480713,
    "called_strike_rate": 0.11646884272997032,
    "walk_rate": 0.017062314540059347,
    "strikeout_rate": 0.08456973293768547
  }
}