{
  "stochastic": {
    "pitches": 49428.0,
    "swing_rate": 0.2549971675973133,
    "take_rate": 0.7450028324026867,
    "contact_rate": 0.2133608481022902,
    "swing_contact_rate": 0.8367185020628372,
    "foul_rate": 0.06648053734725257,
    "ball_in_play_rate": 0.07952982115400178,
    "ball_rate": 0.3260297806911063,
    "called_strike_rate": 0.10570931455854982,
    "walk_rate": 0.011835396941005098,
    "strikeout_rate": 0.15440640932265112
  },
  "deterministic": {
    "pitches": 2437.0,
    "swing_rate": 0.24948707427164546,
    "take_rate": 0.7505129257283545,
    "contact_rate": 0.21460812474353713,
    "swing_contact_rate": 0.8601973684210527,
    "foul_rate": 0.0644234714813295,
    "ball_in_play_rate": 0.08411981945014362,
    "ball_rate": 0.32868280672958555,
    "called_strike_rate": 0.10586787033237587,
    "walk_rate": 0.01107919573245794,
    "strikeout_rate": 0.15059499384489125
  }
}