{
  "stochastic": {
    "pitches_per_pa": 2.8853374461522097,
    "swing_rate": 0.44618730761432546,
    "take_rate": 0.5538126923856745,
    "strikeout_pct": 0.17810987608360368,
    "walk_pct": 0.06897835451789608,
    "first_pitch_strike_pct": 0.3640269453137432,
    "called_strike_pct": 0.1452638563766059,
    "foul_share_est": 0.18563028772602436,
    "swinging_strike_pct": 0.04591451163990931,
    "contact_rate_pa": 0.8218901239163963,
    "bip_final_pct": 0.7027070148380578
  },
  "deterministic": {
    "pitches_per_pa": 2.8916083916083917,
    "swing_rate": 0.445384925433293,
    "take_rate": 0.554615074566707,
    "strikeout_pct": 0.17482517482517482,
    "walk_pct": 0.06643356643356643,
    "first_pitch_strike_pct": 0.36713286713286714,
    "called_strike_pct": 0.14389359129383314,
    "foul_share_est": 0.18460298266827893,
    "swinging_strike_pct": 0.045949214026602174,
    "contact_rate_pa": 0.8251748251748252,
    "bip_final_pct": 0.696969696969697
  },
  "stochastic_bucket_share": {
    "zone": 0.7303579223046704,
    "waste": 0.26964207769532955
  },
  "deterministic_bucket_share": {
    "zone": 0.7197953561589925,
    "waste": 0.28020464384100746
  }
}