{
  "stochastic": {
    "pitches": 41876.0,
    "swing_rate": 0.5280829114528608,
    "take_rate": 0.47191708854713915,
    "contact_rate": 0.25188652211290474,
    "swing_contact_rate": 0.4769829067559012,
    "foul_rate": 0.018172700353424397,
    "ball_in_play_rate": 0.23371382175948038,
    "ball_rate": 0.17110039163243862,
    "called_strike_rate": 0.30081669691470053,
    "walk_rate": 0.0077848887190753654,
    "strikeout_rate": 0.17566147674085394
  },
  "deterministic": {
    "pitches": 2248.0,
    "swing_rate": 0.5097864768683275,
    "take_rate": 0.4902135231316726,
    "contact_rate": 0.25533807829181493,
    "swing_contact_rate": 0.5008726003490401,
    "foul_rate": 0.023576512455516015,
    "ball_in_play_rate": 0.23176156583629892,
    "ball_rate": 0.17615658362989323,
    "called_strike_rate": 0.3140569395017794,
    "walk_rate": 0.008451957295373666,
    "strikeout_rate": 0.17126334519572953
  }
}