{
  "version": 1,
  "teams": {
    "MEM": {
      "seasons": {
        "test-league-2025": {
          "w": 92,
          "g": 166,
          "r": 190,
          "ra": 146,
          "lob": 1101,
          "opp_pa": 6776,
          "opp_h": 1101,
          "opp_bb": 527,
          "opp_so": 2453,
          "opp_hbp": 29,
          "opp_hr": 0,
          "opp_roe": 164,
          "der": 0.6641890098221397,
          "rpg": 1.144578313253012,
          "rag": 0.8795180722891566,
          "l": 74
        }
      },
      "totals": {
        "w": 92,
        "g": 166,
        "r": 190,
        "ra": 146,
        "lob": 1101,
        "opp_pa": 6776,
        "opp_h": 1101,
        "opp_bb": 527,
        "opp_so": 2453,
        "opp_hbp": 29,
        "opp_hr": 0,
        "opp_roe": 164,
        "der": 0.6641890098221397,
        "rpg": 1.144578313253012,
        "rag": 0.8795180722891566,
        "l": 74
      }
    },
    "SAN": {
      "seasons": {
        "test-league-2025": {
          "l": 90,
          "g": 162,
          "r": 140,
          "ra": 170,
          "lob": 943,
          "opp_pa": 6508,
          "opp_h": 988,
          "opp_bb": 515,
          "opp_so": 2137,
          "opp_hbp": 48,
          "opp_hr": 2,
          "opp_roe": 156,
          "der": 0.699421965317919,
          "rpg": 0.8641975308641975,
          "rag": 1.0493827160493827,
          "w": 72
        }
      },
      "totals": {
        "l": 90,
        "g": 162,
        "r": 140,
        "ra": 170,
        "lob": 943,
        "opp_pa": 6508,
        "opp_h": 988,
        "opp_bb": 515,
        "opp_so": 2137,
        "opp_hbp": 48,
        "opp_hr": 2,
        "opp_roe": 156,
        "der": 0.699421965317919,
        "rpg": 0.8641975308641975,
        "rag": 1.0493827160493827,
        "w": 72
      }
    },
    "ALB": {
      "seasons": {
        "test-league-2025": {
          "l": 98,
          "g": 162,
          "r": 122,
          "ra": 159,
          "lob": 997,
          "opp_pa": 6683,
          "opp_h": 962,
          "opp_bb": 546,
          "opp_so": 2530,
          "opp_hbp": 50,
          "opp_hr": 0,
          "opp_roe": 155,
          "der": 0.6859713241495642,
          "rpg": 0.7530864197530864,
          "rag": 0.9814814814814815,
          "w": 64
        }
      },
      "totals": {
        "l": 98,
        "g": 162,
        "r": 122,
        "ra": 159,
        "lob": 997,
        "opp_pa": 6683,
        "opp_h": 962,
        "opp_bb": 546,
        "opp_so": 2530,
        "opp_hbp": 50,
        "opp_hr": 0,
        "opp_roe": 155,
        "der": 0.6859713241495642,
        "rpg": 0.7530864197530864,
        "rag": 0.9814814814814815,
        "w": 64
      }
    },
    "POR": {
      "seasons": {
        "test-league-2025": {
          "w": 89,
          "g": 162,
          "r": 163,
          "ra": 142,
          "lob": 953,
          "opp_pa": 6500,
          "opp_h": 1069,
          "opp_bb": 497,
          "opp_so": 1969,
          "opp_hbp": 31,
          "opp_hr": 0,
          "opp_roe": 103,
          "der": 0.7072195853110168,
          "rpg": 1.0061728395061729,
          "rag": 0.8765432098765432,
          "l": 73
        }
      },
      "totals": {
        "w": 89,
        "g": 162,
        "r": 163,
        "ra": 142,
        "lob": 953,
        "opp_pa": 6500,
        "opp_h": 1069,
        "opp_bb": 497,
        "opp_so": 1969,
        "opp_hbp": 31,
        "opp_hr": 0,
        "opp_roe": 103,
        "der": 0.7072195853110168,
        "rpg": 1.0061728395061729,
        "rag": 0.8765432098765432,
        "l": 73
      }
    },
    "WAS": {
      "seasons": {
        "test-league-2025": {
          "l": 76,
          "g": 162,
          "r": 156,
          "ra": 142,
          "lob": 968,
          "opp_pa": 6564,
          "opp_h": 978,
          "opp_bb": 519,
          "opp_so": 2114,
          "opp_hbp": 42,
          "opp_hr": 0,
          "opp_roe": 92,
          "der": 0.7248650038570327,
          "rpg": 0.9629629629629629,
          "rag": 0.8765432098765432,
          "w": 86
        }
      },
      "totals": {
        "l": 76,
        "g": 162,
        "r": 156,
        "ra": 142,
        "lob": 968,
        "opp_pa": 6564,
        "opp_h": 978,
        "opp_bb": 519,
        "opp_so": 2114,
        "opp_hbp": 42,
        "opp_hr": 0,
        "opp_roe": 92,
        "der": 0.7248650038570327,
        "rpg": 0.9629629629629629,
        "rag": 0.8765432098765432,
        "w": 86
      }
    },
    "DEN": {
      "seasons": {
        "test-league-2025": {
          "w": 84,
          "g": 172,
          "r": 181,
          "ra": 168,
          "lob": 1008,
          "opp_pa": 6826,
          "opp_h": 1136,
          "opp_bb": 490,
          "opp_so": 2274,
          "opp_hbp": 61,
          "opp_hr": 5,
          "opp_roe": 126,
          "der": 0.6841841841841843,
          "rpg": 1.052325581395349,
          "rag": 0.9767441860465116,
          "l": 88
        }
      },
      "totals": {
        "w": 84,
        "g": 172,
        "r": 181,
        "ra": 168,
        "lob": 1008,
        "opp_pa": 6826,
        "opp_h": 1136,
        "opp_bb": 490,
        "opp_so": 2274,
        "opp_hbp": 61,
        "opp_hr": 5,
        "opp_roe": 126,
        "der": 0.6841841841841843,
        "rpg": 1.052325581395349,
        "rag": 0.9767441860465116,
        "l": 88
      }
    },
    "MIL": {
      "seasons": {
        "test-league-2025": {
          "l": 87,
          "g": 162,
          "r": 133,
          "ra": 153,
          "lob": 975,
          "opp_pa": 6782,
          "opp_h": 1001,
          "opp_bb": 600,
          "opp_so": 2266,
          "opp_hbp": 73,
          "opp_hr": 1,
          "opp_roe": 148,
          "der": 0.7009370119729308,
          "rpg": 0.8209876543209876,
          "rag": 0.9444444444444444,
          "w": 75
        }
      },
      "totals": {
        "l": 87,
        "g": 162,
        "r": 133,
        "ra": 153,
        "lob": 975,
        "opp_pa": 6782,
        "opp_h": 1001,
        "opp_bb": 600,
        "opp_so": 2266,
        "opp_hbp": 73,
        "opp_hr": 1,
        "opp_roe": 148,
        "der": 0.7009370119729308,
        "rpg": 0.8209876543209876,
        "rag": 0.9444444444444444,
        "w": 75
      }
    },
    "PHO": {
      "seasons": {
        "test-league-2025": {
          "w": 93,
          "g": 166,
          "r": 178,
          "ra": 165,
          "lob": 1106,
          "opp_pa": 6777,
          "opp_h": 1052,
          "opp_bb": 498,
          "opp_so": 2451,
          "opp_hbp": 38,
          "opp_hr": 0,
          "opp_roe": 153,
          "der": 0.6820580474934037,
          "rpg": 1.072289156626506,
          "rag": 0.9939759036144579,
          "l": 73
        }
      },
      "totals": {
        "w": 93,
        "g": 166,
        "r": 178,
        "ra": 165,
        "lob": 1106,
        "opp_pa": 6777,
        "opp_h": 1052,
        "opp_bb": 498,
        "opp_so": 2451,
        "opp_hbp": 38,
        "opp_hr": 0,
        "opp_roe": 153,
        "der": 0.6820580474934037,
        "rpg": 1.072289156626506,
        "rag": 0.9939759036144579,
        "l": 73
      }
    },
    "DAL": {
      "seasons": {
        "test-league-2025": {
          "w": 85,
          "g": 162,
          "r": 161,
          "ra": 152,
          "lob": 940,
          "opp_pa": 6300,
          "opp_h": 795,
          "opp_bb": 537,
          "opp_so": 2003,
          "opp_hbp": 61,
          "opp_hr": 0,
          "opp_roe": 147,
          "der": 0.7453365774533658,
          "rpg": 0.9938271604938271,
          "rag": 0.9382716049382716,
          "l": 77
        }
      },
      "totals": {
        "w": 85,
        "g": 162,
        "r": 161,
        "ra": 152,
        "lob": 940,
        "opp_pa": 6300,
        "opp_h": 795,
        "opp_bb": 537,
        "opp_so": 2003,
        "opp_hbp": 61,
        "opp_hr": 0,
        "opp_roe": 147,
        "der": 0.7453365774533658,