{
  "version": 1,
  "teams": {
    "BUF": {
      "seasons": {
        "usafl-2025": {
          "l": 80,
          "g": 162,
          "r": 889,
          "ra": 861,
          "lob": 1417,
          "opp_pa": 6751,
          "opp_h": 1682,
          "opp_bb": 389,
          "opp_so": 1121,
          "opp_hbp": 0,
          "opp_hr": 226,
          "opp_roe": 515,
          "der": 0.5619142572283151,
          "rpg": 5.487654320987654,
          "rag": 5.314814814814815,
          "w": 82
        }
      },
      "totals": {
        "l": 80,
        "g": 162,
        "r": 889,
        "ra": 861,
        "lob": 1417,
        "opp_pa": 6751,
        "opp_h": 1682,
        "opp_bb": 389,
        "opp_so": 1121,
        "opp_hbp": 0,
        "opp_hr": 226,
        "opp_roe": 515,
        "der": 0.5619142572283151,
        "rpg": 5.487654320987654,
        "rag": 5.314814814814815,
        "w": 82
      }
    },
    "NEW": {
      "seasons": {
        "usafl-2025": {
          "w": 87,
          "g": 165,
          "r": 875,
          "ra": 859,
          "lob": 1340,
          "opp_pa": 6926,
          "opp_h": 1644,
          "opp_bb": 533,
          "opp_so": 1033,
          "opp_hbp": 5,
          "opp_hr": 209,
          "opp_roe": 558,
          "der": 0.5720948309366498,
          "rpg": 5.303030303030303,
          "rag": 5.206060606060606,
          "l": 78
        }
      },
      "totals": {
        "w": 87,
        "g": 165,
        "r": 875,
        "ra": 859,
        "lob": 1340,
        "opp_pa": 6926,
        "opp_h": 1644,
        "opp_bb": 533,
        "opp_so": 1033,
        "opp_hbp": 5,
        "opp_hr": 209,
        "opp_roe": 558,
        "der": 0.5720948309366498,
        "rpg": 5.303030303030303,
        "rag": 5.206060606060606,
        "l": 78
      }
    },
    "LOS": {
      "seasons": {
        "usafl-2025": {
          "w": 85,
          "g": 162,
          "r": 926,
          "ra": 873,
          "lob": 1374,
          "opp_pa": 6771,
          "opp_h": 1713,
          "opp_bb": 414,
          "opp_so": 989,
          "opp_hbp": 1,
          "opp_hr": 212,
          "opp_roe": 535,
          "der": 0.5639185257032008,
          "rpg": 5.716049382716049,
          "rag": 5.388888888888889,
          "l": 77
        }
      },
      "totals": {
        "w": 85,
        "g": 162,
        "r": 926,
        "ra": 873,
        "lob": 1374,
        "opp_pa": 6771,
        "opp_h": 1713,
        "opp_bb": 414,
        "opp_so": 989,
        "opp_hbp": 1,
        "opp_hr": 212,
        "opp_roe": 535,
        "der": 0.5639185257032008,
        "rpg": 5.716049382716049,
        "rag": 5.388888888888889,
        "l": 77
      }
    },
    "MIN": {
      "seasons": {
        "usafl-2025": {
          "l": 85,
          "g": 162,
          "r": 864,
          "ra": 871,
          "lob": 1410,
          "opp_pa": 6775,
          "opp_h": 1673,
          "opp_bb": 348,
          "opp_so": 1156,
          "opp_hbp": 0,
          "opp_hr": 193,
          "opp_roe": 560,
          "der": 0.5602599448601812,
          "rpg": 5.333333333333333,
          "rag": 5.3765432098765435,
          "w": 77
        }
      },
      "totals": {
        "l": 85,
        "g": 162,
        "r": 864,
        "ra": 871,
        "lob": 1410,
        "opp_pa": 6775,
        "opp_h": 1673,
        "opp_bb": 348,
        "opp_so": 1156,
        "opp_hbp": 0,
        "opp_hr": 193,
        "opp_roe": 560,
        "der": 0.5602599448601812,
        "rpg": 5.333333333333333,
        "rag": 5.3765432098765435,
        "w": 77
      }
    },
    "PIT": {
      "seasons": {
        "usafl-2025": {
          "l": 87,
          "g": 162,
          "r": 767,
          "ra": 859,
          "lob": 1291,
          "opp_pa": 6707,
          "opp_h": 1664,
          "opp_bb": 359,
          "opp_so": 1108,
          "opp_hbp": 0,
          "opp_hr": 208,
          "opp_roe": 562,
          "der": 0.557631160572337,
          "rpg": 4.734567901234568,
          "rag": 5.302469135802469,
          "w": 75
        }
      },
      "totals": {
        "l": 87,
        "g": 162,
        "r": 767,
        "ra": 859,
        "lob": 1291,
        "opp_pa": 6707,
        "opp_h": 1664,
        "opp_bb": 359,
        "opp_so": 1108,
        "opp_hbp": 0,
        "opp_hr": 208,
        "opp_roe": 562,
        "der": 0.557631160572337,
        "rpg": 4.734567901234568,
        "rag": 5.302469135802469,
        "w": 75
      }
    },
    "HOU": {
      "seasons": {
        "usafl-2025": {
          "w": 81,
          "g": 162,
          "r": 820,
          "ra": 800,
          "lob": 1327,
          "opp_pa": 6624,
          "opp_h": 1477,
          "opp_bb": 445,
          "opp_so": 1041,
          "opp_hbp": 0,
          "opp_hr": 185,
          "opp_roe": 533,
          "der": 0.5941853422168383,
          "rpg": 5.061728395061729,
          "rag": 4.938271604938271,
          "l": 81
        }
      },
      "totals": {
        "w": 81,
        "g": 162,
        "r": 820,
        "ra": 800,
        "lob": 1327,
        "opp_pa": 6624,
        "opp_h": 1477,
        "opp_bb": 445,
        "opp_so": 1041,
        "opp_hbp": 0,
        "opp_hr": 185,
        "opp_roe": 533,
        "der": 0.5941853422168383,
        "rpg": 5.061728395061729,
        "rag": 4.938271604938271,
        "l": 81
      }
    },
    "ATL": {
      "seasons": {
        "usafl-2025": {
          "l": 91,
          "g": 162,
          "r": 894,
          "ra": 978,
          "lob": 1372,
          "opp_pa": 6915,
          "opp_h": 1788,
          "opp_bb": 407,
          "opp_so": 1237,
          "opp_hbp": 0,
          "opp_hr": 209,
          "opp_roe": 597,
          "der": 0.5288423548004741,
          "rpg": 5.518518518518518,
          "rag": 6.037037037037037,
          "w": 71
        }
      },
      "totals": {
        "l": 91,
        "g": 162,
        "r": 894,
        "ra": 978,
        "lob": 1372,
        "opp_pa": 6915,
        "opp_h": 1788,
        "opp_bb": 407,
        "opp_so": 1237,
        "opp_hbp": 0,
        "opp_hr": 209,
        "opp_roe": 597,
        "der": 0.5288423548004741,
        "rpg": 5.518518518518518,
        "rag": 6.037037037037037,
        "w": 71
      }
    },
    "GRE": {
      "seasons": {
        "usafl-2025": {
          "w": 93,
          "g": 171,
          "r": 931,
          "ra": 855,
          "lob": 1416,
          "opp_pa": 7083,
          "opp_h": 1717,
          "opp_bb": 388,
          "opp_so": 1154,
          "opp_hbp": 0,
          "opp_hr": 212,
          "opp_roe": 569,
          "der": 0.5710264589979358,
          "rpg": 5.444444444444445,
          "rag": 5.0,
          "l": 78
        }
      },
      "totals": {
        "w": 93,
        "g": 171,
        "r": 931,
        "ra": 855,
        "lob": 1416,
        "opp_pa": 7083,
        "opp_h": 1717,
        "opp_bb": 388,
        "opp_so": 1154,
        "opp_hbp": 0,
        "opp_hr": 212,
        "opp_roe": 569,
        "der": 0.5710264589979358,
        "rpg": 5.444444444444445,
        "rag": 5.0,
        "l": 78
      }
    },
    "BAL": {
      "seasons": {
        "usafl-2025": {
          "w": 92,
          "g": 167,
          "r": 904,
          "ra": 849,
          "lob": 1379,
          "opp_pa": 6882,
          "opp_h": 1660,
          "opp_bb": 392,
          "opp_so": 1225,
          "opp_hbp": 1,
          "opp_hr": 186,
          "opp_roe": 606,
          "der": 0.5537613233556518,
          "rpg": 5.413173652694611,
          "rag": 5.083832335329341,
          "l": 75
        }
      },
      "totals": {
        "w": 92,
        "g": 167,
        "r": 904,
        "ra": 849,
        "lob": 1379,
        "opp_pa": 6882,
        "opp_h": 1660,
        "opp_bb": 392,
        "opp_so": 1225,
        "opp_hbp": 1,
        "opp_hr": 186,
        "opp_roe": 606,
        "der": 0.5537613233556518,
        "rpg": 5.413173652694611,
        "rag": 5.083832335329341,