{
  "stochastic": {
    "pitches": 49803.0,
    "swing_rate": 0.4509969278959099,
    "take_rate": 0.5490030721040902,
    "contact_rate": 0.23107041744473225,
    "swing_contact_rate": 0.5123547482302658,
    "foul_rate": 0.015480995120775857,
    "ball_in_play_rate": 0.2155894223239564,
    "ball_rate": 0.31929803425496456,
    "called_strike_rate": 0.22970503784912555,
    "walk_rate": 0.03375298676786539,
    "strikeout_rate": 0.1368993835712708
  },
  "deterministic": {
    "pitches": 2343.0,
    "swing_rate": 0.44899701237729406,
    "take_rate": 0.5510029876227059,
    "contact_rate": 0.22791293213828426,
    "swing_contact_rate": 0.5076045627376425,
    "foul_rate": 0.014938113529662825,
    "ball_in_play_rate": 0.2129748186086214,
    "ball_rate": 0.3166880068288519,
    "called_strike_rate": 0.23431498079385404,
    "walk_rate": 0.03286384976525822,
    "strikeout_rate": 0.14383269312846778
  }
}