{
  "seasons": [],
  "metric_totals": {
    "pitches_per_pa": {
      "max_abs_delta": 0.004335164133350222,
      "avg_abs_delta": 0.0015677023704258274
    },
    "avg": {
      "max_abs_delta": 0.008852925945106171,
      "avg_abs_delta": 0.007928869222393048
    },
    "obp": {
      "max_abs_delta": 0.005801563208765126,
      "avg_abs_delta": 0.003745218415994944
    },
    "slg": {
      "max_abs_delta": 0.007432418436043531,
      "avg_abs_delta": 0.003353741676118993
    },
    "ops": {
      "max_abs_delta": 0.013233981644808601,
      "avg_abs_delta": 0.005944326463062843
    },
    "iso": {
      "max_abs_delta": 0.016579492490937348,
      "avg_abs_delta": 0.012270238824674918
    },
    "babip": {
      "max_abs_delta": 0.004193392483589409,
      "avg_abs_delta": 0.0018040065572165532
    },
    "k_pct": {
      "max_abs_delta": 0.01748281161530374,
      "avg_abs_delta": 0.011001124926198725
    },
    "bb_pct": {
      "max_abs_delta": 0.005071626036692631,
      "avg_abs_delta": 0.0030224461504842147
    },
    "k_minus_bb_pct": {
      "max_abs_delta": 0.015949203267815237,
      "avg_abs_delta": 0.007978678775714492
    },
    "swing_pct": {
      "max_abs_delta": 0.020621781319455745,
      "avg_abs_delta": 0.018429342341650157
    },
    "z_swing_pct": {
      "max_abs_delta": 0.006888520494530481,
      "avg_abs_delta": 0.005852901611315286
    },
    "o_swing_pct": {
      "max_abs_delta": 0.008594191218539882,
      "avg_abs_delta": 0.0068977716797385845
    },
    "contact_pct": {
      "max_abs_delta": 0.03943953939438438,
      "avg_abs_delta": 0.03719284685009048
    },
    "z_contact_pct": {
      "max_abs_delta": 0.0531824205347905,
      "avg_abs_delta": 0.05098165207511753
    },
    "o_contact_pct": {
      "max_abs_delta": 0.030504295853567398,
      "avg_abs_delta": 0.026367344895454004
    },
    "first_pitch_strike_pct": {
      "max_abs_delta": 0.03205564393455573,
      "avg_abs_delta": 0.027296447796885358
    },
    "zone_pct": {
      "max_abs_delta": 0.02046842907308022,
      "avg_abs_delta": 0.019162811480514196
    },
    "pitches_put_in_play_pct": {
      "max_abs_delta": 0.004036391287166652,
      "avg_abs_delta": 0.002770541561605494
    },
    "bip_gb_pct": {
      "max_abs_delta": 0.01993626111928276,
      "avg_abs_delta": 0.018490254622387015
    },
    "bip_ld_pct": {
      "max_abs_delta": 0.009461371436576327,
      "avg_abs_delta": 0.007538490365064171
    },
    "bip_fb_pct": {
      "max_abs_delta": 0.011860899977491901,
      "avg_abs_delta": 0.010951764257322883
    },
    "hr_per_fb_pct": {
      "max_abs_delta": 0.015238528532432086,
      "avg_abs_delta": 0.01332538067986097
    },
    "sb_pct": {
      "max_abs_delta": 0.014268605645851085,
      "avg_abs_delta": 0.00768577142123954
    },
    "sba_per_pa": {
      "max_abs_delta": 0.0060099613881971214,
      "avg_abs_delta": 0.004836432627414957
    },
    "bip_double_play_pct": {
      "max_abs_delta": 0.0050434965328850605,
      "avg_abs_delta": 0.0037900908837096873
    },
    "called_third_strike_share_of_so": {
      "max_abs_delta": 0.008950953678474122,
      "avg_abs_delta": 0.003138257981474141
    }
  }
}