{
  "metrics": {
    "pitches_per_pa": 3.859858333044453,
    "avg": 0.23614707405489382,
    "obp": 0.3071984367912349,
    "slg": 0.3845675815639565,
    "ops": 0.6917660183551914,
    "iso": 0.14842050750906266,
    "babip": 0.29187011054035905,
    "k_pct": 0.23748281161530374,
    "bb_pct": 0.08153360834748848,
    "k_minus_bb_pct": 0.15594920326781525,
    "swing_pct": 0.48867187967763953,
    "z_swing_pct": 0.6434186525448662,
    "o_swing_pct": 0.32839486610679763,
    "contact_pct": 0.7897558106766973,
    "z_contact_pct": 0.8643243193810642,
    "o_contact_pct": 0.6384337014011321,
    "first_pitch_strike_pct": 0.6265700650558694,
    "zone_pct": 0.5087774970362476,
    "pitches_put_in_play_pct": 0.17096360871283334,
    "bip_gb_pct": 0.42006373888071724,
    "bip_ld_pct": 0.21946137143657632,
    "bip_fb_pct": 0.36047488968270647,
    "hr_per_fb_pct": 0.0949617515167502,
    "sb_pct": 0.7942686056458511,
    "sba_per_pa": 0.054032192833454666,
    "bip_double_play_pct": 0.02295650346711494,
    "called_third_strike_share_of_so": 0.2210490463215259
  },
  "mlb_deltas": {
    "pitches_per_pa": -0.00014166695554695963,
    "avg": -0.008852925945106171,
    "obp": -0.005801563208765126,
    "slg": -0.007432418436043531,
    "ops": -0.013233981644808601,
    "iso": -0.016579492490937348,
    "babip": 0.0008701105403590703,
    "k_pct": 0.01748281161530374,
    "bb_pct": 0.0015336083474884743,
    "k_minus_bb_pct": 0.015949203267815237,
    "swing_pct": 0.018671879677639558,
    "z_swing_pct": -0.006581347455133835,
    "o_swing_pct": 0.008394866106797627,
    "contact_pct": 0.029755810676697303,
    "z_contact_pct": 0.04432431938106429,
    "o_contact_pct": 0.018433701401132097,
    "first_pitch_strike_pct": 0.026570065055869452,
    "zone_pct": 0.018777497036247648,
    "pitches_put_in_play_pct": -0.004036391287166652,
    "bip_gb_pct": -0.01993626111928276,
    "bip_ld_pct": 0.009461371436576327,
    "bip_fb_pct": 0.01047488968270649,
    "hr_per_fb_pct": -0.015038248483249805,
    "sb_pct": 0.014268605645851085,
    "sba_per_pa": 0.004032192833454663,
    "bip_double_play_pct": -0.0050434965328850605,
    "called_third_strike_share_of_so": -0.008950953678474122
  },
  "flags": [],
  "leaders": {
    "batting": {
      "avg": [
        {
          "player_id": "P8348",
          "name": "Jermaine Jefferson",
          "team_id": "POR",
          "value": 0.32018927444794953
        },
        {
          "player_id": "P8817",
          "name": "Bret Abney",
          "team_id": "AUS",
          "value": 0.3141524105754277
        },
        {
          "player_id": "P8959",
          "name": "Hector Garcia",
          "team_id": "DEN",
          "value": 0.3137254901960784
        }
      ],
      "hr": [
        {
          "player_id": "P8959",
          "name": "Hector Garcia",
          "team_id": "DEN",
          "value": 45.0
        },
        {
          "player_id": "P8403",
          "name": "Leroy Robinson",
          "team_id": "MIL",
          "value": 43.0
        },
        {
          "player_id": "P1187",
          "name": "Rafael Garcia",
          "team_id": "COL",
          "value": 39.0
        }
      ],
      "rbi": [
        {
          "player_id": "P1187",
          "name": "Rafael Garcia",
          "team_id": "COL",
          "value": 122.0
        },
        {
          "player_id": "P8403",
          "name": "Leroy Robinson",
          "team_id": "MIL",
          "value": 119.0
        },
        {
          "player_id": "P8348",
          "name": "Jermaine Jefferson",
          "team_id": "POR",
          "value": 113.0
        }
      ],
      "sb": [
        {
          "player_id": "P7211",
          "name": "Sung Yamamoto",
          "team_id": "CHI",
          "value": 60.0
        },
        {
          "player_id": "P7048",
          "name": "Fernando Torres",
          "team_id": "SAN",
          "value": 59.0
        },
        {
          "player_id": "P7973",
          "name": "Stanley Ashdown",
          "team_id": "COL",
          "value": 58.0
        }
      ],
      "ops": [
        {
          "player_id": "P8403",
          "name": "Leroy Robinson",
          "team_id": "MIL",
          "value": 1.0042601065026626
        },
        {
          "player_id": "P8959",
          "name": "Hector Garcia",
          "team_id": "DEN",
          "value": 0.9975273842197661
        },
        {
          "player_id": "P1187",
          "name": "Rafael Garcia",
          "team_id": "COL",
          "value": 0.9909371823911983
        }
      ]
    },
    "pitching": {
      "era": [
        {
          "player_id": "P8490",
          "name": "Tyrone Baker",
          "team_id": "POR",
          "value": 2.109375
        },
        {
          "player_id": "P6807",
          "name": "Alfonzo Monjaras",
          "team_id": "DET",
          "value": 2.467005076142132
        },
        {
          "player_id": "P5013",
          "name": "Juan Ortiz",
          "team_id": "POR",
          "value": 2.769230769230769
        }
      ],
      "so": [
        {
          "player_id": "P7674",
          "name": "Fernando Reyes",
          "team_id": "WAS",
          "value": 223.0
        },
        {
          "player_id": "P1652",
          "name": "Morton Genao",
          "team_id": "DEN",
          "value": 218.0
        },
        {
          "player_id": "P7916",
          "name": "Tyson Schupp",
          "team_id": "LOS",
          "value": 214.0
        }
      ],
      "wins": [
        {
          "player_id": "P4247",
          "name": "Rene Yewell",
          "team_id": "AUS",
          "value": 17.0
        },
        {
          "player_id": "P5013",
          "name": "Juan Ortiz",
          "team_id": "POR",
          "value": 16.0
        },
        {
          "player_id": "P9950",
          "name": "Rufus Walker",
          "team_id": "DEN",
          "value": 15.0
        }
      ],
      "saves": [
        {
          "player_id": "P2662",
          "name": "Clement Odess",
          "team_id": "AUS",
          "value": 63.0
        },
        {
          "player_id": "P5333",
          "name": "Eduardo Sanchez",
          "team_id": "MIL",
          "value": 53.0
        },
        {
          "player_id": "P8358",
          "name": "Alva Kious",
          "team_id": "LOU",
          "value": 52.0
        }
      ]
    }
  },
  "year": 2025,
  "season_id": "nexgen-long-run-2025",
  "champion": "AUS",
  "runner_up": "POR"
}