{
  "metrics": {
    "pitches_per_pa": 3.859997695055895,
    "avg": 0.23828983782944935,
    "obp": 0.3099052281137263,
    "slg": 0.39488658407262756,
    "ops": 0.7047918121863539,
    "iso": 0.1565967462431782,
    "babip": 0.28952100115074797,
    "k_pct": 0.23022934193845798,
    "bb_pct": 0.08215973262648381,
    "k_minus_bb_pct": 0.1480696093119742,
    "swing_pct": 0.48797069255848946,
    "z_swing_pct": 0.6439076122621168,
    "o_swing_pct": 0.3259466699135517,
    "contact_pct": 0.7994395393943844,
    "z_contact_pct": 0.8719983257049783,
    "o_contact_pct": 0.6505042958535674,
    "first_pitch_strike_pct": 0.6273366370865506,
    "zone_pct": 0.5095720922455902,
    "pitches_put_in_play_pct": 0.17244395877372123,
    "bip_gb_pct": 0.42154197759578926,
    "bip_ld_pct": 0.21659712242671883,
    "bip_fb_pct": 0.3618608999774919,
    "hr_per_fb_pct": 0.10006889424733034,
    "sb_pct": 0.7841336116910229,
    "sba_per_pa": 0.055203411317275554,
    "bip_double_play_pct": 0.02455113665875998,
    "called_third_strike_share_of_so": 0.23001451669419834
  },
  "mlb_deltas": {
    "pitches_per_pa": -2.3049441049138863e-06,
    "avg": -0.006710162170550649,
    "obp": -0.0030947718862737172,
    "slg": 0.0028865840726275405,
    "ops": -0.00020818781364606576,
    "iso": -0.008403253756821799,
    "babip": -0.0014789988492520112,
    "k_pct": 0.010229341938457981,
    "bb_pct": 0.002159732626483807,
    "k_minus_bb_pct": 0.008069609311974174,
    "swing_pct": 0.017970692558489487,
    "z_swing_pct": -0.006092387737883231,
    "o_swing_pct": 0.005946669913551694,
    "contact_pct": 0.03943953939438438,
    "z_contact_pct": 0.05199832570497831,
    "o_contact_pct": 0.030504295853567398,
    "first_pitch_strike_pct": 0.027336637086550652,
    "zone_pct": 0.0195720922455902,
    "pitches_put_in_play_pct": -0.0025560412262787546,
    "bip_gb_pct": -0.01845802240421074,
    "bip_ld_pct": 0.006597122426718838,
    "bip_fb_pct": 0.011860899977491901,
    "hr_per_fb_pct": -0.009931105752669658,
    "sb_pct": 0.004133611691022887,
    "sba_per_pa": 0.005203411317275551,
    "bip_double_play_pct": -0.0034488633412400223,
    "called_third_strike_share_of_so": 1.4516694198329905e-05
  },
  "flags": [],
  "leaders": {
    "batting": {
      "avg": [
        {
          "player_id": "P1187",
          "name": "Rafael Garcia",
          "team_id": "COL",
          "value": 0.35090609555189456
        },
        {
          "player_id": "P8959",
          "name": "Hector Garcia",
          "team_id": "DEN",
          "value": 0.3185840707964602
        },
        {
          "player_id": "P9659",
          "name": "Percy Green",
          "team_id": "POR",
          "value": 0.3181126331811263
        }
      ],
      "hr": [
        {
          "player_id": "P1187",
          "name": "Rafael Garcia",
          "team_id": "COL",
          "value": 51.0
        },
        {
          "player_id": "P8959",
          "name": "Hector Garcia",
          "team_id": "DEN",
          "value": 50.0
        },
        {
          "player_id": "P1624",
          "name": "Rodney Taffer",
          "team_id": "WAS",
          "value": 44.0
        }
      ],
      "rbi": [
        {
          "player_id": "P1187",
          "name": "Rafael Garcia",
          "team_id": "COL",
          "value": 132.0
        },
        {
          "player_id": "P8959",
          "name": "Hector Garcia",
          "team_id": "DEN",
          "value": 127.0
        },
        {
          "player_id": "P4819",
          "name": "Clarence Bazemore",
          "team_id": "BOS",
          "value": 125.0
        }
      ],
      "sb": [
        {
          "player_id": "P3338",
          "name": "Woodrow Joki",
          "team_id": "SAN",
          "value": 67.0
        },
        {
          "player_id": "P8899",
          "name": "Derick Kertesz",
          "team_id": "LAS",
          "value": 62.0
        },
        {
          "player_id": "P5822",
          "name": "Xavier Jefferson",
          "team_id": "BOS",
          "value": 62.0
        }
      ],
      "ops": [
        {
          "player_id": "P1187",
          "name": "Rafael Garcia",
          "team_id": "COL",
          "value": 1.1414947005551799
        },
        {
          "player_id": "P8959",
          "name": "Hector Garcia",
          "team_id": "DEN",
          "value": 1.0286487331262577
        },
        {
          "player_id": "P8348",
          "name": "Jermaine Jefferson",
          "team_id": "POR",
          "value": 1.0111974322500639
        }
      ]
    },
    "pitching": {
      "era": [
        {
          "player_id": "P5013",
          "name": "Juan Ortiz",
          "team_id": "POR",
          "value": 2.3245033112582782
        },
        {
          "player_id": "P8280",
          "name": "Malik Scott",
          "team_id": "BOS",
          "value": 2.378238341968912
        },
        {
          "player_id": "P1862",
          "name": "Jerrell Mezick",
          "team_id": "DEN",
          "value": 2.4621329211746525
        }
      ],
      "so": [
        {
          "player_id": "P7674",
          "name": "Fernando Reyes",
          "team_id": "WAS",
          "value": 214.0
        },
        {
          "player_id": "P6807",
          "name": "Alfonzo Monjaras",
          "team_id": "DET",
          "value": 211.0
        },
        {
          "player_id": "P8084",
          "name": "Manuel Mendoza",
          "team_id": "SAN",
          "value": 210.0
        }
      ],
      "wins": [
        {
          "player_id": "P8181",
          "name": "Gene Eloy",
          "team_id": "SAN",
          "value": 16.0
        },
        {
          "player_id": "P5013",
          "name": "Juan Ortiz",
          "team_id": "POR",
          "value": 16.0
        },
        {
          "player_id": "P1733",
          "name": "Kenton Meck",
          "team_id": "CHI",
          "value": 15.0
        }
      ],
      "saves": [
        {
          "player_id": "P2662",
          "name": "Clement Odess",
          "team_id": "AUS",
          "value": 55.0
        },
        {
          "player_id": "P1574",
          "name": "Percy Robinson",
          "team_id": "POR",
          "value": 48.0
        },
        {
          "player_id": "P9438",
          "name": "Rufus Harris",
          "team_id": "LAS",
          "value": 47.0
        }
      ]
    }
  },
  "year": 2027,
  "season_id": "nexgen-long-run-2027",
  "champion": "AUS",
  "runner_up": "LOU"
}