{
  "metrics": {
    "pitches_per_pa": 3.8571363293655327,
    "avg": 0.23793861057933213,
    "obp": 0.31160736873576966,
    "slg": 0.3919774896891984,
    "ops": 0.703584858424968,
    "iso": 0.15403887910986624,
    "babip": 0.2901102429626458,
    "k_pct": 0.22926043546802533,
    "bb_pct": 0.08507162603669263,
    "k_minus_bb_pct": 0.14418880943133267,
    "swing_pct": 0.4864058807153054,
    "z_swing_pct": 0.6431114795054695,
    "o_swing_pct": 0.3250066132794652,
    "contact_pct": 0.7987493378310084,
    "z_contact_pct": 0.8731824205347904,
    "o_contact_pct": 0.6470522947150336,
    "first_pitch_strike_pct": 0.6242546094267633,
    "zone_pct": 0.5073775492675761,
    "pitches_put_in_play_pct": 0.17224548787783656,
    "bip_gb_pct": 0.42121462223597783,
    "bip_ld_pct": 0.21709824959592833,
    "bip_fb_pct": 0.36168712816809384,
    "hr_per_fb_pct": 0.09686144862822549,
    "sb_pct": 0.767897205792372,
    "sba_per_pa": 0.056009961388197124,
    "bip_double_play_pct": 0.02465696894666254,
    "called_third_strike_share_of_so": 0.23135183616522995
  },
  "mlb_deltas": {
    "pitches_per_pa": -0.0028636706344671303,
    "avg": -0.007061389420667863,
    "obp": -0.0013926312642303373,
    "slg": -2.251031080163779e-05,
    "ops": -0.0014151415750319751,
    "iso": -0.010961120890133763,
    "babip": -0.0008897570373541663,
    "k_pct": 0.009260435468025324,
    "bb_pct": 0.005071626036692631,
    "k_minus_bb_pct": 0.004188809431332652,
    "swing_pct": 0.01640588071530541,
    "z_swing_pct": -0.006888520494530481,
    "o_swing_pct": 0.005006613279465166,
    "contact_pct": 0.038749337831008424,
    "z_contact_pct": 0.0531824205347905,
    "o_contact_pct": 0.027052294715033565,
    "first_pitch_strike_pct": 0.024254609426763274,
    "zone_pct": 0.017377549267576065,
    "pitches_put_in_play_pct": -0.0027545121221634328,
    "bip_gb_pct": -0.01878537776402217,
    "bip_ld_pct": 0.007098249595928335,
    "bip_fb_pct": 0.011687128168093863,
    "hr_per_fb_pct": -0.013138551371774512,
    "sb_pct": -0.012102794207628054,
    "sba_per_pa": 0.0060099613881971214,
    "bip_double_play_pct": -0.0033430310533374592,
    "called_third_strike_share_of_so": 0.001351836165229936
  },
  "flags": [],
  "leaders": {
    "batting": {
      "avg": [
        {
          "player_id": "P7586",
          "name": "Jim Swift",
          "team_id": "DET",
          "value": 0.3222748815165877
        },
        {
          "player_id": "P9479",
          "name": "Bryon Monford",
          "team_id": "DET",
          "value": 0.31518151815181517
        },
        {
          "player_id": "P1187",
          "name": "Rafael Garcia",
          "team_id": "COL",
          "value": 0.3142857142857143
        }
      ],
      "hr": [
        {
          "player_id": "P1187",
          "name": "Rafael Garcia",
          "team_id": "COL",
          "value": 52.0
        },
        {
          "player_id": "P8959",
          "name": "Hector Garcia",
          "team_id": "DEN",
          "value": 50.0
        },
        {
          "player_id": "P8817",
          "name": "Bret Abney",
          "team_id": "AUS",
          "value": 44.0
        }
      ],
      "rbi": [
        {
          "player_id": "P1187",
          "name": "Rafael Garcia",
          "team_id": "COL",
          "value": 144.0
        },
        {
          "player_id": "P9659",
          "name": "Percy Green",
          "team_id": "POR",
          "value": 119.0
        },
        {
          "player_id": "P7582",
          "name": "Xavier White",
          "team_id": "BOS",
          "value": 112.0
        }
      ],
      "sb": [
        {
          "player_id": "P7560",
          "name": "Manuel Garcia",
          "team_id": "BOS",
          "value": 72.0
        },
        {
          "player_id": "P2093",
          "name": "Fernando Cruz",
          "team_id": "BAL",
          "value": 68.0
        },
        {
          "player_id": "P3338",
          "name": "Woodrow Joki",
          "team_id": "SAN",
          "value": 67.0
        }
      ],
      "ops": [
        {
          "player_id": "P1187",
          "name": "Rafael Garcia",
          "team_id": "COL",
          "value": 1.0385639121015164
        },
        {
          "player_id": "P8959",
          "name": "Hector Garcia",
          "team_id": "DEN",
          "value": 1.0013368513632366
        },
        {
          "player_id": "P9479",
          "name": "Bryon Monford",
          "team_id": "DET",
          "value": 0.9616050231315598
        }
      ]
    },
    "pitching": {
      "era": [
        {
          "player_id": "P7931",
          "name": "Jose Vargas",
          "team_id": "LOS",
          "value": 2.336106489184692
        },
        {
          "player_id": "P5013",
          "name": "Juan Ortiz",
          "team_id": "POR",
          "value": 2.6387434554973823
        },
        {
          "player_id": "P6807",
          "name": "Alfonzo Monjaras",
          "team_id": "DET",
          "value": 2.8371278458844134
        }
      ],
      "so": [
        {
          "player_id": "P8084",
          "name": "Manuel Mendoza",
          "team_id": "SAN",
          "value": 227.0
        },
        {
          "player_id": "P8703",
          "name": "Manuel Torres",
          "team_id": "DET",
          "value": 220.0
        },
        {
          "player_id": "P5646",
          "name": "Tyrone Carter",
          "team_id": "WAS",
          "value": 211.0
        }
      ],
      "wins": [
        {
          "player_id": "P5019",
          "name": "Hector Ramirez",
          "team_id": "AUS",
          "value": 19.0
        },
        {
          "player_id": "P7931",
          "name": "Jose Vargas",
          "team_id": "LOS",
          "value": 16.0
        },
        {
          "player_id": "P5013",
          "name": "Juan Ortiz",
          "team_id": "POR",
          "value": 15.0
        }
      ],
      "saves": [
        {
          "player_id": "P5333",
          "name": "Eduardo Sanchez",
          "team_id": "MIL",
          "value": 49.0
        },
        {
          "player_id": "P6631",
          "name": "Alejandro Gonzalez",
          "team_id": "SAN",
          "value": 47.0
        },
        {
          "player_id": "P4995",
          "name": "Juan Ramos",
          "team_id": "LOS",
          "value": 46.0
        }
      ]
    }
  },
  "year": 2026,
  "season_id": "nexgen-long-run-2026",
  "champion": "POR",
  "runner_up": "AUS"
}