{
  "metrics": {
    "pitches_per_pa": 3.8556648358666497,
    "avg": 0.23622765414082453,
    "obp": 0.30799985971311333,
    "slg": 0.3905639234898629,
    "ops": 0.6985637832029763,
    "iso": 0.15433626934903838,
    "babip": 0.28680660751641057,
    "k_pct": 0.22811458563150988,
    "bb_pct": 0.08224665869320359,
    "k_minus_bb_pct": 0.1458679269383063,
    "swing_pct": 0.4906217813194557,
    "z_swing_pct": 0.6460038112319246,
    "o_swing_pct": 0.3285941912185399,
    "contact_pct": 0.7989184145750081,
    "z_contact_pct": 0.8729736887768614,
    "o_contact_pct": 0.647101774882049,
    "first_pitch_strike_pct": 0.6320556439345557,
    "zone_pct": 0.5104684290730802,
    "pitches_put_in_play_pct": 0.17325912674749885,
    "bip_gb_pct": 0.4212584738397358,
    "bip_ld_pct": 0.21738223535546672,
    "bip_fb_pct": 0.3613592908047975,
    "hr_per_fb_pct": 0.09671953074082121,
    "sb_pct": 0.7833226700789081,
    "sba_per_pa": 0.054447915094230075,
    "bip_double_play_pct": 0.024630627498696333,
    "called_third_strike_share_of_so": 0.22733519979638586
  },
  "mlb_deltas": {
    "pitches_per_pa": -0.004335164133350222,
    "avg": -0.008772345859175468,
    "obp": -0.005000140286886667,
    "slg": -0.0014360765101371076,
    "ops": -0.006436216797023664,
    "iso": -0.010663730650961628,
    "babip": -0.004193392483589409,
    "k_pct": 0.00811458563150988,
    "bb_pct": 0.0022466586932035904,
    "k_minus_bb_pct": 0.005867926938306289,
    "swing_pct": 0.020621781319455745,
    "z_swing_pct": -0.003996188768075393,
    "o_swing_pct": 0.008594191218539882,
    "contact_pct": 0.03891841457500811,
    "z_contact_pct": 0.05297368877686148,
    "o_contact_pct": 0.027101774882049012,
    "first_pitch_strike_pct": 0.03205564393455573,
    "zone_pct": 0.02046842907308022,
    "pitches_put_in_play_pct": -0.001740873252501135,
    "bip_gb_pct": -0.0187415261602642,
    "bip_ld_pct": 0.007382235355466726,
    "bip_fb_pct": 0.011359290804797528,
    "hr_per_fb_pct": -0.013280469259178793,
    "sb_pct": 0.0033226700789080743,
    "sba_per_pa": 0.004447915094230072,
    "bip_double_play_pct": -0.0033693725013036677,
    "called_third_strike_share_of_so": -0.0026648002036141483
  },
  "flags": [],
  "leaders": {
    "batting": {
      "avg": [
        {
          "player_id": "P8959",
          "name": "Hector Garcia",
          "team_id": "DEN",
          "value": 0.33382789317507416
        },
        {
          "player_id": "P1187",
          "name": "Rafael Garcia",
          "team_id": "COL",
          "value": 0.32861635220125784
        },
        {
          "player_id": "P8817",
          "name": "Bret Abney",
          "team_id": "AUS",
          "value": 0.3225331369661267
        }
      ],
      "hr": [
        {
          "player_id": "P1187",
          "name": "Rafael Garcia",
          "team_id": "COL",
          "value": 46.0
        },
        {
          "player_id": "P8959",
          "name": "Hector Garcia",
          "team_id": "DEN",
          "value": 43.0
        },
        {
          "player_id": "P6414",
          "name": "Darnell Baker",
          "team_id": "LOU",
          "value": 42.0
        }
      ],
      "rbi": [
        {
          "player_id": "P1187",
          "name": "Rafael Garcia",
          "team_id": "COL",
          "value": 131.0
        },
        {
          "player_id": "P6414",
          "name": "Darnell Baker",
          "team_id": "LOU",
          "value": 129.0
        },
        {
          "player_id": "P8817",
          "name": "Bret Abney",
          "team_id": "AUS",
          "value": 115.0
        }
      ],
      "sb": [
        {
          "player_id": "P7973",
          "name": "Stanley Ashdown",
          "team_id": "COL",
          "value": 70.0
        },
        {
          "player_id": "P5341",
          "name": "Russell Tajiri",
          "team_id": "POR",
          "value": 68.0
        },
        {
          "player_id": "P8899",
          "name": "Derick Kertesz",
          "team_id": "LAS",
          "value": 66.0
        }
      ],
      "ops": [
        {
          "player_id": "P8959",
          "name": "Hector Garcia",
          "team_id": "DEN",
          "value": 1.0550911068912137
        },
        {
          "player_id": "P1187",
          "name": "Rafael Garcia",
          "team_id": "COL",
          "value": 1.0530022039456002
        },
        {
          "player_id": "P8817",
          "name": "Bret Abney",
          "team_id": "AUS",
          "value": 0.9971171622849623
        }
      ]
    },
    "pitching": {
      "era": [
        {
          "player_id": "P9497",
          "name": "Francisco Gonzalez",
          "team_id": "SAN",
          "value": 2.600409836065574
        },
        {
          "player_id": "P5536",
          "name": "Ricardo Rivera",
          "team_id": "BOS",
          "value": 2.7504244482173172
        },
        {
          "player_id": "P5592",
          "name": "Ivan Skalicky",
          "team_id": "WAS",
          "value": 2.8793706293706296
        }
      ],
      "so": [
        {
          "player_id": "P8280",
          "name": "Malik Scott",
          "team_id": "BOS",
          "value": 221.0
        },
        {
          "player_id": "P5013",
          "name": "Juan Ortiz",
          "team_id": "POR",
          "value": 209.0
        },
        {
          "player_id": "P5528",
          "name": "Alejandro Castillo",
          "team_id": "MIL",
          "value": 205.0
        }
      ],
      "wins": [
        {
          "player_id": "P5536",
          "name": "Ricardo Rivera",
          "team_id": "BOS",
          "value": 18.0
        },
        {
          "player_id": "P2925",
          "name": "Darwin Ophus",
          "team_id": "AUS",
          "value": 16.0
        },
        {
          "player_id": "P9552",
          "name": "Jay Honkanen",
          "team_id": "DET",
          "value": 16.0
        }
      ],
      "saves": [
        {
          "player_id": "P8358",
          "name": "Alva Kious",
          "team_id": "LOU",
          "value": 54.0
        },
        {
          "player_id": "P4995",
          "name": "Juan Ramos",
          "team_id": "LOS",
          "value": 51.0
        },
        {
          "player_id": "P2649",
          "name": "Rafael Reyes",
          "team_id": "WAS",
          "value": 49.0
        }
      ]
    }
  },
  "year": 2028,
  "season_id": "nexgen-long-run-2028",
  "champion": "AUS",
  "runner_up": "LOS"
}