{
  "metrics": {
    "pitches_per_pa": 3.86049570518466,
    "avg": 0.2367524772835349,
    "obp": 0.3095630145661811,
    "slg": 0.38700888094901487,
    "ops": 0.696571895515196,
    "iso": 0.15025640366547996,
    "babip": 0.28941222612447187,
    "k_pct": 0.2299184499776967,
    "bb_pct": 0.08410060504855257,
    "k_minus_bb_pct": 0.14581784492914412,
    "swing_pct": 0.48847647743736056,
    "z_swing_pct": 0.6442939363990465,
    "o_swing_pct": 0.32654651788033856,
    "contact_pct": 0.7991011317733542,
    "z_contact_pct": 0.872429505977893,
    "o_contact_pct": 0.6487446576254879,
    "first_pitch_strike_pct": 0.6262652834806877,
    "zone_pct": 0.5096184897800768,
    "pitches_put_in_play_pct": 0.1722351100800825,
    "bip_gb_pct": 0.4234699143358448,
    "bip_ld_pct": 0.21715347301063062,
    "bip_fb_pct": 0.3593766126535246,
    "hr_per_fb_pct": 0.09476147146756791,
    "sb_pct": 0.7753988245172124,
    "sba_per_pa": 0.05448868250391738,
    "bip_double_play_pct": 0.024254309010217773,
    "called_third_strike_share_of_so": 0.22729081683414584
  },
  "mlb_deltas": {
    "pitches_per_pa": 0.0004957051846599114,
    "avg": -0.008247522716465089,
    "obp": -0.0034369854338188732,
    "slg": -0.004991119050985149,
    "ops": -0.008428104484803911,
    "iso": -0.014743596334520048,
    "babip": -0.001587773875528109,
    "k_pct": 0.009918449977696697,
    "bb_pct": 0.004100605048552572,
    "k_minus_bb_pct": 0.0058178449291441114,
    "swing_pct": 0.018476477437360583,
    "z_swing_pct": -0.005706063600953493,
    "o_swing_pct": 0.006546517880338554,
    "contact_pct": 0.03910113177335417,
    "z_contact_pct": 0.05242950597789309,
    "o_contact_pct": 0.028744657625487946,
    "first_pitch_strike_pct": 0.026265283480687684,
    "zone_pct": 0.019618489780076853,
    "pitches_put_in_play_pct": -0.002764889919917496,
    "bip_gb_pct": -0.016530085664155203,
    "bip_ld_pct": 0.007153473010630629,
    "bip_fb_pct": 0.00937661265352463,
    "hr_per_fb_pct": -0.015238528532432086,
    "sb_pct": -0.004601175482787601,
    "sba_per_pa": 0.004488682503917374,
    "bip_double_play_pct": -0.003745690989782228,
    "called_third_strike_share_of_so": -0.0027091831658541676
  },
  "flags": [],
  "leaders": {
    "batting": {
      "avg": [
        {
          "player_id": "P1187",
          "name": "Rafael Garcia",
          "team_id": "COL",
          "value": 0.315955766192733
        },
        {
          "player_id": "P9879",
          "name": "Juan Gonzalez",
          "team_id": "LOU",
          "value": 0.31486880466472306
        },
        {
          "player_id": "P6414",
          "name": "Darnell Baker",
          "team_id": "LOU",
          "value": 0.3107890499194847
        }
      ],
      "hr": [
        {
          "player_id": "P9879",
          "name": "Juan Gonzalez",
          "team_id": "LOU",
          "value": 55.0
        },
        {
          "player_id": "P1187",
          "name": "Rafael Garcia",
          "team_id": "COL",
          "value": 50.0
        },
        {
          "player_id": "P8959",
          "name": "Hector Garcia",
          "team_id": "DEN",
          "value": 46.0
        }
      ],
      "rbi": [
        {
          "player_id": "P1187",
          "name": "Rafael Garcia",
          "team_id": "COL",
          "value": 130.0
        },
        {
          "player_id": "P7582",
          "name": "Xavier White",
          "team_id": "BOS",
          "value": 116.0
        },
        {
          "player_id": "P9879",
          "name": "Juan Gonzalez",
          "team_id": "LOU",
          "value": 114.0
        }
      ],
      "sb": [
        {
          "player_id": "P8899",
          "name": "Derick Kertesz",
          "team_id": "LAS",
          "value": 71.0
        },
        {
          "player_id": "P3338",
          "name": "Woodrow Joki",
          "team_id": "SAN",
          "value": 64.0
        },
        {
          "player_id": "P7973",
          "name": "Stanley Ashdown",
          "team_id": "COL",
          "value": 62.0
        }
      ],
      "ops": [
        {
          "player_id": "P1187",
          "name": "Rafael Garcia",
          "team_id": "COL",
          "value": 1.0332667107846087
        },
        {
          "player_id": "P9879",
          "name": "Juan Gonzalez",
          "team_id": "LOU",
          "value": 1.0222563853704216
        },
        {
          "player_id": "P6414",
          "name": "Darnell Baker",
          "team_id": "LOU",
          "value": 0.9754497354497353
        }
      ]
    },
    "pitching": {
      "era": [
        {
          "player_id": "P8682",
          "name": "Darnell Scott",
          "team_id": "CHI",
          "value": 2.470881863560732
        },
        {
          "player_id": "P7916",
          "name": "Tyson Schupp",
          "team_id": "LOS",
          "value": 2.5802047781569963
        },
        {
          "player_id": "P8246",
          "name": "Tyrone Taylor",
          "team_id": "LOU",
          "value": 2.5961538461538463
        }
      ],
      "so": [
        {
          "player_id": "P4247",
          "name": "Rene Yewell",
          "team_id": "AUS",
          "value": 225.0
        },
        {
          "player_id": "P8246",
          "name": "Tyrone Taylor",
          "team_id": "LOU",
          "value": 212.0
        },
        {
          "player_id": "P5013",
          "name": "Juan Ortiz",
          "team_id": "POR",
          "value": 211.0
        }
      ],
      "wins": [
        {
          "player_id": "P8246",
          "name": "Tyrone Taylor",
          "team_id": "LOU",
          "value": 19.0
        },
        {
          "player_id": "P3018",
          "name": "Luis Reyes",
          "team_id": "MIL",
          "value": 17.0
        },
        {
          "player_id": "P3172",
          "name": "Luis Flores",
          "team_id": "LOU",
          "value": 17.0
        }
      ],
      "saves": [
        {
          "player_id": "P8358",
          "name": "Alva Kious",
          "team_id": "LOU",
          "value": 58.0
        },
        {
          "player_id": "P2649",
          "name": "Rafael Reyes",
          "team_id": "WAS",
          "value": 52.0
        },
        {
          "player_id": "P2190",
          "name": "Alejandro Hernandez",
          "team_id": "CHI",
          "value": 49.0
        }
      ]
    }
  },
  "year": 2029,
  "season_id": "nexgen-long-run-2029",
  "champion": "LOU",
  "runner_up": "DET"
}