{
  "stochastic": {
    "pitches": 52411.0,
    "swing_rate": 0.2590105130602354,
    "take_rate": 0.7409894869397645,
    "contact_rate": 0.13085039400125928,
    "swing_contact_rate": 0.5051933701657458,
    "foul_rate": 0.02217091831867356,
    "ball_in_play_rate": 0.08931331209097326,
    "ball_rate": 0.3759897731392265,
    "called_strike_rate": 0.09467478201140982,
    "walk_rate": 0.01480605216462193,
    "strikeout_rate": 0.13743298162599454
  },
  "deterministic": {
    "pitches": 2580.0,
    "swing_rate": 0.25116279069767444,
    "take_rate": 0.7488372093023256,
    "contact_rate": 0.13217054263565892,
    "swing_contact_rate": 0.5262345679012346,
    "foul_rate": 0.022868217054263566,
    "ball_in_play_rate": 0.09108527131782945,
    "ball_rate": 0.3856589147286822,
    "called_strike_rate": 0.09302325581395349,
    "walk_rate": 0.01317829457364341,
    "strikeout_rate": 0.13410852713178295
  }
}