{
  "stochastic": {
    "pitches": 33568.0,
    "swing_rate": 0.3479802192564347,
    "take_rate": 0.6520197807435653,
    "contact_rate": 0.2625119161105815,
    "swing_contact_rate": 0.7543874668264703,
    "foul_rate": 0.039204003813155384,
    "ball_in_play_rate": 0.1324177788369876,
    "ball_rate": 0.4703288846520496,
    "called_strike_rate": 0.15455195424213536,
    "walk_rate": 0.03256077216396568,
    "strikeout_rate": 0.06169566253574833
  },
  "deterministic": {
    "pitches": 1552.0,
    "swing_rate": 0.3698453608247423,
    "take_rate": 0.6301546391752577,
    "contact_rate": 0.26353092783505155,
    "swing_contact_rate": 0.7125435540069687,
    "foul_rate": 0.039304123711340205,
    "ball_in_play_rate": 0.1404639175257732,
    "ball_rate": 0.44716494845360827,
    "called_strike_rate": 0.16881443298969073,
    "walk_rate": 0.029639175257731958,
    "strikeout_rate": 0.059922680412371136
  }
}