pitch,alive_prob,resolved_prob
1,1.0,0.10732458489555437
2,0.8926754151044456,0.12212104981253348
3,0.7705543652919121,0.3003481521156936
4,0.4702062131762185,0.2347348687734333
5,0.23547134440278522,0.15827530798071773
6,0.07719603642206749,0.07719603642206749
