pitch,alive_prob,resolved_prob
1,1.0,0.0912751677852349
2,0.9087248322147651,0.13557046979865772
3,0.7731543624161074,0.3167785234899329
4,0.4563758389261745,0.23624161073825503
5,0.22013422818791947,0.15033557046979865
6,0.0697986577181208,0.0697986577181208
