{
  "stochastic": {
    "pitches": 50439.0,
    "swing_rate": 0.4532603739170087,
    "take_rate": 0.5467396260829913,
    "contact_rate": 0.22906877614544302,
    "swing_contact_rate": 0.5053801067273205,
    "foul_rate": 0.015761613037530483,
    "ball_in_play_rate": 0.21330716310791253,
    "ball_rate": 0.32367810622732407,
    "called_strike_rate": 0.22306151985566725,
    "walk_rate": 0.009119927040583675,
    "strikeout_rate": 0.13709629453399155
  },
  "deterministic": {
    "pitches": 2421.0,
    "swing_rate": 0.4436183395291202,
    "take_rate": 0.5563816604708798,
    "contact_rate": 0.2222222222222222,
    "swing_contact_rate": 0.5009310986964618,
    "foul_rate": 0.011565468814539447,
    "ball_in_play_rate": 0.21065675340768278,
    "ball_rate": 0.31722428748451054,
    "called_strike_rate": 0.23915737298636927,
    "walk_rate": 0.008674101610904586,
    "strikeout_rate": 0.14250309789343246
  }
}