{
  "stochastic": {
    "pitches": 35933.0,
    "swing_rate": 0.38493863579439513,
    "take_rate": 0.6150613642056049,
    "contact_rate": 0.26702474048924385,
    "swing_contact_rate": 0.6936813186813187,
    "foul_rate": 0.08490802326552194,
    "ball_in_play_rate": 0.1292127014165252,
    "ball_rate": 0.31867642556981046,
    "called_strike_rate": 0.2959118359168452,
    "walk_rate": 0.012384159407786715,
    "strikeout_rate": 0.11585450699913728
  },
  "deterministic": {
    "pitches": 1748.0,
    "swing_rate": 0.3878718535469107,
    "take_rate": 0.6121281464530892,
    "contact_rate": 0.2745995423340961,
    "swing_contact_rate": 0.7079646017699115,
    "foul_rate": 0.09096109839816933,
    "ball_in_play_rate": 0.12814645308924486,
    "ball_rate": 0.3112128146453089,
    "called_strike_rate": 0.3009153318077803,
    "walk_rate": 0.011441647597254004,
    "strikeout_rate": 0.11556064073226545
  }
}