{
  "stochastic": {
    "pitches": 42593.0,
    "swing_rate": 0.28124339680229143,
    "take_rate": 0.7187566031977085,
    "contact_rate": 0.18235390791914163,
    "swing_contact_rate": 0.6483846731780616,
    "foul_rate": 0.050853426619397554,
    "ball_in_play_rate": 0.10130772662174535,
    "ball_rate": 0.33040640480830186,
    "called_strike_rate": 0.11105111168501866,
    "walk_rate": 0.010048599535134881,
    "strikeout_rate": 0.1220857887446294
  },
  "deterministic": {
    "pitches": 2193.0,
    "swing_rate": 0.28226174190606473,
    "take_rate": 0.7177382580939352,
    "contact_rate": 0.19699042407660738,
    "swing_contact_rate": 0.6978998384491115,
    "foul_rate": 0.05791153670770634,
    "ball_in_play_rate": 0.10214318285453716,
    "ball_rate": 0.33014135886912904,
    "called_strike_rate": 0.11035111719106247,
    "walk_rate": 0.007751937984496124,
    "strikeout_rate": 0.12175102599179206
  }
}