{
  "stochastic": {
    "pitches": 49525.0,
    "swing_rate": 0.44498738011105504,
    "take_rate": 0.555012619888945,
    "contact_rate": 0.22859162039374054,
    "swing_contact_rate": 0.5137036028677738,
    "foul_rate": 0.014316002019182232,
    "ball_in_play_rate": 0.2142756183745583,
    "ball_rate": 0.32601716304896516,
    "called_strike_rate": 0.22899545683997982,
    "walk_rate": 0.03468955073195356,
    "strikeout_rate": 0.1351034830893488
  },
  "deterministic": {
    "pitches": 2590.0,
    "swing_rate": 0.42316602316602314,
    "take_rate": 0.5768339768339769,
    "contact_rate": 0.21583011583011583,
    "swing_contact_rate": 0.510036496350365,
    "foul_rate": 0.013899613899613899,
    "ball_in_play_rate": 0.20193050193050194,
    "ball_rate": 0.34942084942084944,
    "called_strike_rate": 0.2274131274131274,
    "walk_rate": 0.04247104247104247,
    "strikeout_rate": 0.13320463320463322
  }
}