{
  "stochastic": {
    "pitches": 49142.0,
    "swing_rate": 0.3613609539701274,
    "take_rate": 0.6386390460298726,
    "contact_rate": 0.2389198648813642,
    "swing_contact_rate": 0.661166798062845,
    "foul_rate": 0.07230067966301738,
    "ball_in_play_rate": 0.13501688982947377,
    "ball_rate": 0.44178096129583655,
    "called_strike_rate": 0.16110455414920027,
    "walk_rate": 0.02395099914533393,
    "strikeout_rate": 0.06827153961987709
  },
  "deterministic": {
    "pitches": 2560.0,
    "swing_rate": 0.352734375,
    "take_rate": 0.647265625,
    "contact_rate": 0.236328125,
    "swing_contact_rate": 0.6699889258028793,
    "foul_rate": 0.06796875,
    "ball_in_play_rate": 0.142578125,
    "ball_rate": 0.4484375,
    "called_strike_rate": 0.15859375,
    "walk_rate": 0.028515625,
    "strikeout_rate": 0.058203125
  }
}