{
  "stochastic": {
    "pitches": 51202.0,
    "swing_rate": 0.4560368735596266,
    "take_rate": 0.5439631264403734,
    "contact_rate": 0.23016679035975157,
    "swing_contact_rate": 0.504710920770878,
    "foul_rate": 0.017128237178235226,
    "ball_in_play_rate": 0.21303855318151635,
    "ball_rate": 0.30557400101558535,
    "called_strike_rate": 0.2383891254247881,
    "walk_rate": 0.011737822741299168,
    "strikeout_rate": 0.13673294011952658
  },
  "deterministic": {
    "pitches": 2621.0,
    "swing_rate": 0.46318199160625717,
    "take_rate": 0.5368180083937428,
    "contact_rate": 0.23159099580312859,
    "swing_contact_rate": 0.5,
    "foul_rate": 0.01716901945822205,
    "ball_in_play_rate": 0.21442197634490653,
    "ball_rate": 0.2998855398702785,
    "called_strike_rate": 0.23693246852346433,
    "walk_rate": 0.0106829454406715,
    "strikeout_rate": 0.13964135826020602
  }
}