{
  "version": 1,
  "teams": {
    "BAL": {
      "seasons": {
        "nexgen-long-run-2025": {
          "l": 76,
          "g": 162,
          "r": 551,
          "ra": 540,
          "lob": 1167,
          "opp_pa": 5960,
          "opp_h": 1187,
          "opp_bb": 472,
          "opp_so": 1547,
          "opp_hbp": 65,
          "opp_hr": 163,
          "opp_roe": 33,
          "der": 0.6714247239429033,
          "rpg": 3.4012345679012346,
          "rag": 3.3333333333333335,
          "w": 86
        },
        "nexgen-long-run-2026": {
          "l": 153,
          "g": 324,
          "r": 1157,
          "ra": 1143,
          "lob": 2256,
          "opp_pa": 12140,
          "opp_h": 2443,
          "opp_bb": 963,
          "opp_so": 3107,
          "opp_hbp": 145,
          "opp_hr": 316,
          "opp_roe": 62,
          "der": 0.670784597187541,
          "rpg": 3.5709876543209877,
          "rag": 3.5277777777777777,
          "w": 171
        }
      },
      "totals": {
        "l": 229,
        "g": 486,
        "r": 1708,
        "ra": 1683,
        "lob": 3423,
        "opp_pa": 18100,
        "opp_h": 3630,
        "opp_bb": 1435,
        "opp_so": 4654,
        "opp_hbp": 210,
        "opp_hr": 479,
        "opp_roe": 95,
        "der": 1.3422093211304444,
        "rpg": 6.972222222222222,
        "rag": 6.861111111111111,
        "w": 257
      }
    },
    "DET": {
      "seasons": {
        "nexgen-long-run-2025": {
          "w": 69,
          "g": 162,
          "r": 654,
          "ra": 710,
          "lob": 1083,
          "opp_pa": 6258,
          "opp_h": 1378,
          "opp_bb": 586,
          "opp_so": 1555,
          "opp_hbp": 79,
          "opp_hr": 178,
          "opp_roe": 51,
          "der": 0.6297927461139896,
          "rpg": 4.037037037037037,
          "rag": 4.382716049382716,
          "l": 93
        },
        "nexgen-long-run-2026": {
          "w": 152,
          "g": 324,
          "r": 1321,
          "ra": 1403,
          "lob": 2227,
          "opp_pa": 12595,
          "opp_h": 2748,
          "opp_bb": 1118,
          "opp_so": 3102,
          "opp_hbp": 171,
          "opp_hr": 365,
          "opp_roe": 102,
          "der": 0.6364332185227708,
          "rpg": 4.077160493827161,
          "rag": 4.330246913580247,
          "l": 171
        }
      },
      "totals": {
        "w": 221,
        "g": 486,
        "r": 1975,
        "ra": 2113,
        "lob": 3310,
        "opp_pa": 18853,
        "opp_h": 4126,
        "opp_bb": 1704,
        "opp_so": 4657,
        "opp_hbp": 250,
        "opp_hr": 543,
        "opp_roe": 153,
        "der": 1.2662259646367604,
        "rpg": 8.114197530864198,
        "rag": 8.712962962962962,
        "l": 264
      }
    },
    "DAL": {
      "seasons": {
        "nexgen-long-run-2025": {
          "l": 90,
          "g": 162,
          "r": 594,
          "ra": 625,
          "lob": 1184,
          "opp_pa": 6127,
          "opp_h": 1288,
          "opp_bb": 501,
          "opp_so": 1582,
          "opp_hbp": 76,
          "opp_hr": 155,
          "opp_roe": 39,
          "der": 0.6519800681877786,
          "rpg": 3.6666666666666665,
          "rag": 3.8580246913580245,
          "w": 72
        },
        "nexgen-long-run-2026": {
          "l": 171,
          "g": 324,
          "r": 1217,
          "ra": 1229,
          "lob": 2331,
          "opp_pa": 12278,
          "opp_h": 2524,
          "opp_bb": 1031,
          "opp_so": 3160,
          "opp_hbp": 155,
          "opp_hr": 313,
          "opp_roe": 75,
          "der": 0.6588791179944875,
          "rpg": 3.756172839506173,
          "rag": 3.79320987654321,
          "w": 153
        }
      },
      "totals": {
        "l": 261,
        "g": 486,
        "r": 1811,
        "ra": 1854,
        "lob": 3515,
        "opp_pa": 18405,
        "opp_h": 3812,
        "opp_bb": 1532,
        "opp_so": 4742,
        "opp_hbp": 231,
        "opp_hr": 468,
        "opp_roe": 114,
        "der": 1.3108591861822663,
        "rpg": 7.422839506172839,
        "rag": 7.651234567901234,
        "w": 225
      }
    },
    "LOS": {
      "seasons": {
        "nexgen-long-run-2025": {
          "w": 79,
          "g": 162,
          "r": 629,
          "ra": 589,
          "lob": 1132,
          "opp_pa": 6120,
          "opp_h": 1216,
          "opp_bb": 546,
          "opp_so": 1586,
          "opp_hbp": 78,
          "opp_hr": 152,
          "opp_roe": 36,
          "der": 0.6668440659925492,
          "rpg": 3.882716049382716,
          "rag": 3.6358024691358026,
          "l": 83
        },
        "nexgen-long-run-2026": {
          "w": 162,
          "g": 324,
          "r": 1327,
          "ra": 1224,
          "lob": 2247,
          "opp_pa": 12348,
          "opp_h": 2495,
          "opp_bb": 1052,
          "opp_so": 3131,
          "opp_hbp": 173,
          "opp_hr": 345,
          "opp_roe": 99,
          "der": 0.6607820060154309,
          "rpg": 4.095679012345679,
          "rag": 3.7777777777777777,
          "l": 162
        }
      },
      "totals": {
        "w": 241,
        "g": 486,
        "r": 1956,
        "ra": 1813,
        "lob": 3379,
        "opp_pa": 18468,
        "opp_h": 3711,
        "opp_bb": 1598,
        "opp_so": 4717,
        "opp_hbp": 251,
        "opp_hr": 497,
        "opp_roe": 135,
        "der": 1.32762607200798,
        "rpg": 7.978395061728395,
        "rag": 7.413580246913581,
        "l": 245
      }
    },
    "ELP": {
      "seasons": {
        "nexgen-long-run-2025": {
          "l": 80,
          "g": 162,
          "r": 558,
          "ra": 568,
          "lob": 1100,
          "opp_pa": 6113,
          "opp_h": 1256,
          "opp_bb": 512,
          "opp_so": 1617,
          "opp_hbp": 70,
          "opp_hr": 137,
          "opp_roe": 38,
          "der": 0.6574000529520784,
          "rpg": 3.4444444444444446,
          "rag": 3.506172839506173,
          "w": 82
        },
        "nexgen-long-run-2026": {
          "l": 157,
          "g": 324,
          "r": 1134,
          "ra": 1137,
          "lob": 2289,
          "opp_pa": 12213,
          "opp_h": 2484,
          "opp_bb": 997,
          "opp_so": 3173,
          "opp_hbp": 153,
          "opp_hr": 286,
          "opp_roe": 67,
          "der": 0.6645186743819043,
          "rpg": 3.5,
          "rag": 3.509259259259259,
          "w": 166
        }
      },
      "totals": {
        "l": 237,
        "g": 486,
        "r": 1692,
        "ra": 1705,
        "lob": 3389,
        "opp_pa": 18326,
        "opp_h": 3740,
        "opp_bb": 1509,
        "opp_so": 4790,
        "opp_hbp": 223,
        "opp_hr": 423,
        "opp_roe": 105,
        "der": 1.3219187273339825,
        "rpg": 6.944444444444445,
        "rag": 7.015432098765432,
        "w": 248
      }
    },
    "SAN": {
      "seasons": {
        "nexgen-long-run-2025": {
          "w": 85,
          "g": 162,
          "r": 636,
          "ra": 616,
          "lob": 1169,
          "opp_pa": 6167,
          "opp_h": 1323,
          "opp_bb": 463,
          "opp_so": 1540,
          "opp_hbp": 70,
          "opp_hr": 160,
          "opp_roe": 39,
          "der": 0.6537874936451449,
          "rpg": 3.925925925925926,
          "rag": 3.802469135802469,
          "l": 77
        },
        "nexgen-long-run-2026": {
          "w": 160,
          "g": 324,
          "r": 1238,
          "ra": 1257,
          "lob": 2269,
          "opp_pa": 12404,
          "opp_h": 2616,
          "opp_bb": 994,
          "opp_so": 3118,
          "opp_hbp": 149,
          "opp_hr": 337,
          "opp_roe": 101,
          "der": 0.6519344094286446,
          "rpg": 3.8209876543209877,
          "rag": 3.8796296296296298,
          "l": 164
        }
      },
      "totals": {
        "w": 245,
        "g": 486,
        "r": 1874,
        "ra": 1873,
        "lob": 3438,
        "opp_pa": 18571,
        "opp_h": 3939,
        "opp_bb": 1457,