{
  "stochastic": {
    "pitches": 55345.0,
    "swing_rate": 0.4927635739452525,
    "take_rate": 0.5072364260547475,
    "contact_rate": 0.254982383232451,
    "swing_contact_rate": 0.5174537987679672,
    "foul_rate": 0.011003704038305176,
    "ball_in_play_rate": 0.24397867919414581,
    "ball_rate": 0.3937302376005059,
    "called_strike_rate": 0.11350618845424157,
    "walk_rate": 0.020037943807028637,
    "strikeout_rate": 0.08846327581534014
  },
  "deterministic": {
    "pitches": 2991.0,
    "swing_rate": 0.49414911400869277,
    "take_rate": 0.5058508859913072,
    "contact_rate": 0.2708124373119358,
    "swing_contact_rate": 0.5480378890392422,
    "foul_rate": 0.01170177198261451,
    "ball_in_play_rate": 0.2591106653293213,
    "ball_rate": 0.399197592778335,
    "called_strike_rate": 0.10665329321297225,
    "walk_rate": 0.01972584419926446,
    "strikeout_rate": 0.08157806753594116
  }
}