{
  "version": 1,
  "teams": {
    "ALB": {
      "seasons": {
        "nexgen-long-run-2025": {
          "w": 88,
          "g": 162,
          "r": 726,
          "ra": 654,
          "lob": 1135,
          "opp_pa": 6167,
          "opp_h": 1299,
          "opp_bb": 502,
          "opp_so": 1491,
          "opp_hbp": 71,
          "opp_hr": 171,
          "opp_roe": 35,
          "der": 0.6607324516785351,
          "rpg": 4.481481481481482,
          "rag": 4.037037037037037,
          "l": 74
        }
      },
      "totals": {
        "w": 88,
        "g": 162,
        "r": 726,
        "ra": 654,
        "lob": 1135,
        "opp_pa": 6167,
        "opp_h": 1299,
        "opp_bb": 502,
        "opp_so": 1491,
        "opp_hbp": 71,
        "opp_hr": 171,
        "opp_roe": 35,
        "der": 0.6607324516785351,
        "rpg": 4.481481481481482,
        "rag": 4.037037037037037,
        "l": 74
      }
    },
    "DET": {
      "seasons": {
        "nexgen-long-run-2025": {
          "l": 85,
          "g": 162,
          "r": 643,
          "ra": 654,
          "lob": 1106,
          "opp_pa": 6240,
          "opp_h": 1348,
          "opp_bb": 507,
          "opp_so": 1460,
          "opp_hbp": 86,
          "opp_hr": 154,
          "opp_roe": 39,
          "der": 0.6560872799404909,
          "rpg": 3.9691358024691357,
          "rag": 4.037037037037037,
          "w": 77
        }
      },
      "totals": {
        "l": 85,
        "g": 162,
        "r": 643,
        "ra": 654,
        "lob": 1106,
        "opp_pa": 6240,
        "opp_h": 1348,
        "opp_bb": 507,
        "opp_so": 1460,
        "opp_hbp": 86,
        "opp_hr": 154,
        "opp_roe": 39,
        "der": 0.6560872799404909,
        "rpg": 3.9691358024691357,
        "rag": 4.037037037037037,
        "w": 77
      }
    },
    "CHA": {
      "seasons": {
        "nexgen-long-run-2025": {
          "w": 81,
          "g": 162,
          "r": 640,
          "ra": 612,
          "lob": 1192,
          "opp_pa": 6171,
          "opp_h": 1250,
          "opp_bb": 525,
          "opp_so": 1448,
          "opp_hbp": 67,
          "opp_hr": 142,
          "opp_roe": 52,
          "der": 0.6736024066182,
          "rpg": 3.950617283950617,
          "rag": 3.7777777777777777,
          "l": 81
        }
      },
      "totals": {
        "w": 81,
        "g": 162,
        "r": 640,
        "ra": 612,
        "lob": 1192,
        "opp_pa": 6171,
        "opp_h": 1250,
        "opp_bb": 525,
        "opp_so": 1448,
        "opp_hbp": 67,
        "opp_hr": 142,
        "opp_roe": 52,
        "der": 0.6736024066182,
        "rpg": 3.950617283950617,
        "rag": 3.7777777777777777,
        "l": 81
      }
    },
    "SEA": {
      "seasons": {
        "nexgen-long-run-2025": {
          "l": 87,
          "g": 162,
          "r": 607,
          "ra": 635,
          "lob": 1199,
          "opp_pa": 6234,
          "opp_h": 1338,
          "opp_bb": 525,
          "opp_so": 1422,
          "opp_hbp": 81,
          "opp_hr": 137,
          "opp_roe": 46,
          "der": 0.6598672892602605,
          "rpg": 3.746913580246914,
          "rag": 3.919753086419753,
          "w": 75
        }
      },
      "totals": {
        "l": 87,
        "g": 162,
        "r": 607,
        "ra": 635,
        "lob": 1199,
        "opp_pa": 6234,
        "opp_h": 1338,
        "opp_bb": 525,
        "opp_so": 1422,
        "opp_hbp": 81,
        "opp_hr": 137,
        "opp_roe": 46,
        "der": 0.6598672892602605,
        "rpg": 3.746913580246914,
        "rag": 3.919753086419753,
        "w": 75
      }
    },
    "CHI": {
      "seasons": {
        "nexgen-long-run-2025": {
          "w": 79,
          "g": 162,
          "r": 601,
          "ra": 656,
          "lob": 1155,
          "opp_pa": 6235,
          "opp_h": 1324,
          "opp_bb": 498,
          "opp_so": 1452,
          "opp_hbp": 85,
          "opp_hr": 163,
          "opp_roe": 36,
          "der": 0.6631161753777557,
          "rpg": 3.7098765432098766,
          "rag": 4.049382716049383,
          "l": 83
        }
      },
      "totals": {
        "w": 79,
        "g": 162,
        "r": 601,
        "ra": 656,
        "lob": 1155,
        "opp_pa": 6235,
        "opp_h": 1324,
        "opp_bb": 498,
        "opp_so": 1452,
        "opp_hbp": 85,
        "opp_hr": 163,
        "opp_roe": 36,
        "der": 0.6631161753777557,
        "rpg": 3.7098765432098766,
        "rag": 4.049382716049383,
        "l": 83
      }
    },
    "IND": {
      "seasons": {
        "nexgen-long-run-2025": {
          "l": 83,
          "g": 162,
          "r": 664,
          "ra": 684,
          "lob": 1135,
          "opp_pa": 6395,
          "opp_h": 1367,
          "opp_bb": 554,
          "opp_so": 1456,
          "opp_hbp": 94,
          "opp_hr": 187,
          "opp_roe": 58,
          "der": 0.6527777777777778,
          "rpg": 4.098765432098766,
          "rag": 4.222222222222222,
          "w": 79
        }
      },
      "totals": {
        "l": 83,
        "g": 162,
        "r": 664,
        "ra": 684,
        "lob": 1135,
        "opp_pa": 6395,
        "opp_h": 1367,
        "opp_bb": 554,
        "opp_so": 1456,
        "opp_hbp": 94,
        "opp_hr": 187,
        "opp_roe": 58,
        "der": 0.6527777777777778,
        "rpg": 4.098765432098766,
        "rag": 4.222222222222222,
        "w": 79
      }
    },
    "LOS": {
      "seasons": {
        "nexgen-long-run-2025": {
          "l": 73,
          "g": 162,
          "r": 696,
          "ra": 658,
          "lob": 1204,
          "opp_pa": 6278,
          "opp_h": 1331,
          "opp_bb": 488,
          "opp_so": 1511,
          "opp_hbp": 79,
          "opp_hr": 170,
          "opp_roe": 54,
          "der": 0.6563275434243176,
          "rpg": 4.296296296296297,
          "rag": 4.061728395061729,
          "w": 89
        }
      },
      "totals": {
        "l": 73,
        "g": 162,
        "r": 696,
        "ra": 658,
        "lob": 1204,
        "opp_pa": 6278,
        "opp_h": 1331,
        "opp_bb": 488,
        "opp_so": 1511,
        "opp_hbp": 79,
        "opp_hr": 170,
        "opp_roe": 54,
        "der": 0.6563275434243176,
        "rpg": 4.296296296296297,
        "rag": 4.061728395061729,
        "w": 89
      }
    },
    "COL": {
      "seasons": {
        "nexgen-long-run-2025": {
          "w": 84,
          "g": 162,
          "r": 664,
          "ra": 599,
          "lob": 1101,
          "opp_pa": 6204,
          "opp_h": 1278,
          "opp_bb": 503,
          "opp_so": 1512,
          "opp_hbp": 92,
          "opp_hr": 157,
          "opp_roe": 47,
          "der": 0.6637055837563453,
          "rpg": 4.098765432098766,
          "rag": 3.697530864197531,
          "l": 78
        }
      },
      "totals": {
        "w": 84,
        "g": 162,
        "r": 664,
        "ra": 599,
        "lob": 1101,
        "opp_pa": 6204,
        "opp_h": 1278,
        "opp_bb": 503,
        "opp_so": 1512,
        "opp_hbp": 92,
        "opp_hr": 157,
        "opp_roe": 47,
        "der": 0.6637055837563453,
        "rpg": 4.098765432098766,
        "rag": 3.697530864197531,
        "l": 78
      }
    },
    "PHO": {
      "seasons": {
        "nexgen-long-run-2025": {
          "w": 84,
          "g": 162,
          "r": 681,
          "ra": 675,
          "lob": 1241,
          "opp_pa": 6271,
          "opp_h": 1341,
          "opp_bb": 554,
          "opp_so": 1525,
          "opp_hbp": 72,
          "opp_hr": 168,
          "opp_roe": 43,
          "der": 0.6497975708502024,
          "rpg": 4.203703703703703,
          "rag": 4.166666666666667,
          "l": 78
        }
      },
      "totals": {
        "w": 84,
        "g": 162,
        "r": 681,
        "ra": 675,
        "lob": 1241,
        "opp_pa": 6271,
        "opp_h": 1341,
        "opp_bb": 554,
        "opp_so": 1525,
        "opp_hbp": 72,
        "opp_hr": 168,
        "opp_roe": 43,