{
  "stochastic": {
    "pitches": 76926.0,
    "swing_rate": 0.2695187582871851,
    "take_rate": 0.7304812417128149,
    "contact_rate": 0.2082130879026597,
    "swing_contact_rate": 0.7725365359571698,
    "foul_rate": 0.14835036268621793,
    "ball_in_play_rate": 0.03970049138132751,
    "ball_rate": 0.19247068611392767,
    "called_strike_rate": 0.5266619868444999,
    "walk_rate": 0.0019369263967969218,
    "strikeout_rate": 0.21997764084964772
  },
  "deterministic": {
    "pitches": 3998.0,
    "swing_rate": 0.27388694347173587,
    "take_rate": 0.7261130565282641,
    "contact_rate": 0.2058529264632316,
    "swing_contact_rate": 0.7515981735159817,
    "foul_rate": 0.14807403701850924,
    "ball_in_play_rate": 0.03876938469234617,
    "ball_rate": 0.1875937968984492,
    "called_strike_rate": 0.5270135067533767,
    "walk_rate": 0.0005002501250625312,
    "strikeout_rate": 0.2228614307153577
  }
}