{
  "stochastic": {
    "pitches": 50910.0,
    "swing_rate": 0.44199567864859557,
    "take_rate": 0.5580043213514044,
    "contact_rate": 0.2300726772736201,
    "swing_contact_rate": 0.5205315083103724,
    "foul_rate": 0.01606757022196032,
    "ball_in_play_rate": 0.2140051070516598,
    "ball_rate": 0.3337065409546258,
    "called_strike_rate": 0.22429778039677864,
    "walk_rate": 0.009349833038695738,
    "strikeout_rate": 0.1353172264780986
  },
  "deterministic": {
    "pitches": 2367.0,
    "swing_rate": 0.45331643430502744,
    "take_rate": 0.5466835656949726,
    "contact_rate": 0.22729193071398396,
    "swing_contact_rate": 0.5013979496738118,
    "foul_rate": 0.01563160118293198,
    "ball_in_play_rate": 0.21166032953105196,
    "ball_rate": 0.31305449936628643,
    "called_strike_rate": 0.2336290663286861,
    "walk_rate": 0.008027038445289396,
    "strikeout_rate": 0.14997887621461767
  }
}