{
  "metrics": {
    "pitches_per_pa": 3.949556643421235,
    "avg": 0.2313345167858821,
    "obp": 0.309239048316422,
    "slg": 0.3703336291964705,
    "ops": 0.6795726775128925,
    "iso": 0.1389991124105884,
    "babip": 0.3013086066049789,
    "k_pct": 0.2694545790421651,
    "bb_pct": 0.0889945965916963,
    "k_minus_bb_pct": 0.18045998245046876,
    "swing_pct": 0.4896178952814993,
    "z_swing_pct": 0.6470727305228318,
    "o_swing_pct": 0.32771644392794885,
    "contact_pct": 0.7649025601834162,
    "z_contact_pct": 0.8368325372495901,
    "o_contact_pct": 0.618866695614416,
    "first_pitch_strike_pct": 0.6249018611739713,
    "zone_pct": 0.5069618421475741,
    "pitches_put_in_play_pct": 0.156881889855852,
    "bip_gb_pct": 0.4018931912197667,
    "bip_ld_pct": 0.2178474266761078,
    "bip_fb_pct": 0.3802593821041255,
    "hr_per_fb_pct": 0.0956348327055174,
    "sb_pct": 0.7595375722543353,
    "sba_per_pa": 0.05992241259871611,
    "bip_double_play_pct": 0.024596578839488688,
    "called_third_strike_share_of_so": 0.20138829376981746
  },
  "mlb_deltas": {
    "pitches_per_pa": 0.08955664342123493,
    "avg": -0.013665483214117896,
    "obp": -0.0037609516835779844,
    "slg": -0.02166637080352951,
    "ops": -0.02542732248710744,
    "iso": -0.026000887589411603,
    "babip": 0.010308606604978898,
    "k_pct": 0.049454579042165075,
    "bb_pct": 0.008994596591696297,
    "k_minus_bb_pct": 0.04045998245046875,
    "swing_pct": 0.01961789528149932,
    "z_swing_pct": -0.0029272694771682595,
    "o_swing_pct": 0.007716443927948846,
    "contact_pct": 0.004902560183416171,
    "z_contact_pct": 0.016832537249590107,
    "o_contact_pct": -0.0011333043855840108,
    "first_pitch_strike_pct": 0.024901861173971307,
    "zone_pct": 0.016961842147574124,
    "pitches_put_in_play_pct": -0.018118110144147992,
    "bip_gb_pct": -0.038106808780233314,
    "bip_ld_pct": 0.0078474266761078,
    "bip_fb_pct": 0.030259382104125543,
    "hr_per_fb_pct": -0.014365167294482603,
    "sb_pct": -0.020462427745664757,
    "sba_per_pa": 0.00992241259871611,
    "bip_double_play_pct": -0.003403421160511313,
    "called_third_strike_share_of_so": -0.028611706230182554
  },
  "flags": [
    {
      "metric": "pitches_per_pa",
      "delta": 0.08955664342123493,
      "tolerance": 0.05
    },
    {
      "metric": "k_pct",
      "delta": 0.049454579042165075,
      "tolerance": 0.02
    }
  ],
  "leaders": {
    "batting": {
      "avg": [
        {
          "player_id": "P5129",
          "name": "Rufus Harris",
          "team_id": "DET",
          "value": 0.375594294770206
        },
        {
          "player_id": "P5037",
          "name": "Alejandro Gomez",
          "team_id": "DAL",
          "value": 0.3389570552147239
        },
        {
          "player_id": "P1211",
          "name": "Percy Mitchell",
          "team_id": "PHO",
          "value": 0.31419939577039274
        }
      ],
      "hr": [
        {
          "player_id": "P5129",
          "name": "Rufus Harris",
          "team_id": "DET",
          "value": 66.0
        },
        {
          "player_id": "P5037",
          "name": "Alejandro Gomez",
          "team_id": "DAL",
          "value": 52.0
        },
        {
          "player_id": "P1211",
          "name": "Percy Mitchell",
          "team_id": "PHO",
          "value": 49.0
        }
      ],
      "rbi": [
        {
          "player_id": "P5129",
          "name": "Rufus Harris",
          "team_id": "DET",
          "value": 121.0
        },
        {
          "player_id": "P5037",
          "name": "Alejandro Gomez",
          "team_id": "DAL",
          "value": 118.0
        },
        {
          "player_id": "P1501",
          "name": "Jose Vasquez",
          "team_id": "AUS",
          "value": 115.0
        }
      ],
      "sb": [
        {
          "player_id": "P5650",
          "name": "Weston Rubens",
          "team_id": "NAS",
          "value": 72.0
        },
        {
          "player_id": "P6490",
          "name": "Yong Choi",
          "team_id": "PHI",
          "value": 63.0
        },
        {
          "player_id": "P2220",
          "name": "Alejandro Morales",
          "team_id": "ELP",
          "value": 61.0
        }
      ],
      "ops": [
        {
          "player_id": "P5129",
          "name": "Rufus Harris",
          "team_id": "DET",
          "value": 1.2233238778871296
        },
        {
          "player_id": "P5037",
          "name": "Alejandro Gomez",
          "team_id": "DAL",
          "value": 1.099965001852843
        },
        {
          "player_id": "P1211",
          "name": "Percy Mitchell",
          "team_id": "PHO",
          "value": 0.996900860370419
        }
      ]
    },
    "pitching": {
      "era": [
        {
          "player_id": "P2752",
          "name": "Danny Trimmer",
          "team_id": "SEA",
          "value": 2.1057192374350087
        },
        {
          "player_id": "P5703",
          "name": "Winford Mesias",
          "team_id": "ALB",
          "value": 2.4456521739130435
        },
        {
          "player_id": "P5051",
          "name": "Deshawn Washington",
          "team_id": "AUS",
          "value": 2.4973821989528795
        }
      ],
      "so": [
        {
          "player_id": "P4430",
          "name": "Malik Carter",
          "team_id": "NAS",
          "value": 242.0
        },
        {
          "player_id": "P7858",
          "name": "Tyrone Jackson",
          "team_id": "LOU",
          "value": 234.0
        },
        {
          "player_id": "P4523",
          "name": "Malik Washington",
          "team_id": "PHI",
          "value": 233.0
        }
      ],
      "wins": [
        {
          "player_id": "P2752",
          "name": "Danny Trimmer",
          "team_id": "SEA",
          "value": 15.0
        },
        {
          "player_id": "P5016",
          "name": "Malik Mitchell",
          "team_id": "SAN",
          "value": 15.0
        },
        {
          "player_id": "P9735",
          "name": "Isidro Burham",
          "team_id": "JAC",
          "value": 15.0
        }
      ],
      "saves": [
        {
          "player_id": "P7719",
          "name": "Miguel Perez",
          "team_id": "DET",
          "value": 54.0
        },
        {
          "player_id": "P1619",
          "name": "Rigoberto Athan",
          "team_id": "DAL",
          "value": 45.0
        },
        {
          "player_id": "P2472",
          "name": "Miguel Hernandez",
          "team_id": "IND",
          "value": 40.0
        }
      ]
    }
  },
  "year": 2025,
  "season_id": "nexgen-long-run-2025",
  "champion": "DAL",
  "runner_up": "AUS"
}