{
  "metrics": {
    "pitches_per_pa": 3.9385248249704943,
    "avg": 0.22829532076740966,
    "obp": 0.30529145705450683,
    "slg": 0.36894397081462893,
    "ops": 0.6742354278691358,
    "iso": 0.14064865004721927,
    "babip": 0.2957128346652868,
    "k_pct": 0.26881782035269447,
    "bb_pct": 0.08784132185949514,
    "k_minus_bb_pct": 0.18097649849319936,
    "swing_pct": 0.49123848259770336,
    "z_swing_pct": 0.6486163738661155,
    "o_swing_pct": 0.32955249234689366,
    "contact_pct": 0.7632900596986639,
    "z_contact_pct": 0.8347702166831894,
    "o_contact_pct": 0.6187535796105383,
    "first_pitch_strike_pct": 0.6280895142716366,
    "zone_pct": 0.5067511542859138,
    "pitches_put_in_play_pct": 0.15774222548069788,
    "bip_gb_pct": 0.4013906564119589,
    "bip_ld_pct": 0.2194802559988196,
    "bip_fb_pct": 0.3791290875892215,
    "hr_per_fb_pct": 0.09735212751943091,
    "sb_pct": 0.7645731477999248,
    "sba_per_pa": 0.060936622703991014,
    "bip_double_play_pct": 0.02375551006104871,
    "called_third_strike_share_of_so": 0.2045609548167093
  },
  "mlb_deltas": {
    "pitches_per_pa": 0.0785248249704944,
    "avg": -0.016704679232590336,
    "obp": -0.007708542945493169,
    "slg": -0.023056029185371085,
    "ops": -0.030764572130864143,
    "iso": -0.024351349952780738,
    "babip": 0.004712834665286825,
    "k_pct": 0.04881782035269447,
    "bb_pct": 0.00784132185949514,
    "k_minus_bb_pct": 0.04097649849319934,
    "swing_pct": 0.02123848259770339,
    "z_swing_pct": -0.0013836261338845413,
    "o_swing_pct": 0.009552492346893648,
    "contact_pct": 0.0032900596986639163,
    "z_contact_pct": 0.014770216683189452,
    "o_contact_pct": -0.0012464203894616555,
    "first_pitch_strike_pct": 0.02808951427163664,
    "zone_pct": 0.016751154285913783,
    "pitches_put_in_play_pct": -0.017257774519302105,
    "bip_gb_pct": -0.03860934358804108,
    "bip_ld_pct": 0.009480255998819603,
    "bip_fb_pct": 0.029129087589221503,
    "hr_per_fb_pct": -0.012647872480569089,
    "sb_pct": -0.015426852200075225,
    "sba_per_pa": 0.010936622703991011,
    "bip_double_play_pct": -0.004244489938951292,
    "called_third_strike_share_of_so": -0.02543904518329071
  },
  "flags": [
    {
      "metric": "pitches_per_pa",
      "delta": 0.0785248249704944,
      "tolerance": 0.05
    },
    {
      "metric": "k_pct",
      "delta": 0.04881782035269447,
      "tolerance": 0.02
    },
    {
      "metric": "sba_per_pa",
      "delta": 0.010936622703991011,
      "tolerance": 0.01
    }
  ],
  "leaders": {
    "batting": {
      "avg": [
        {
          "player_id": "P5129",
          "name": "Rufus Harris",
          "team_id": "DET",
          "value": 0.34186746987951805
        },
        {
          "player_id": "P2189",
          "name": "Juan Rodriguez",
          "team_id": "JAC",
          "value": 0.3217821782178218
        },
        {
          "player_id": "P1501",
          "name": "Jose Vasquez",
          "team_id": "AUS",
          "value": 0.3184713375796178
        }
      ],
      "hr": [
        {
          "player_id": "P1211",
          "name": "Percy Mitchell",
          "team_id": "PHO",
          "value": 55.0
        },
        {
          "player_id": "P5037",
          "name": "Alejandro Gomez",
          "team_id": "DAL",
          "value": 54.0
        },
        {
          "player_id": "P1501",
          "name": "Jose Vasquez",
          "team_id": "AUS",
          "value": 46.0
        }
      ],
      "rbi": [
        {
          "player_id": "P5037",
          "name": "Alejandro Gomez",
          "team_id": "DAL",
          "value": 133.0
        },
        {
          "player_id": "P1211",
          "name": "Percy Mitchell",
          "team_id": "PHO",
          "value": 115.0
        },
        {
          "player_id": "P1501",
          "name": "Jose Vasquez",
          "team_id": "AUS",
          "value": 113.0
        }
      ],
      "sb": [
        {
          "player_id": "P5650",
          "name": "Weston Rubens",
          "team_id": "NAS",
          "value": 76.0
        },
        {
          "player_id": "P8006",
          "name": "Rufus Washington",
          "team_id": "LOU",
          "value": 73.0
        },
        {
          "player_id": "P4596",
          "name": "Grover Fadale",
          "team_id": "DET",
          "value": 64.0
        }
      ],
      "ops": [
        {
          "player_id": "P5037",
          "name": "Alejandro Gomez",
          "team_id": "DAL",
          "value": 1.0509654512088087
        },
        {
          "player_id": "P5129",
          "name": "Rufus Harris",
          "team_id": "DET",
          "value": 1.0441562999967349
        },
        {
          "player_id": "P1501",
          "name": "Jose Vasquez",
          "team_id": "AUS",
          "value": 1.0167310225365838
        }
      ]
    },
    "pitching": {
      "era": [
        {
          "player_id": "P2296",
          "name": "Gus Oilvares",
          "team_id": "ALB",
          "value": 2.0220264317180616
        },
        {
          "player_id": "P8317",
          "name": "Sung Choi",
          "team_id": "AUS",
          "value": 2.1947069943289224
        },
        {
          "player_id": "P2129",
          "name": "Jamey Shorrock",
          "team_id": "SEA",
          "value": 2.560344827586207
        }
      ],
      "so": [
        {
          "player_id": "P2296",
          "name": "Gus Oilvares",
          "team_id": "ALB",
          "value": 284.0
        },
        {
          "player_id": "P9425",
          "name": "Reinaldo Pilgreen",
          "team_id": "PHI",
          "value": 277.0
        },
        {
          "player_id": "P6003",
          "name": "Eduardo Mendoza",
          "team_id": "JAC",
          "value": 249.0
        }
      ],
      "wins": [
        {
          "player_id": "P3690",
          "name": "Hilario Fellin",
          "team_id": "PHO",
          "value": 17.0
        },
        {
          "player_id": "P6782",
          "name": "Juan Cruz",
          "team_id": "ELP",
          "value": 16.0
        },
        {
          "player_id": "P6677",
          "name": "Abdul Santi",
          "team_id": "DAL",
          "value": 16.0
        }
      ],
      "saves": [
        {
          "player_id": "P7719",
          "name": "Miguel Perez",
          "team_id": "DET",
          "value": 51.0
        },
        {
          "player_id": "P1619",
          "name": "Rigoberto Athan",
          "team_id": "DAL",
          "value": 42.0
        },
        {
          "player_id": "P2472",
          "name": "Miguel Hernandez",
          "team_id": "IND",
          "value": 33.0
        }
      ]
    }
  },
  "year": 2026,
  "season_id": "nexgen-long-run-2026",
  "champion": "AUS",
  "runner_up": "DET"
}