{
  "stochastic": {
    "pitches": 43475.0,
    "swing_rate": 0.2708683151236343,
    "take_rate": 0.7291316848763657,
    "contact_rate": 0.21196089706728005,
    "swing_contact_rate": 0.7825237771739131,
    "foul_rate": 0.054836112708453136,
    "ball_in_play_rate": 0.09706728004600346,
    "ball_rate": 0.33433007475560667,
    "called_strike_rate": 0.11185738930419782,
    "walk_rate": 0.009637722829212192,
    "strikeout_rate": 0.11983898792409431
  },
  "deterministic": {
    "pitches": 2127.0,
    "swing_rate": 0.27080394922425954,
    "take_rate": 0.7291960507757405,
    "contact_rate": 0.22614010343206395,
    "swing_contact_rate": 0.8350694444444444,
    "foul_rate": 0.05735778091208275,
    "ball_in_play_rate": 0.09873060648801128,
    "ball_rate": 0.3305124588622473,
    "called_strike_rate": 0.1081335213916314,
    "walk_rate": 0.00846262341325811,
    "strikeout_rate": 0.1147155618241655
  }
}