{
  "stochastic": {
    "pitches": 53658.0,
    "swing_rate": 0.5411681389541169,
    "take_rate": 0.4588318610458832,
    "contact_rate": 0.2698013343769801,
    "swing_contact_rate": 0.49855361939527515,
    "foul_rate": 0.011107383801110739,
    "ball_in_play_rate": 0.2586939505758694,
    "ball_rate": 0.3637109098363711,
    "called_strike_rate": 0.0951209512095121,
    "walk_rate": 0.017313354951731336,
    "strikeout_rate": 0.09463640090946364
  },
  "deterministic": {
    "pitches": 2350.0,
    "swing_rate": 0.5591489361702128,
    "take_rate": 0.4408510638297872,
    "contact_rate": 0.28,
    "swing_contact_rate": 0.5007610350076104,
    "foul_rate": 0.01148936170212766,
    "ball_in_play_rate": 0.26851063829787236,
    "ball_rate": 0.3425531914893617,
    "called_strike_rate": 0.09829787234042553,
    "walk_rate": 0.014042553191489362,
    "strikeout_rate": 0.09787234042553192
  }
}