{
  "stochastic": {
    "pitches": 57922.0,
    "swing_rate": 0.39563550982355583,
    "take_rate": 0.6043644901764442,
    "contact_rate": 0.18735540899830808,
    "swing_contact_rate": 0.47355559434456274,
    "foul_rate": 0.0345809882255447,
    "ball_in_play_rate": 0.13390421601464036,
    "ball_rate": 0.4418010427816719,
    "called_strike_rate": 0.15085805048168227,
    "walk_rate": 0.027899589102586237,
    "strikeout_rate": 0.08875729429232417
  },
  "deterministic": {
    "pitches": 2706.0,
    "swing_rate": 0.41278640059127863,
    "take_rate": 0.5872135994087213,
    "contact_rate": 0.18662232076866223,
    "swing_contact_rate": 0.4521038495971352,
    "foul_rate": 0.031781226903178125,
    "ball_in_play_rate": 0.13821138211382114,
    "ball_rate": 0.43385070214338506,
    "called_strike_rate": 0.14301552106430154,
    "walk_rate": 0.029194382852919438,
    "strikeout_rate": 0.08758314855875832
  }
}