{
  "stochastic": {
    "pitches_per_pa": 3.0884387351778657,
    "swing_rate": 0.4569868820988642,
    "take_rate": 0.5430131179011358,
    "strikeout_pct": 0.42514822134387353,
    "walk_pct": 0.036931818181818184,
    "first_pitch_strike_pct": 0.46567053593479873,
    "called_strike_pct": 0.22960326347784354,
    "foul_share_est": 0.2758958566629339,
    "swinging_strike_pct": 0.10728283474644057,
    "contact_rate_pa": 0.5748517786561265,
    "bip_final_pct": 0.5264328063241107
  },
  "deterministic": {
    "pitches_per_pa": 3.0475594493116396,
    "swing_rate": 0.4550308008213552,
    "take_rate": 0.5449691991786447,
    "strikeout_pct": 0.43679599499374216,
    "walk_pct": 0.03128911138923655,
    "first_pitch_strike_pct": 0.48435544430538174,
    "called_strike_pct": 0.24106776180698153,
    "foul_share_est": 0.27967145790554415,
    "swinging_strike_pct": 0.10882956878850103,
    "contact_rate_pa": 0.5632040050062578,
    "bip_final_pct": 0.5219023779724656
  },
  "stochastic_bucket_share": {
    "waste": 0.34079946884336737,
    "zone": 0.6592005311566326
  },
  "deterministic_bucket_share": {
    "zone": 0.6559139784946236,
    "waste": 0.34408602150537637
  }
}