{
  "version": 1,
  "teams": {
    "BAL": {
      "seasons": {
        "nexgen-long-run-2025": {
          "w": 75,
          "g": 162,
          "r": 701,
          "ra": 738,
          "lob": 1139,
          "opp_pa": 6358,
          "opp_h": 1445,
          "opp_bb": 511,
          "opp_so": 1550,
          "opp_hbp": 91,
          "opp_hr": 219,
          "opp_roe": 61,
          "der": 0.6222723852520693,
          "rpg": 4.327160493827161,
          "rag": 4.555555555555555,
          "l": 87
        },
        "nexgen-long-run-2026": {
          "w": 161,
          "g": 324,
          "r": 1468,
          "ra": 1455,
          "lob": 2296,
          "opp_pa": 12649,
          "opp_h": 2858,
          "opp_bb": 1029,
          "opp_so": 2977,
          "opp_hbp": 175,
          "opp_hr": 427,
          "opp_roe": 106,
          "der": 0.6313891307051362,
          "rpg": 4.530864197530864,
          "rag": 4.4907407407407405,
          "l": 163
        }
      },
      "totals": {
        "w": 236,
        "g": 486,
        "r": 2169,
        "ra": 2193,
        "lob": 3435,
        "opp_pa": 19007,
        "opp_h": 4303,
        "opp_bb": 1540,
        "opp_so": 4527,
        "opp_hbp": 266,
        "opp_hr": 646,
        "opp_roe": 167,
        "der": 1.2536615159572055,
        "rpg": 8.858024691358025,
        "rag": 9.046296296296296,
        "l": 250
      }
    },
    "PHO": {
      "seasons": {
        "nexgen-long-run-2025": {
          "l": 91,
          "g": 162,
          "r": 617,
          "ra": 704,
          "lob": 1162,
          "opp_pa": 6212,
          "opp_h": 1402,
          "opp_bb": 509,
          "opp_so": 1471,
          "opp_hbp": 69,
          "opp_hr": 190,
          "opp_roe": 43,
          "der": 0.6362949911905361,
          "rpg": 3.808641975308642,
          "rag": 4.345679012345679,
          "w": 71
        },
        "nexgen-long-run-2026": {
          "l": 182,
          "g": 324,
          "r": 1225,
          "ra": 1397,
          "lob": 2253,
          "opp_pa": 12453,
          "opp_h": 2763,
          "opp_bb": 992,
          "opp_so": 2967,
          "opp_hbp": 147,
          "opp_hr": 395,
          "opp_roe": 81,
          "der": 0.642354124748491,
          "rpg": 3.7808641975308643,
          "rag": 4.311728395061729,
          "w": 142
        }
      },
      "totals": {
        "l": 273,
        "g": 486,
        "r": 1842,
        "ra": 2101,
        "lob": 3415,
        "opp_pa": 18665,
        "opp_h": 4165,
        "opp_bb": 1501,
        "opp_so": 4438,
        "opp_hbp": 216,
        "opp_hr": 585,
        "opp_roe": 124,
        "der": 1.278649115939027,
        "rpg": 7.589506172839506,
        "rag": 8.657407407407408,
        "w": 213
      }
    },
    "CHI": {
      "seasons": {
        "nexgen-long-run-2025": {
          "l": 88,
          "g": 162,
          "r": 674,
          "ra": 714,
          "lob": 1171,
          "opp_pa": 6351,
          "opp_h": 1430,
          "opp_bb": 542,
          "opp_so": 1437,
          "opp_hbp": 75,
          "opp_hr": 213,
          "opp_roe": 39,
          "der": 0.6403036238981391,
          "rpg": 4.160493827160494,
          "rag": 4.407407407407407,
          "w": 74
        },
        "nexgen-long-run-2026": {
          "l": 181,
          "g": 324,
          "r": 1272,
          "ra": 1439,
          "lob": 2284,
          "opp_pa": 12514,
          "opp_h": 2782,
          "opp_bb": 1028,
          "opp_so": 2876,
          "opp_hbp": 146,
          "opp_hr": 430,
          "opp_roe": 79,
          "der": 0.6438884739855614,
          "rpg": 3.925925925925926,
          "rag": 4.441358024691358,
          "w": 143
        }
      },
      "totals": {
        "l": 269,
        "g": 486,
        "r": 1946,
        "ra": 2153,
        "lob": 3455,
        "opp_pa": 18865,
        "opp_h": 4212,
        "opp_bb": 1570,
        "opp_so": 4313,
        "opp_hbp": 221,
        "opp_hr": 643,
        "opp_roe": 118,
        "der": 1.2841920978837005,
        "rpg": 8.08641975308642,
        "rag": 8.848765432098766,
        "w": 217
      }
    },
    "SAN": {
      "seasons": {
        "nexgen-long-run-2025": {
          "w": 90,
          "g": 162,
          "r": 736,
          "ra": 662,
          "lob": 1120,
          "opp_pa": 6165,
          "opp_h": 1325,
          "opp_bb": 506,
          "opp_so": 1477,
          "opp_hbp": 59,
          "opp_hr": 202,
          "opp_roe": 38,
          "der": 0.6523845957663861,
          "rpg": 4.54320987654321,
          "rag": 4.08641975308642,
          "l": 72
        },
        "nexgen-long-run-2026": {
          "w": 174,
          "g": 324,
          "r": 1458,
          "ra": 1342,
          "lob": 2236,
          "opp_pa": 12347,
          "opp_h": 2651,
          "opp_bb": 1023,
          "opp_so": 2870,
          "opp_hbp": 137,
          "opp_hr": 398,
          "opp_roe": 78,
          "der": 0.6553857810329586,
          "rpg": 4.5,
          "rag": 4.1419753086419755,
          "l": 150
        }
      },
      "totals": {
        "w": 264,
        "g": 486,
        "r": 2194,
        "ra": 2004,
        "lob": 3356,
        "opp_pa": 18512,
        "opp_h": 3976,
        "opp_bb": 1529,
        "opp_so": 4347,
        "opp_hbp": 196,
        "opp_hr": 600,
        "opp_roe": 116,
        "der": 1.3077703767993447,
        "rpg": 9.043209876543209,
        "rag": 8.228395061728396,
        "l": 222
      }
    },
    "LAS": {
      "seasons": {
        "nexgen-long-run-2025": {
          "l": 85,
          "g": 162,
          "r": 662,
          "ra": 710,
          "lob": 1180,
          "opp_pa": 6264,
          "opp_h": 1373,
          "opp_bb": 528,
          "opp_so": 1495,
          "opp_hbp": 78,
          "opp_hr": 212,
          "opp_roe": 55,
          "der": 0.6385725132877753,
          "rpg": 4.08641975308642,
          "rag": 4.382716049382716,
          "w": 77
        },
        "nexgen-long-run-2026": {
          "l": 173,
          "g": 324,
          "r": 1305,
          "ra": 1457,
          "lob": 2287,
          "opp_pa": 12505,
          "opp_h": 2766,
          "opp_bb": 1021,
          "opp_so": 2978,
          "opp_hbp": 169,
          "opp_hr": 435,
          "opp_roe": 96,
          "der": 0.6378132118451025,
          "rpg": 4.027777777777778,
          "rag": 4.496913580246914,
          "w": 151
        }
      },
      "totals": {
        "l": 258,
        "g": 486,
        "r": 1967,
        "ra": 2167,
        "lob": 3467,
        "opp_pa": 18769,
        "opp_h": 4139,
        "opp_bb": 1549,
        "opp_so": 4473,
        "opp_hbp": 247,
        "opp_hr": 647,
        "opp_roe": 151,
        "der": 1.2763857251328778,
        "rpg": 8.114197530864198,
        "rag": 8.87962962962963,
        "w": 228
      }
    },
    "LOU": {
      "seasons": {
        "nexgen-long-run-2025": {
          "w": 79,
          "g": 162,
          "r": 699,
          "ra": 695,
          "lob": 1154,
          "opp_pa": 6185,
          "opp_h": 1352,
          "opp_bb": 519,
          "opp_so": 1452,
          "opp_hbp": 72,
          "opp_hr": 191,
          "opp_roe": 31,
          "der": 0.6499620349278663,
          "rpg": 4.314814814814815,
          "rag": 4.290123456790123,
          "l": 83
        },
        "nexgen-long-run-2026": {
          "w": 163,
          "g": 324,
          "r": 1391,
          "ra": 1358,
          "lob": 2203,
          "opp_pa": 12318,
          "opp_h": 2724,
          "opp_bb": 976,
          "opp_so": 2924,
          "opp_hbp": 154,
          "opp_hr": 410,
          "opp_roe": 76,
          "der": 0.64349376114082,
          "rpg": 4.29320987654321,
          "rag": 4.191358024691358,
          "l": 161
        }
      },
      "totals": {
        "w": 242,
        "g": 486,
        "r": 2090,
        "ra": 2053,
        "lob": 3357,
        "opp_pa": 18503,
        "opp_h": 4076,
        "opp_bb": 1495,