{
  "metrics": {
    "pitches_per_pa": 3.9277021617293837,
    "avg": 0.24490801363913342,
    "obp": 0.32090077410274453,
    "slg": 0.37228870363407707,
    "ops": 0.6931894777368216,
    "iso": 0.12738068999494365,
    "babip": 0.3040819610577697,
    "k_pct": 0.22810248198558847,
    "bb_pct": 0.08863090472377902,
    "k_minus_bb_pct": 0.13947157726180945,
    "swing_pct": 0.4874854032772373,
    "z_swing_pct": 0.6450144546044956,
    "o_swing_pct": 0.3256909436501659,
    "contact_pct": 0.8155876273879643,
    "z_contact_pct": 0.8888601774958121,
    "o_contact_pct": 0.6665458368071918,
    "first_pitch_strike_pct": 0.6266270158984331,
    "zone_pct": 0.5066788196820609,
    "pitches_put_in_play_pct": 0.16799117062076477,
    "bip_gb_pct": 0.38781028983497434,
    "bip_ld_pct": 0.2165441686312578,
    "bip_fb_pct": 0.39564554153376785,
    "hr_per_fb_pct": 0.0762132189258105,
    "sb_pct": 0.6721438236999807,
    "sba_per_pa": 0.05916733386709368,
    "bip_double_play_pct": 0.025031202329773957,
    "called_third_strike_share_of_so": 0.2633505490648348
  },
  "mlb_deltas": {
    "pitches_per_pa": 0.06770216172938381,
    "avg": -9.198636086657497e-05,
    "obp": 0.007900774102744534,
    "slg": -0.019711296365922948,
    "ops": -0.011810522263178358,
    "iso": -0.03761931000505636,
    "babip": 0.013081961057769709,
    "k_pct": 0.008102481985588467,
    "bb_pct": 0.008630904723779018,
    "k_minus_bb_pct": -0.0005284227381905648,
    "swing_pct": 0.0174854032772373,
    "z_swing_pct": -0.004985545395504443,
    "o_swing_pct": 0.0056909436501658694,
    "contact_pct": 0.0555876273879643,
    "z_contact_pct": 0.06886017749581219,
    "o_contact_pct": 0.04654583680719182,
    "first_pitch_strike_pct": 0.026627015898433082,
    "zone_pct": 0.016678819682060864,
    "pitches_put_in_play_pct": -0.007008829379235221,
    "bip_gb_pct": -0.05218971016502566,
    "bip_ld_pct": 0.006544168631257813,
    "bip_fb_pct": 0.045645541533767875,
    "hr_per_fb_pct": -0.033786781074189504,
    "sb_pct": -0.10785617630001931,
    "sba_per_pa": 0.009167333867093674,
    "bip_double_play_pct": -0.0029687976702260435,
    "called_third_strike_share_of_so": 0.033350549064834784
  },
  "flags": [
    {
      "metric": "pitches_per_pa",
      "delta": 0.06770216172938381,
      "tolerance": 0.05
    },
    {
      "metric": "hr_per_fb_pct",
      "delta": -0.033786781074189504,
      "tolerance": 0.02
    },
    {
      "metric": "sb_pct",
      "delta": -0.10785617630001931,
      "tolerance": 0.05
    }
  ],
  "leaders": {
    "batting": {
      "avg": [
        {
          "player_id": "P6878",
          "name": "Carlos Lopez",
          "team_id": "LAS",
          "value": 0.384012539184953
        },
        {
          "player_id": "P2346",
          "name": "Carlos Rodriguez",
          "team_id": "OKL",
          "value": 0.3623417721518987
        },
        {
          "player_id": "P7268",
          "name": "Fernando Guerrero",
          "team_id": "DET",
          "value": 0.3523809523809524
        }
      ],
      "hr": [
        {
          "player_id": "P2346",
          "name": "Carlos Rodriguez",
          "team_id": "OKL",
          "value": 62.0
        },
        {
          "player_id": "P6878",
          "name": "Carlos Lopez",
          "team_id": "LAS",
          "value": 54.0
        },
        {
          "player_id": "P7268",
          "name": "Fernando Guerrero",
          "team_id": "DET",
          "value": 44.0
        }
      ],
      "rbi": [
        {
          "player_id": "P2346",
          "name": "Carlos Rodriguez",
          "team_id": "OKL",
          "value": 158.0
        },
        {
          "player_id": "P6878",
          "name": "Carlos Lopez",
          "team_id": "LAS",
          "value": 136.0
        },
        {
          "player_id": "P4364",
          "name": "Hector Hernandez",
          "team_id": "DEN",
          "value": 135.0
        }
      ],
      "sb": [
        {
          "player_id": "P9759",
          "name": "Douglas Topal",
          "team_id": "POR",
          "value": 54.0
        },
        {
          "player_id": "P1636",
          "name": "Yong Kim",
          "team_id": "POR",
          "value": 52.0
        },
        {
          "player_id": "P6752",
          "name": "Juan Cruz",
          "team_id": "LOS",
          "value": 52.0
        }
      ],
      "ops": [
        {
          "player_id": "P6878",
          "name": "Carlos Lopez",
          "team_id": "LAS",
          "value": 1.1966559254654034
        },
        {
          "player_id": "P2346",
          "name": "Carlos Rodriguez",
          "team_id": "OKL",
          "value": 1.1952028494253482
        },
        {
          "player_id": "P7268",
          "name": "Fernando Guerrero",
          "team_id": "DET",
          "value": 1.0940242763772174
        }
      ]
    },
    "pitching": {
      "era": [
        {
          "player_id": "D20530059",
          "name": "Ernesto Segel",
          "team_id": "OKL",
          "value": 1.9467084639498433
        },
        {
          "player_id": "D20440195",
          "name": "Manuel Ortiz",
          "team_id": "DET",
          "value": 1.9580152671755726
        },
        {
          "player_id": "P7701",
          "name": "Deshawn Robinson",
          "team_id": "SAN",
          "value": 2.170854271356784
        }
      ],
      "so": [
        {
          "player_id": "P6665",
          "name": "Elliot Mayhall",
          "team_id": "LOS",
          "value": 256.0
        },
        {
          "player_id": "D20530059",
          "name": "Ernesto Segel",
          "team_id": "OKL",
          "value": 233.0
        },
        {
          "player_id": "P10126",
          "name": "Ernesto Segel",
          "team_id": "NEW",
          "value": 228.0
        }
      ],
      "wins": [
        {
          "player_id": "P9290",
          "name": "Pedro Lopez",
          "team_id": "OKL",
          "value": 17.0
        },
        {
          "player_id": "D20450014",
          "name": "Tyron Hogsett",
          "team_id": "OKL",
          "value": 17.0
        },
        {
          "player_id": "P7701",
          "name": "Deshawn Robinson",
          "team_id": "SAN",
          "value": 16.0
        }
      ],
      "saves": [
        {
          "player_id": "P7589",
          "name": "Brenton Jaremka",
          "team_id": "NAS",
          "value": 25.0
        },
        {
          "player_id": "D20520003",
          "name": "Wally Toher",
          "team_id": "DEN",
          "value": 23.0
        },
        {
          "player_id": "P4393",
          "name": "Damien Wooden",
          "team_id": "BOS",
          "value": 21.0
        }
      ]
    }
  },
  "year": 2063,
  "season_id": "nexgen-long-run-2063",
  "champion": "LAS",
  "runner_up": "OKL"
}