{
  "metrics": {
    "pitches_per_pa": 3.913814090531609,
    "avg": 0.2465575540955785,
    "obp": 0.3208231472873555,
    "slg": 0.37582123709484566,
    "ops": 0.6966443843822012,
    "iso": 0.12926368299926716,
    "babip": 0.3034706546275395,
    "k_pct": 0.22388314392000272,
    "bb_pct": 0.08741453647770839,
    "k_minus_bb_pct": 0.13646860744229436,
    "swing_pct": 0.4880942692043856,
    "z_swing_pct": 0.6456916617224225,
    "o_swing_pct": 0.32438902979590867,
    "contact_pct": 0.8206607829825753,
    "z_contact_pct": 0.8917584068138044,
    "o_contact_pct": 0.6736572890025575,
    "first_pitch_strike_pct": 0.6251663765741784,
    "zone_pct": 0.5095048192631004,
    "pitches_put_in_play_pct": 0.17008103803090374,
    "bip_gb_pct": 0.39103462419250096,
    "bip_ld_pct": 0.21348737054380149,
    "bip_fb_pct": 0.3954780052636976,
    "hr_per_fb_pct": 0.07841497411389885,
    "sb_pct": 0.6510750660128254,
    "sba_per_pa": 0.06031648521665927,
    "bip_double_play_pct": 0.025036743343473358,
    "called_third_strike_share_of_so": 0.27179878048780487
  },
  "mlb_deltas": {
    "pitches_per_pa": 0.053814090531608905,
    "avg": 0.001557554095578506,
    "obp": 0.007823147287355503,
    "slg": -0.016178762905154354,
    "ops": -0.00835561561779874,
    "iso": -0.03573631700073285,
    "babip": 0.012470654627539546,
    "k_pct": 0.0038831439200027185,
    "bb_pct": 0.007414536477708386,
    "k_minus_bb_pct": -0.0035313925577056537,
    "swing_pct": 0.018094269204385616,
    "z_swing_pct": -0.004308338277577484,
    "o_swing_pct": 0.004389029795908661,
    "contact_pct": 0.06066078298257527,
    "z_contact_pct": 0.07175840681380441,
    "o_contact_pct": 0.05365728900255751,
    "first_pitch_strike_pct": 0.025166376574178417,
    "zone_pct": 0.019504819263100437,
    "pitches_put_in_play_pct": -0.004918961969096247,
    "bip_gb_pct": -0.048965375807499045,
    "bip_ld_pct": 0.0034873705438014935,
    "bip_fb_pct": 0.04547800526369761,
    "hr_per_fb_pct": -0.031585025886101153,
    "sb_pct": -0.12892493398717464,
    "sba_per_pa": 0.010316485216659267,
    "bip_double_play_pct": -0.002963256656526643,
    "called_third_strike_share_of_so": 0.04179878048780486
  },
  "flags": [
    {
      "metric": "pitches_per_pa",
      "delta": 0.053814090531608905,
      "tolerance": 0.05
    },
    {
      "metric": "hr_per_fb_pct",
      "delta": -0.031585025886101153,
      "tolerance": 0.02
    },
    {
      "metric": "sb_pct",
      "delta": -0.12892493398717464,
      "tolerance": 0.05
    },
    {
      "metric": "sba_per_pa",
      "delta": 0.010316485216659267,
      "tolerance": 0.01
    }
  ],
  "leaders": {
    "batting": {
      "avg": [
        {
          "player_id": "P4364",
          "name": "Hector Hernandez",
          "team_id": "SAN1",
          "value": 0.32909379968203495
        },
        {
          "player_id": "P10025",
          "name": "Joan Lupiani",
          "team_id": "LOS",
          "value": 0.32087227414330216
        },
        {
          "player_id": "P8760",
          "name": "Sung Choi",
          "team_id": "DEN",
          "value": 0.31596091205211724
        }
      ],
      "hr": [
        {
          "player_id": "P3473",
          "name": "Nigel Wohlschlegel",
          "team_id": "DEN",
          "value": 42.0
        },
        {
          "player_id": "P10025",
          "name": "Joan Lupiani",
          "team_id": "LOS",
          "value": 40.0
        },
        {
          "player_id": "P2192",
          "name": "Xavier King",
          "team_id": "POR",
          "value": 39.0
        }
      ],
      "rbi": [
        {
          "player_id": "P8760",
          "name": "Sung Choi",
          "team_id": "DEN",
          "value": 123.0
        },
        {
          "player_id": "P7268",
          "name": "Fernando Guerrero",
          "team_id": "DET",
          "value": 116.0
        },
        {
          "player_id": "P9114",
          "name": "Antonio Diaz",
          "team_id": "NAS",
          "value": 111.0
        }
      ],
      "sb": [
        {
          "player_id": "P3440",
          "name": "Fernando Garcia",
          "team_id": "NEW",
          "value": 65.0
        },
        {
          "player_id": "P9759",
          "name": "Douglas Topal",
          "team_id": "LAS",
          "value": 57.0
        },
        {
          "player_id": "P4857",
          "name": "Marcos Hickinbotham",
          "team_id": "WAS",
          "value": 57.0
        }
      ],
      "ops": [
        {
          "player_id": "P7268",
          "name": "Fernando Guerrero",
          "team_id": "DET",
          "value": 0.9702518921475876
        },
        {
          "player_id": "P10025",
          "name": "Joan Lupiani",
          "team_id": "LOS",
          "value": 0.9684579439252337
        },
        {
          "player_id": "P4364",
          "name": "Hector Hernandez",
          "team_id": "SAN1",
          "value": 0.9675599969717616
        }
      ]
    },
    "pitching": {
      "era": [
        {
          "player_id": "D20430148",
          "name": "Felton Ginnery",
          "team_id": "JAC",
          "value": 2.3055028462998104
        },
        {
          "player_id": "D20300060",
          "name": "Dwayne Mikolon",
          "team_id": "SAN1",
          "value": 2.3736263736263736
        },
        {
          "player_id": "D20270145",
          "name": "Ben Lafoe",
          "team_id": "NEW",
          "value": 2.451008645533141
        }
      ],
      "so": [
        {
          "player_id": "P4515",
          "name": "Mckinley Fariello",
          "team_id": "SAN1",
          "value": 251.0
        },
        {
          "player_id": "P6522",
          "name": "Antonio Cruz",
          "team_id": "OKL",
          "value": 235.0
        },
        {
          "player_id": "D20270145",
          "name": "Ben Lafoe",
          "team_id": "NEW",
          "value": 231.0
        }
      ],
      "wins": [
        {
          "player_id": "D20290072",
          "name": "Mitchell Gaumond",
          "team_id": "NAS",
          "value": 18.0
        },
        {
          "player_id": "P10188",
          "name": "Rafael Ramirez",
          "team_id": "JAC",
          "value": 17.0
        },
        {
          "player_id": "P5994",
          "name": "Jorge Perez",
          "team_id": "DET",
          "value": 16.0
        }
      ],
      "saves": [
        {
          "player_id": "P6034",
          "name": "Ronny Kerksiek",
          "team_id": "DEN",
          "value": 36.0
        },
        {
          "player_id": "P3412",
          "name": "Luis Ramos",
          "team_id": "DET",
          "value": 36.0
        },
        {
          "player_id": "P10100",
          "name": "Miguel Mendoza",
          "team_id": "JAC",
          "value": 27.0
        }
      ]
    }
  },
  "year": 2047,
  "season_id": "nexgen-long-run-2047",
  "champion": "BOS",
  "runner_up": "NAS"
}