{
  "metrics": {
    "pitches_per_pa": 3.9247935855356553,
    "avg": 0.24695212034788863,
    "obp": 0.32124399830405537,
    "slg": 0.3739674464613764,
    "ops": 0.6952114447654318,
    "iso": 0.1270153261134878,
    "babip": 0.3078896615177734,
    "k_pct": 0.22846986405605843,
    "bb_pct": 0.087585603797799,
    "k_minus_bb_pct": 0.14088426025825943,
    "swing_pct": 0.4895307047242044,
    "z_swing_pct": 0.6460494971260283,
    "o_swing_pct": 0.32729694212489613,
    "contact_pct": 0.8173526508367175,
    "z_contact_pct": 0.8896007321816726,
    "o_contact_pct": 0.6695354699315809,
    "first_pitch_strike_pct": 0.6285334635608908,
    "zone_pct": 0.5089645872759576,
    "pitches_put_in_play_pct": 0.16829869611264475,
    "bip_gb_pct": 0.3917229758773061,
    "bip_ld_pct": 0.21344199721462837,
    "bip_fb_pct": 0.39483502690806555,
    "hr_per_fb_pct": 0.07350923908658114,
    "sb_pct": 0.6641221374045801,
    "sba_per_pa": 0.06099873936695779,
    "bip_double_play_pct": 0.023005106514674783,
    "called_third_strike_share_of_so": 0.26664015509270766
  },
  "mlb_deltas": {
    "pitches_per_pa": 0.0647935855356554,
    "avg": 0.0019521203478886362,
    "obp": 0.008243998304055367,
    "slg": -0.018032553538623597,
    "ops": -0.00978855523456812,
    "iso": -0.03798467388651222,
    "babip": 0.016889661517773435,
    "k_pct": 0.00846986405605843,
    "bb_pct": 0.007585603797799004,
    "k_minus_bb_pct": 0.0008842602582594117,
    "swing_pct": 0.01953070472420443,
    "z_swing_pct": -0.003950502873971695,
    "o_swing_pct": 0.007296942124896122,
    "contact_pct": 0.05735265083671748,
    "z_contact_pct": 0.06960073218167262,
    "o_contact_pct": 0.04953546993158087,
    "first_pitch_strike_pct": 0.028533463560890815,
    "zone_pct": 0.018964587275957623,
    "pitches_put_in_play_pct": -0.006701303887355237,
    "bip_gb_pct": -0.04827702412269391,
    "bip_ld_pct": 0.003441997214628373,
    "bip_fb_pct": 0.04483502690806557,
    "hr_per_fb_pct": -0.036490760913418865,
    "sb_pct": -0.11587786259541988,
    "sba_per_pa": 0.010998739366957784,
    "bip_double_play_pct": -0.004994893485325218,
    "called_third_strike_share_of_so": 0.036640155092707655
  },
  "flags": [
    {
      "metric": "pitches_per_pa",
      "delta": 0.0647935855356554,
      "tolerance": 0.05
    },
    {
      "metric": "babip",
      "delta": 0.016889661517773435,
      "tolerance": 0.015
    },
    {
      "metric": "hr_per_fb_pct",
      "delta": -0.036490760913418865,
      "tolerance": 0.02
    },
    {
      "metric": "sb_pct",
      "delta": -0.11587786259541988,
      "tolerance": 0.05
    },
    {
      "metric": "sba_per_pa",
      "delta": 0.010998739366957784,
      "tolerance": 0.01
    }
  ],
  "leaders": {
    "batting": {
      "avg": [
        {
          "player_id": "P7846",
          "name": "Rory Dash",
          "team_id": "MIL",
          "value": 0.3323076923076923
        },
        {
          "player_id": "P6169",
          "name": "Xavier White",
          "team_id": "DET",
          "value": 0.3225331369661267
        },
        {
          "player_id": "P10110",
          "name": "Nelson Batdorf",
          "team_id": "WAS",
          "value": 0.3130016051364366
        }
      ],
      "hr": [
        {
          "player_id": "P6169",
          "name": "Xavier White",
          "team_id": "DET",
          "value": 46.0
        },
        {
          "player_id": "P4571",
          "name": "Ronny Thurstonson",
          "team_id": "NAS",
          "value": 44.0
        },
        {
          "player_id": "P10025",
          "name": "Joan Lupiani",
          "team_id": "LAS",
          "value": 43.0
        }
      ],
      "rbi": [
        {
          "player_id": "P4571",
          "name": "Ronny Thurstonson",
          "team_id": "NAS",
          "value": 129.0
        },
        {
          "player_id": "P10025",
          "name": "Joan Lupiani",
          "team_id": "LAS",
          "value": 128.0
        },
        {
          "player_id": "P6169",
          "name": "Xavier White",
          "team_id": "DET",
          "value": 112.0
        }
      ],
      "sb": [
        {
          "player_id": "P4519",
          "name": "Sung Hassan",
          "team_id": "NAS",
          "value": 68.0
        },
        {
          "player_id": "P9332",
          "name": "Jacques Bustin",
          "team_id": "DEN",
          "value": 64.0
        },
        {
          "player_id": "P4740",
          "name": "Glen Temby",
          "team_id": "POR",
          "value": 64.0
        }
      ],
      "ops": [
        {
          "player_id": "P6169",
          "name": "Xavier White",
          "team_id": "DET",
          "value": 1.017911769518804
        },
        {
          "player_id": "P7846",
          "name": "Rory Dash",
          "team_id": "MIL",
          "value": 0.9997252747252747
        },
        {
          "player_id": "P8652",
          "name": "Pedro Rivera",
          "team_id": "LOS",
          "value": 0.9655100494598575
        }
      ]
    },
    "pitching": {
      "era": [
        {
          "player_id": "D20300100",
          "name": "Sung Pham",
          "team_id": "NAS",
          "value": 2.158081705150977
        },
        {
          "player_id": "P3917",
          "name": "Cedric White",
          "team_id": "OKL",
          "value": 2.353846153846154
        },
        {
          "player_id": "P6665",
          "name": "Elliot Mayhall",
          "team_id": "POR",
          "value": 2.469184890656064
        }
      ],
      "so": [
        {
          "player_id": "D20330162",
          "name": "Antonio Ramos",
          "team_id": "NEW",
          "value": 226.0
        },
        {
          "player_id": "P10111",
          "name": "Dewayne Kuhr",
          "team_id": "BOS",
          "value": 225.0
        },
        {
          "player_id": "D20330026",
          "name": "Jorge Ramos",
          "team_id": "JAC",
          "value": 219.0
        }
      ],
      "wins": [
        {
          "player_id": "D20330128",
          "name": "Hiram Degravelle",
          "team_id": "MIL",
          "value": 22.0
        },
        {
          "player_id": "D20350160",
          "name": "Ricardo Sanchez",
          "team_id": "WAS",
          "value": 17.0
        },
        {
          "player_id": "D20370059",
          "name": "Jamal King",
          "team_id": "SAN",
          "value": 17.0
        }
      ],
      "saves": [
        {
          "player_id": "D20300060",
          "name": "Dwayne Mikolon",
          "team_id": "SAN1",
          "value": 25.0
        },
        {
          "player_id": "P8873",
          "name": "Leonardo Dearinger",
          "team_id": "MIL",
          "value": 22.0
        },
        {
          "player_id": "P1309",
          "name": "Pedro Flores",
          "team_id": "BOS",
          "value": 21.0
        }
      ]
    }
  },
  "year": 2052,
  "season_id": "nexgen-long-run-2052",
  "champion": "LAS",
  "runner_up": "MIL"
}