{
  "metrics": {
    "pitches_per_pa": 3.8995728948999977,
    "avg": 0.2454604409857328,
    "obp": 0.3193941008210675,
    "slg": 0.38076523994811934,
    "ops": 0.7001593407691868,
    "iso": 0.13530479896238654,
    "babip": 0.298238165994481,
    "k_pct": 0.21928172862752301,
    "bb_pct": 0.08637396955153964,
    "k_minus_bb_pct": 0.13290775907598337,
    "swing_pct": 0.4887809330330198,
    "z_swing_pct": 0.6444301642988641,
    "o_swing_pct": 0.32770158946983724,
    "contact_pct": 0.8269884104763511,
    "z_contact_pct": 0.8983515249517136,
    "o_contact_pct": 0.6817558549829058,
    "first_pitch_strike_pct": 0.6258926726216446,
    "zone_pct": 0.5085721856644437,
    "pitches_put_in_play_pct": 0.17206495016855836,
    "bip_gb_pct": 0.39308020054413856,
    "bip_ld_pct": 0.21298403518078063,
    "bip_fb_pct": 0.39393576427508087,
    "hr_per_fb_pct": 0.082313548850002,
    "sb_pct": 0.6625,
    "sba_per_pa": 0.05878435784977841,
    "bip_double_play_pct": 0.02433223250799952,
    "called_third_strike_share_of_so": 0.2765589821456621
  },
  "mlb_deltas": {
    "pitches_per_pa": 0.039572894899997824,
    "avg": 0.00046044098573280734,
    "obp": 0.0063941008210675054,
    "slg": -0.011234760051880677,
    "ops": -0.004840659230813116,
    "iso": -0.029695201037613472,
    "babip": 0.007238165994481016,
    "k_pct": -0.0007182713724769862,
    "bb_pct": 0.0063739695515396405,
    "k_minus_bb_pct": -0.007092240924016641,
    "swing_pct": 0.01878093303301981,
    "z_swing_pct": -0.0055698357011358945,
    "o_swing_pct": 0.007701589469837233,
    "contact_pct": 0.06698841047635107,
    "z_contact_pct": 0.0783515249517136,
    "o_contact_pct": 0.06175585498290581,
    "first_pitch_strike_pct": 0.02589267262164463,
    "zone_pct": 0.01857218566444374,
    "pitches_put_in_play_pct": -0.002935049831441633,
    "bip_gb_pct": -0.046919799455861444,
    "bip_ld_pct": 0.0029840351807806365,
    "bip_fb_pct": 0.04393576427508089,
    "hr_per_fb_pct": -0.027686451149998,
    "sb_pct": -0.11750000000000005,
    "sba_per_pa": 0.008784357849778407,
    "bip_double_play_pct": -0.003667767492000481,
    "called_third_strike_share_of_so": 0.04655898214566209
  },
  "flags": [
    {
      "metric": "hr_per_fb_pct",
      "delta": -0.027686451149998,
      "tolerance": 0.02
    },
    {
      "metric": "sb_pct",
      "delta": -0.11750000000000005,
      "tolerance": 0.05
    }
  ],
  "leaders": {
    "batting": {
      "avg": [
        {
          "player_id": "P9114",
          "name": "Antonio Diaz",
          "team_id": "NAS",
          "value": 0.32230215827338127
        },
        {
          "player_id": "P7268",
          "name": "Fernando Guerrero",
          "team_id": "JAC",
          "value": 0.3153846153846154
        },
        {
          "player_id": "P2111",
          "name": "Basil Montore",
          "team_id": "OKL",
          "value": 0.31017770597738287
        }
      ],
      "hr": [
        {
          "player_id": "P9114",
          "name": "Antonio Diaz",
          "team_id": "NAS",
          "value": 46.0
        },
        {
          "player_id": "P7268",
          "name": "Fernando Guerrero",
          "team_id": "JAC",
          "value": 39.0
        },
        {
          "player_id": "P6169",
          "name": "Xavier White",
          "team_id": "OKL",
          "value": 39.0
        }
      ],
      "rbi": [
        {
          "player_id": "P6257",
          "name": "Johnathan Claes",
          "team_id": "JAC",
          "value": 114.0
        },
        {
          "player_id": "P9114",
          "name": "Antonio Diaz",
          "team_id": "NAS",
          "value": 113.0
        },
        {
          "player_id": "P5793",
          "name": "Alejandro Hernandez",
          "team_id": "SAN",
          "value": 113.0
        }
      ],
      "sb": [
        {
          "player_id": "P2307",
          "name": "Roberto Martinez",
          "team_id": "SAN",
          "value": 67.0
        },
        {
          "player_id": "P2359",
          "name": "Jerrold Eppes",
          "team_id": "MIL",
          "value": 67.0
        },
        {
          "player_id": "P3824",
          "name": "Kenton Meck",
          "team_id": "LOS",
          "value": 60.0
        }
      ],
      "ops": [
        {
          "player_id": "P9114",
          "name": "Antonio Diaz",
          "team_id": "NAS",
          "value": 0.970592813348266
        },
        {
          "player_id": "P7268",
          "name": "Fernando Guerrero",
          "team_id": "JAC",
          "value": 0.9492971179763632
        },
        {
          "player_id": "P2111",
          "name": "Basil Montore",
          "team_id": "OKL",
          "value": 0.9491656276862732
        }
      ]
    },
    "pitching": {
      "era": [
        {
          "player_id": "P8204",
          "name": "Miguel Vargas",
          "team_id": "NAS",
          "value": 2.1826347305389224
        },
        {
          "player_id": "P8079",
          "name": "Xavier Washington",
          "team_id": "WAS",
          "value": 2.3426470588235295
        },
        {
          "player_id": "P6776",
          "name": "Omar Roddey",
          "team_id": "NEW",
          "value": 2.6
        }
      ],
      "so": [
        {
          "player_id": "P8381",
          "name": "Lane Ominelli",
          "team_id": "MIL",
          "value": 228.0
        },
        {
          "player_id": "P8079",
          "name": "Xavier Washington",
          "team_id": "WAS",
          "value": 223.0
        },
        {
          "player_id": "P3531",
          "name": "Jose Reyes",
          "team_id": "JAC",
          "value": 222.0
        }
      ],
      "wins": [
        {
          "player_id": "P8204",
          "name": "Miguel Vargas",
          "team_id": "NAS",
          "value": 21.0
        },
        {
          "player_id": "P9702",
          "name": "Deshawn Jackson",
          "team_id": "POR",
          "value": 17.0
        },
        {
          "player_id": "P6004",
          "name": "Darnell King",
          "team_id": "JAC",
          "value": 16.0
        }
      ],
      "saves": [
        {
          "player_id": "P6557",
          "name": "Hector Vasquez",
          "team_id": "BOS",
          "value": 49.0
        },
        {
          "player_id": "P9353",
          "name": "Cedric Harris",
          "team_id": "WAS",
          "value": 43.0
        },
        {
          "player_id": "P7238",
          "name": "Jermaine Mitchell",
          "team_id": "NEW",
          "value": 43.0
        }
      ]
    }
  },
  "year": 2037,
  "season_id": "nexgen-long-run-2037",
  "champion": "DEN",
  "runner_up": "NAS"
}