{
  "metrics": {
    "pitches_per_pa": 3.8924357689504374,
    "avg": 0.2455636911119404,
    "obp": 0.31934413429631076,
    "slg": 0.37204514161444324,
    "ops": 0.691389275910754,
    "iso": 0.12648145050250284,
    "babip": 0.30520617736029293,
    "k_pct": 0.2278038447521866,
    "bb_pct": 0.08580083819241982,
    "k_minus_bb_pct": 0.14200300655976678,
    "swing_pct": 0.4883158224274182,
    "z_swing_pct": 0.6427303283633543,
    "o_swing_pct": 0.3280991045772675,
    "contact_pct": 0.8170880766926303,
    "z_contact_pct": 0.8914485446613746,
    "o_contact_pct": 0.6659459263027836,
    "first_pitch_strike_pct": 0.6284734876093294,
    "zone_pct": 0.509220654969323,
    "pitches_put_in_play_pct": 0.17026101051239514,
    "bip_gb_pct": 0.3922808585225027,
    "bip_ld_pct": 0.20820373584451737,
    "bip_fb_pct": 0.39951540563297994,
    "hr_per_fb_pct": 0.07296941664340684,
    "sb_pct": 0.6818355640535373,
    "sba_per_pa": 0.05956177113702624,
    "bip_double_play_pct": 0.024831165260426512,
    "called_third_strike_share_of_so": 0.26670999350097485
  },
  "mlb_deltas": {
    "pitches_per_pa": 0.03243576895043754,
    "avg": 0.0005636911119404064,
    "obp": 0.006344134296310755,
    "slg": -0.019954858385556773,
    "ops": -0.013610724089245907,
    "iso": -0.03851854949749717,
    "babip": 0.014206177360292949,
    "k_pct": 0.007803844752186595,
    "bb_pct": 0.005800838192419819,
    "k_minus_bb_pct": 0.0020030065597667623,
    "swing_pct": 0.01831582242741825,
    "z_swing_pct": -0.007269671636645714,
    "o_swing_pct": 0.00809910457726748,
    "contact_pct": 0.057088076692630274,
    "z_contact_pct": 0.07144854466137462,
    "o_contact_pct": 0.0459459263027836,
    "first_pitch_strike_pct": 0.02847348760932944,
    "zone_pct": 0.019220654969323014,
    "pitches_put_in_play_pct": -0.004738989487604844,
    "bip_gb_pct": -0.047719141477497284,
    "bip_ld_pct": -0.0017962641554826186,
    "bip_fb_pct": 0.04951540563297996,
    "hr_per_fb_pct": -0.037030583356593164,
    "sb_pct": -0.09816443594646274,
    "sba_per_pa": 0.009561771137026234,
    "bip_double_play_pct": -0.003168834739573488,
    "called_third_strike_share_of_so": 0.03670999350097484
  },
  "flags": [
    {
      "metric": "hr_per_fb_pct",
      "delta": -0.037030583356593164,
      "tolerance": 0.02
    },
    {
      "metric": "sb_pct",
      "delta": -0.09816443594646274,
      "tolerance": 0.05
    }
  ],
  "leaders": {
    "batting": {
      "avg": [
        {
          "player_id": "P7176",
          "name": "Deshawn Walker",
          "team_id": "BOS",
          "value": 0.34
        },
        {
          "player_id": "P10108",
          "name": "Manuel Ramos",
          "team_id": "NAS",
          "value": 0.33068362480127184
        },
        {
          "player_id": "P4364",
          "name": "Hector Hernandez",
          "team_id": "LOS",
          "value": 0.3210862619808307
        }
      ],
      "hr": [
        {
          "player_id": "P7176",
          "name": "Deshawn Walker",
          "team_id": "BOS",
          "value": 44.0
        },
        {
          "player_id": "P4364",
          "name": "Hector Hernandez",
          "team_id": "LOS",
          "value": 41.0
        },
        {
          "player_id": "P9114",
          "name": "Antonio Diaz",
          "team_id": "BOS",
          "value": 39.0
        }
      ],
      "rbi": [
        {
          "player_id": "P4364",
          "name": "Hector Hernandez",
          "team_id": "LOS",
          "value": 122.0
        },
        {
          "player_id": "P7176",
          "name": "Deshawn Walker",
          "team_id": "BOS",
          "value": 115.0
        },
        {
          "player_id": "P10108",
          "name": "Manuel Ramos",
          "team_id": "NAS",
          "value": 112.0
        }
      ],
      "sb": [
        {
          "player_id": "P4740",
          "name": "Glen Temby",
          "team_id": "WAS",
          "value": 76.0
        },
        {
          "player_id": "P4519",
          "name": "Sung Hassan",
          "team_id": "LOS",
          "value": 72.0
        },
        {
          "player_id": "P4857",
          "name": "Marcos Hickinbotham",
          "team_id": "BOS",
          "value": 68.0
        }
      ],
      "ops": [
        {
          "player_id": "P7176",
          "name": "Deshawn Walker",
          "team_id": "BOS",
          "value": 1.0246153846153847
        },
        {
          "player_id": "P4364",
          "name": "Hector Hernandez",
          "team_id": "LOS",
          "value": 0.9915170987351127
        },
        {
          "player_id": "P9114",
          "name": "Antonio Diaz",
          "team_id": "BOS",
          "value": 0.9724579479008197
        }
      ]
    },
    "pitching": {
      "era": [
        {
          "player_id": "P3490",
          "name": "Parker Lueck",
          "team_id": "OKL",
          "value": 2.330935251798561
        },
        {
          "player_id": "P10066",
          "name": "Andreas Blacksmith",
          "team_id": "MIL",
          "value": 2.336016096579477
        },
        {
          "player_id": "P5202",
          "name": "Ricardo Garcia",
          "team_id": "SAN",
          "value": 2.430868167202572
        }
      ],
      "so": [
        {
          "player_id": "P6170",
          "name": "Danilo Mckennan",
          "team_id": "DEN",
          "value": 258.0
        },
        {
          "player_id": "P9312",
          "name": "Alejandro Morales",
          "team_id": "NAS",
          "value": 235.0
        },
        {
          "player_id": "P3790",
          "name": "Eduardo Mendoza",
          "team_id": "WAS",
          "value": 228.0
        }
      ],
      "wins": [
        {
          "player_id": "P1748",
          "name": "Roberto Ortiz",
          "team_id": "NEW",
          "value": 19.0
        },
        {
          "player_id": "P10143",
          "name": "Scot Glock",
          "team_id": "SAN1",
          "value": 17.0
        },
        {
          "player_id": "P10155",
          "name": "Lyman Klepper",
          "team_id": "NEW",
          "value": 17.0
        }
      ],
      "saves": [
        {
          "player_id": "P6034",
          "name": "Ronny Kerksiek",
          "team_id": "DEN",
          "value": 38.0
        },
        {
          "player_id": "P7589",
          "name": "Brenton Jaremka",
          "team_id": "NAS",
          "value": 31.0
        },
        {
          "player_id": "P3256",
          "name": "Sung Kim",
          "team_id": "POR",
          "value": 25.0
        }
      ]
    }
  },
  "year": 2045,
  "season_id": "nexgen-long-run-2045",
  "champion": "NEW",
  "runner_up": "SAN1"
}