{
  "metrics": {
    "pitches_per_pa": 3.9180890103231856,
    "avg": 0.24401040655457618,
    "obp": 0.3191079422216069,
    "slg": 0.3683195485315627,
    "ops": 0.6874274907531696,
    "iso": 0.1243091419769865,
    "babip": 0.3045558411882319,
    "k_pct": 0.22933933899603307,
    "bb_pct": 0.08766133549781076,
    "k_minus_bb_pct": 0.14167800349822232,
    "swing_pct": 0.48817280225952436,
    "z_swing_pct": 0.6452023313523334,
    "o_swing_pct": 0.3253049287905086,
    "contact_pct": 0.8154264538879924,
    "z_contact_pct": 0.8879305750475209,
    "o_contact_pct": 0.6662768601081713,
    "first_pitch_strike_pct": 0.6260674722485796,
    "zone_pct": 0.5091253388265295,
    "pitches_put_in_play_pct": 0.168206765151272,
    "bip_gb_pct": 0.39279085500182137,
    "bip_ld_pct": 0.20772259709622024,
    "bip_fb_pct": 0.3994865479019584,
    "hr_per_fb_pct": 0.07219402143260012,
    "sb_pct": 0.6652276295133438,
    "sba_per_pa": 0.058257976747110536,
    "bip_double_play_pct": 0.02400735485437735,
    "called_third_strike_share_of_so": 0.26244952893674295
  },
  "mlb_deltas": {
    "pitches_per_pa": 0.0580890103231857,
    "avg": -0.0009895934454238198,
    "obp": 0.006107942221606877,
    "slg": -0.023680451468437336,
    "ops": -0.017572509246830403,
    "iso": -0.040690858023013504,
    "babip": 0.013555841188231943,
    "k_pct": 0.009339338996033064,
    "bb_pct": 0.007661335497810756,
    "k_minus_bb_pct": 0.001678003498222308,
    "swing_pct": 0.01817280225952439,
    "z_swing_pct": -0.00479766864766662,
    "o_swing_pct": 0.0053049287905085896,
    "contact_pct": 0.05542645388799239,
    "z_contact_pct": 0.06793057504752098,
    "o_contact_pct": 0.046276860108171336,
    "first_pitch_strike_pct": 0.026067472248579637,
    "zone_pct": 0.01912533882652956,
    "pitches_put_in_play_pct": -0.006793234848727986,
    "bip_gb_pct": -0.04720914499817863,
    "bip_ld_pct": -0.002277402903779757,
    "bip_fb_pct": 0.049486547901958444,
    "hr_per_fb_pct": -0.03780597856739988,
    "sb_pct": -0.11477237048665623,
    "sba_per_pa": 0.008257976747110533,
    "bip_double_play_pct": -0.003992645145622649,
    "called_third_strike_share_of_so": 0.03244952893674294
  },
  "flags": [
    {
      "metric": "pitches_per_pa",
      "delta": 0.0580890103231857,
      "tolerance": 0.05
    },
    {
      "metric": "hr_per_fb_pct",
      "delta": -0.03780597856739988,
      "tolerance": 0.02
    },
    {
      "metric": "sb_pct",
      "delta": -0.11477237048665623,
      "tolerance": 0.05
    }
  ],
  "leaders": {
    "batting": {
      "avg": [
        {
          "player_id": "P6169",
          "name": "Xavier White",
          "team_id": "WAS",
          "value": 0.3563748079877112
        },
        {
          "player_id": "P10003",
          "name": "Rafael Castillo",
          "team_id": "NAS",
          "value": 0.34554140127388533
        },
        {
          "player_id": "P7268",
          "name": "Fernando Guerrero",
          "team_id": "SAN1",
          "value": 0.3343558282208589
        }
      ],
      "hr": [
        {
          "player_id": "P7268",
          "name": "Fernando Guerrero",
          "team_id": "SAN1",
          "value": 48.0
        },
        {
          "player_id": "P10189",
          "name": "Wilford Demetriou",
          "team_id": "SAN",
          "value": 43.0
        },
        {
          "player_id": "P7784",
          "name": "Yong Tran",
          "team_id": "BOS",
          "value": 38.0
        }
      ],
      "rbi": [
        {
          "player_id": "P10189",
          "name": "Wilford Demetriou",
          "team_id": "SAN",
          "value": 120.0
        },
        {
          "player_id": "P6169",
          "name": "Xavier White",
          "team_id": "WAS",
          "value": 115.0
        },
        {
          "player_id": "P7784",
          "name": "Yong Tran",
          "team_id": "BOS",
          "value": 112.0
        }
      ],
      "sb": [
        {
          "player_id": "P4857",
          "name": "Marcos Hickinbotham",
          "team_id": "LOS",
          "value": 58.0
        },
        {
          "player_id": "P6525",
          "name": "Augustine Kittner",
          "team_id": "MIL",
          "value": 55.0
        },
        {
          "player_id": "P9536",
          "name": "Jermaine Harris",
          "team_id": "SAN1",
          "value": 54.0
        }
      ],
      "ops": [
        {
          "player_id": "P6169",
          "name": "Xavier White",
          "team_id": "WAS",
          "value": 1.0476190476190477
        },
        {
          "player_id": "P7268",
          "name": "Fernando Guerrero",
          "team_id": "SAN1",
          "value": 1.0375170415814587
        },
        {
          "player_id": "P10003",
          "name": "Rafael Castillo",
          "team_id": "NAS",
          "value": 1.0004371619356534
        }
      ]
    },
    "pitching": {
      "era": [
        {
          "player_id": "D20390032",
          "name": "Bryant Humpries",
          "team_id": "JAC",
          "value": 2.102076124567474
        },
        {
          "player_id": "D20440195",
          "name": "Manuel Ortiz",
          "team_id": "DET",
          "value": 2.182330827067669
        },
        {
          "player_id": "D20330128",
          "name": "Hiram Degravelle",
          "team_id": "MIL",
          "value": 2.358288770053476
        }
      ],
      "so": [
        {
          "player_id": "D20470120",
          "name": "Cedric Wright",
          "team_id": "SAN1",
          "value": 258.0
        },
        {
          "player_id": "D20490041",
          "name": "Damon Bossick",
          "team_id": "LAS",
          "value": 226.0
        },
        {
          "player_id": "P4543",
          "name": "Juan Gomez",
          "team_id": "DEN",
          "value": 218.0
        }
      ],
      "wins": [
        {
          "player_id": "D20350141",
          "name": "Otis Hurni",
          "team_id": "DEN",
          "value": 18.0
        },
        {
          "player_id": "D20390032",
          "name": "Bryant Humpries",
          "team_id": "JAC",
          "value": 18.0
        },
        {
          "player_id": "D20390047",
          "name": "Eduardo Rivera",
          "team_id": "OKL",
          "value": 17.0
        }
      ],
      "saves": [
        {
          "player_id": "P9127",
          "name": "Darwin Ophus",
          "team_id": "NAS",
          "value": 41.0
        },
        {
          "player_id": "P8204",
          "name": "Miguel Vargas",
          "team_id": "BOS",
          "value": 23.0
        },
        {
          "player_id": "D20390039",
          "name": "Jermaine Jackson",
          "team_id": "MIL",
          "value": 21.0
        }
      ]
    }
  },
  "year": 2054,
  "season_id": "nexgen-long-run-2054",
  "champion": "WAS",
  "runner_up": "OKL"
}