{
  "metrics": {
    "pitches_per_pa": 3.918174845747908,
    "avg": 0.2428182172051382,
    "obp": 0.31865847461542013,
    "slg": 0.3689113792656027,
    "ops": 0.6875698538810229,
    "iso": 0.1260931620604645,
    "babip": 0.3003291522106574,
    "k_pct": 0.22517943610700916,
    "bb_pct": 0.08860194374806828,
    "k_minus_bb_pct": 0.1365774923589409,
    "swing_pct": 0.4877906976744186,
    "z_swing_pct": 0.6439358214963483,
    "o_swing_pct": 0.3265455193301265,
    "contact_pct": 0.8195566629332599,
    "z_contact_pct": 0.8924214549806205,
    "o_contact_pct": 0.6711768236128539,
    "first_pitch_strike_pct": 0.6288334077406504,
    "zone_pct": 0.5080343578356901,
    "pitches_put_in_play_pct": 0.16913637957228,
    "bip_gb_pct": 0.3929731223657846,
    "bip_ld_pct": 0.2108754232018241,
    "bip_fb_pct": 0.39615145443239136,
    "hr_per_fb_pct": 0.07404715762273902,
    "sb_pct": 0.6680785521755872,
    "sba_per_pa": 0.05945717000354866,
    "bip_double_play_pct": 0.025443930076694536,
    "called_third_strike_share_of_so": 0.26750038127192316
  },
  "mlb_deltas": {
    "pitches_per_pa": 0.05817484574790832,
    "avg": -0.0021817827948618085,
    "obp": 0.005658474615420128,
    "slg": -0.023088620734397325,
    "ops": -0.017430146118977086,
    "iso": -0.038906837939535505,
    "babip": 0.009329152210657443,
    "k_pct": 0.005179436107009161,
    "bb_pct": 0.008601943748068275,
    "k_minus_bb_pct": -0.0034225076410591138,
    "swing_pct": 0.017790697674418654,
    "z_swing_pct": -0.006064178503651707,
    "o_swing_pct": 0.006545519330126481,
    "contact_pct": 0.059556662933259896,
    "z_contact_pct": 0.07242145498062058,
    "o_contact_pct": 0.05117682361285392,
    "first_pitch_strike_pct": 0.028833407740650463,
    "zone_pct": 0.018034357835690074,
    "pitches_put_in_play_pct": -0.005863620427719984,
    "bip_gb_pct": -0.047026877634215425,
    "bip_ld_pct": 0.0008754232018240993,
    "bip_fb_pct": 0.04615145443239138,
    "hr_per_fb_pct": -0.035952842377260985,
    "sb_pct": -0.11192144782441282,
    "sba_per_pa": 0.009457170003548655,
    "bip_double_play_pct": -0.0025560699233054644,
    "called_third_strike_share_of_so": 0.03750038127192315
  },
  "flags": [
    {
      "metric": "pitches_per_pa",
      "delta": 0.05817484574790832,
      "tolerance": 0.05
    },
    {
      "metric": "hr_per_fb_pct",
      "delta": -0.035952842377260985,
      "tolerance": 0.02
    },
    {
      "metric": "sb_pct",
      "delta": -0.11192144782441282,
      "tolerance": 0.05
    }
  ],
  "leaders": {
    "batting": {
      "avg": [
        {
          "player_id": "P2346",
          "name": "Carlos Rodriguez",
          "team_id": "LOS",
          "value": 0.33383010432190763
        },
        {
          "player_id": "P7784",
          "name": "Yong Tran",
          "team_id": "LOS",
          "value": 0.3267175572519084
        },
        {
          "player_id": "P10164",
          "name": "Jorge Delgado",
          "team_id": "SAN",
          "value": 0.32589285714285715
        }
      ],
      "hr": [
        {
          "player_id": "P7784",
          "name": "Yong Tran",
          "team_id": "LOS",
          "value": 45.0
        },
        {
          "player_id": "P7268",
          "name": "Fernando Guerrero",
          "team_id": "MIL",
          "value": 43.0
        },
        {
          "player_id": "P2346",
          "name": "Carlos Rodriguez",
          "team_id": "LOS",
          "value": 42.0
        }
      ],
      "rbi": [
        {
          "player_id": "P7784",
          "name": "Yong Tran",
          "team_id": "LOS",
          "value": 124.0
        },
        {
          "player_id": "P8578",
          "name": "Darnell Taylor",
          "team_id": "OKL",
          "value": 124.0
        },
        {
          "player_id": "P7268",
          "name": "Fernando Guerrero",
          "team_id": "MIL",
          "value": 117.0
        }
      ],
      "sb": [
        {
          "player_id": "P4740",
          "name": "Glen Temby",
          "team_id": "DEN",
          "value": 63.0
        },
        {
          "player_id": "P2307",
          "name": "Roberto Martinez",
          "team_id": "OKL",
          "value": 62.0
        },
        {
          "player_id": "P2359",
          "name": "Jerrold Eppes",
          "team_id": "DEN",
          "value": 60.0
        }
      ],
      "ops": [
        {
          "player_id": "P7784",
          "name": "Yong Tran",
          "team_id": "LOS",
          "value": 1.0207356754020804
        },
        {
          "player_id": "P2346",
          "name": "Carlos Rodriguez",
          "team_id": "LOS",
          "value": 1.0175318215242086
        },
        {
          "player_id": "P7268",
          "name": "Fernando Guerrero",
          "team_id": "MIL",
          "value": 0.9678982806484762
        }
      ]
    },
    "pitching": {
      "era": [
        {
          "player_id": "P10057",
          "name": "Alejandro Guerrero",
          "team_id": "NEW",
          "value": 2.471186440677966
        },
        {
          "player_id": "D20310088",
          "name": "Jamal Harris",
          "team_id": "SAN1",
          "value": 2.7100371747211893
        },
        {
          "player_id": "D20340006",
          "name": "Florentino Cantara",
          "team_id": "SAN",
          "value": 2.7551020408163267
        }
      ],
      "so": [
        {
          "player_id": "D20340006",
          "name": "Florentino Cantara",
          "team_id": "SAN",
          "value": 234.0
        },
        {
          "player_id": "D20390032",
          "name": "Bryant Humpries",
          "team_id": "JAC",
          "value": 222.0
        },
        {
          "player_id": "D20280150",
          "name": "Arnoldo Offret",
          "team_id": "WAS",
          "value": 209.0
        }
      ],
      "wins": [
        {
          "player_id": "P7701",
          "name": "Deshawn Robinson",
          "team_id": "LOS",
          "value": 17.0
        },
        {
          "player_id": "D20350141",
          "name": "Otis Hurni",
          "team_id": "DEN",
          "value": 17.0
        },
        {
          "player_id": "P2629",
          "name": "Sean Laurenceau",
          "team_id": "NAS",
          "value": 16.0
        }
      ],
      "saves": [
        {
          "player_id": "P7238",
          "name": "Jermaine Mitchell",
          "team_id": "NEW",
          "value": 49.0
        },
        {
          "player_id": "P10156",
          "name": "Luis Perez",
          "team_id": "NAS",
          "value": 26.0
        },
        {
          "player_id": "P6776",
          "name": "Omar Roddey",
          "team_id": "LOS",
          "value": 25.0
        }
      ]
    }
  },
  "year": 2050,
  "season_id": "nexgen-long-run-2050",
  "champion": "LOS",
  "runner_up": "OKL"
}