{
  "metrics": {
    "pitches_per_pa": 3.8987452350698857,
    "avg": 0.2508053854940767,
    "obp": 0.3247314779863423,
    "slg": 0.3839795669528833,
    "ops": 0.7087110449392255,
    "iso": 0.1331741814588066,
    "babip": 0.3058202711381902,
    "k_pct": 0.21604420039934652,
    "bb_pct": 0.08778816482120166,
    "k_minus_bb_pct": 0.12825603557814486,
    "swing_pct": 0.48895827452851875,
    "z_swing_pct": 0.6465464775793764,
    "o_swing_pct": 0.32701010732766506,
    "contact_pct": 0.8262701525313781,
    "z_contact_pct": 0.8982940972746406,
    "o_contact_pct": 0.6799285482299448,
    "first_pitch_strike_pct": 0.6280177890724269,
    "zone_pct": 0.5068223284669621,
    "pitches_put_in_play_pct": 0.17273338357810686,
    "bip_gb_pct": 0.3904144204851752,
    "bip_ld_pct": 0.21410040431266847,
    "bip_fb_pct": 0.3954851752021563,
    "hr_per_fb_pct": 0.07571164219063743,
    "sb_pct": 0.6900958466453674,
    "sba_per_pa": 0.06391813396260665,
    "bip_double_play_pct": 0.024696765498652292,
    "called_third_strike_share_of_so": 0.27464160058814263
  },
  "mlb_deltas": {
    "pitches_per_pa": 0.03874523506988581,
    "avg": 0.00580538549407672,
    "obp": 0.011731477986342276,
    "slg": -0.008020433047116693,
    "ops": 0.003711044939225583,
    "iso": -0.0318258185411934,
    "babip": 0.014820271138190233,
    "k_pct": -0.003955799600653481,
    "bb_pct": 0.007788164821201662,
    "k_minus_bb_pct": -0.011743964421855158,
    "swing_pct": 0.01895827452851878,
    "z_swing_pct": -0.003453522420623578,
    "o_swing_pct": 0.007010107327665049,
    "contact_pct": 0.06627015253137813,
    "z_contact_pct": 0.07829409727464065,
    "o_contact_pct": 0.059928548229944756,
    "first_pitch_strike_pct": 0.028017789072426913,
    "zone_pct": 0.016822328466962078,
    "pitches_put_in_play_pct": -0.0022666164218931306,
    "bip_gb_pct": -0.049585579514824785,
    "bip_ld_pct": 0.004100404312668476,
    "bip_fb_pct": 0.045485175202156336,
    "hr_per_fb_pct": -0.03428835780936257,
    "sb_pct": -0.08990415335463264,
    "sba_per_pa": 0.013918133962606646,
    "bip_double_play_pct": -0.0033032345013477085,
    "called_third_strike_share_of_so": 0.04464160058814262
  },
  "flags": [
    {
      "metric": "hr_per_fb_pct",
      "delta": -0.03428835780936257,
      "tolerance": 0.02
    },
    {
      "metric": "sb_pct",
      "delta": -0.08990415335463264,
      "tolerance": 0.05
    },
    {
      "metric": "sba_per_pa",
      "delta": 0.013918133962606646,
      "tolerance": 0.01
    }
  ],
  "leaders": {
    "batting": {
      "avg": [
        {
          "player_id": "P7846",
          "name": "Rory Dash",
          "team_id": "SAN",
          "value": 0.3371900826446281
        },
        {
          "player_id": "P4767",
          "name": "Jorge Diaz",
          "team_id": "BOS",
          "value": 0.3359013867488444
        },
        {
          "player_id": "P4364",
          "name": "Hector Hernandez",
          "team_id": "LOS",
          "value": 0.32575757575757575
        }
      ],
      "hr": [
        {
          "player_id": "P7176",
          "name": "Deshawn Walker",
          "team_id": "LAS",
          "value": 44.0
        },
        {
          "player_id": "P6169",
          "name": "Xavier White",
          "team_id": "OKL",
          "value": 44.0
        },
        {
          "player_id": "P9114",
          "name": "Antonio Diaz",
          "team_id": "NAS",
          "value": 41.0
        }
      ],
      "rbi": [
        {
          "player_id": "P4767",
          "name": "Jorge Diaz",
          "team_id": "BOS",
          "value": 137.0
        },
        {
          "player_id": "P7846",
          "name": "Rory Dash",
          "team_id": "SAN",
          "value": 129.0
        },
        {
          "player_id": "P7176",
          "name": "Deshawn Walker",
          "team_id": "LAS",
          "value": 117.0
        }
      ],
      "sb": [
        {
          "player_id": "P4519",
          "name": "Sung Hassan",
          "team_id": "WAS",
          "value": 66.0
        },
        {
          "player_id": "P3824",
          "name": "Kenton Meck",
          "team_id": "LOS",
          "value": 65.0
        },
        {
          "player_id": "P4857",
          "name": "Marcos Hickinbotham",
          "team_id": "BOS",
          "value": 64.0
        }
      ],
      "ops": [
        {
          "player_id": "P7846",
          "name": "Rory Dash",
          "team_id": "SAN",
          "value": 1.027615690570891
        },
        {
          "player_id": "P7176",
          "name": "Deshawn Walker",
          "team_id": "LAS",
          "value": 1.0015297889320551
        },
        {
          "player_id": "P6169",
          "name": "Xavier White",
          "team_id": "OKL",
          "value": 0.98761450711249
        }
      ]
    },
    "pitching": {
      "era": [
        {
          "player_id": "P6813",
          "name": "Wilford Deale",
          "team_id": "DET",
          "value": 2.3080645161290323
        },
        {
          "player_id": "P8739",
          "name": "Rafael Vargas",
          "team_id": "LAS",
          "value": 2.3855421686746987
        },
        {
          "player_id": "P2870",
          "name": "Milton Blankenberg",
          "team_id": "DEN",
          "value": 2.655
        }
      ],
      "so": [
        {
          "player_id": "P8079",
          "name": "Xavier Washington",
          "team_id": "WAS",
          "value": 248.0
        },
        {
          "player_id": "P4515",
          "name": "Mckinley Fariello",
          "team_id": "JAC",
          "value": 209.0
        },
        {
          "player_id": "P3531",
          "name": "Jose Reyes",
          "team_id": "JAC",
          "value": 209.0
        }
      ],
      "wins": [
        {
          "player_id": "P9702",
          "name": "Deshawn Jackson",
          "team_id": "POR",
          "value": 17.0
        },
        {
          "player_id": "P5267",
          "name": "Rafael Hernandez",
          "team_id": "POR",
          "value": 17.0
        },
        {
          "player_id": "P4453",
          "name": "Malik Carter",
          "team_id": "SAN",
          "value": 17.0
        }
      ],
      "saves": [
        {
          "player_id": "P9353",
          "name": "Cedric Harris",
          "team_id": "WAS",
          "value": 42.0
        },
        {
          "player_id": "P7238",
          "name": "Jermaine Mitchell",
          "team_id": "NEW",
          "value": 41.0
        },
        {
          "player_id": "P4757",
          "name": "Russel Blackburn",
          "team_id": "LOS",
          "value": 40.0
        }
      ]
    }
  },
  "year": 2036,
  "season_id": "nexgen-long-run-2036",
  "champion": "SAN",
  "runner_up": "POR"
}