{
  "metrics": {
    "pitches_per_pa": 3.909726075484945,
    "avg": 0.24476807596073652,
    "obp": 0.32066850203909114,
    "slg": 0.3702829280810932,
    "ops": 0.6909514301201843,
    "iso": 0.12551485212035668,
    "babip": 0.3021245189519743,
    "k_pct": 0.22369180944184625,
    "bb_pct": 0.08883579250133056,
    "k_minus_bb_pct": 0.1348560169405157,
    "swing_pct": 0.488753533527967,
    "z_swing_pct": 0.6453785918639509,
    "o_swing_pct": 0.3269001990600596,
    "contact_pct": 0.8203722688727044,
    "z_contact_pct": 0.8928489429716889,
    "o_contact_pct": 0.6725097735420758,
    "first_pitch_strike_pct": 0.6275238084453453,
    "zone_pct": 0.5082082116872886,
    "pitches_put_in_play_pct": 0.16980050048658418,
    "bip_gb_pct": 0.39081636134138437,
    "bip_ld_pct": 0.21422235868044895,
    "bip_fb_pct": 0.39496127997816666,
    "hr_per_fb_pct": 0.07520568735522007,
    "sb_pct": 0.6656760772659732,
    "sba_per_pa": 0.06096773828262125,
    "bip_double_play_pct": 0.024238392522089175,
    "called_third_strike_share_of_so": 0.26298471195707196
  },
  "mlb_deltas": {
    "pitches_per_pa": 0.04972607548494512,
    "avg": -0.00023192403926347582,
    "obp": 0.007668502039091141,
    "slg": -0.021717071918906816,
    "ops": -0.01404856987981562,
    "iso": -0.03948514787964333,
    "babip": 0.011124518951974305,
    "k_pct": 0.0036918094418462444,
    "bb_pct": 0.008835792501330555,
    "k_minus_bb_pct": -0.005143983059484325,
    "swing_pct": 0.018753533527967048,
    "z_swing_pct": -0.0046214081360491654,
    "o_swing_pct": 0.00690019906005962,
    "contact_pct": 0.060372268872704415,
    "z_contact_pct": 0.07284894297168898,
    "o_contact_pct": 0.052509773542075755,
    "first_pitch_strike_pct": 0.0275238084453453,
    "zone_pct": 0.01820821168728859,
    "pitches_put_in_play_pct": -0.005199499513415806,
    "bip_gb_pct": -0.049183638658615636,
    "bip_ld_pct": 0.004222358680448957,
    "bip_fb_pct": 0.04496127997816668,
    "hr_per_fb_pct": -0.03479431264477993,
    "sb_pct": -0.1143239227340268,
    "sba_per_pa": 0.01096773828262125,
    "bip_double_play_pct": -0.0037616074779108256,
    "called_third_strike_share_of_so": 0.03298471195707195
  },
  "flags": [
    {
      "metric": "hr_per_fb_pct",
      "delta": -0.03479431264477993,
      "tolerance": 0.02
    },
    {
      "metric": "sb_pct",
      "delta": -0.1143239227340268,
      "tolerance": 0.05
    },
    {
      "metric": "sba_per_pa",
      "delta": 0.01096773828262125,
      "tolerance": 0.01
    }
  ],
  "leaders": {
    "batting": {
      "avg": [
        {
          "player_id": "P3930",
          "name": "Wilfredo Neubaum",
          "team_id": "NAS",
          "value": 0.3468118195956454
        },
        {
          "player_id": "P2192",
          "name": "Xavier King",
          "team_id": "POR",
          "value": 0.3193403298350825
        },
        {
          "player_id": "P4144",
          "name": "Sydney Blue",
          "team_id": "DEN",
          "value": 0.31107491856677527
        }
      ],
      "hr": [
        {
          "player_id": "P7268",
          "name": "Fernando Guerrero",
          "team_id": "MIL",
          "value": 38.0
        },
        {
          "player_id": "P3930",
          "name": "Wilfredo Neubaum",
          "team_id": "NAS",
          "value": 36.0
        },
        {
          "player_id": "P2192",
          "name": "Xavier King",
          "team_id": "POR",
          "value": 35.0
        }
      ],
      "rbi": [
        {
          "player_id": "P2192",
          "name": "Xavier King",
          "team_id": "POR",
          "value": 107.0
        },
        {
          "player_id": "P7268",
          "name": "Fernando Guerrero",
          "team_id": "MIL",
          "value": 107.0
        },
        {
          "player_id": "P4144",
          "name": "Sydney Blue",
          "team_id": "DEN",
          "value": 106.0
        }
      ],
      "sb": [
        {
          "player_id": "P4678",
          "name": "Leroy King",
          "team_id": "POR",
          "value": 66.0
        },
        {
          "player_id": "P4408",
          "name": "Greg Fortna",
          "team_id": "SAN1",
          "value": 66.0
        },
        {
          "player_id": "P4190",
          "name": "Antonio Castillo",
          "team_id": "DET",
          "value": 60.0
        }
      ],
      "ops": [
        {
          "player_id": "P3930",
          "name": "Wilfredo Neubaum",
          "team_id": "NAS",
          "value": 1.0001072558588513
        },
        {
          "player_id": "P2192",
          "name": "Xavier King",
          "team_id": "POR",
          "value": 0.9329100469791806
        },
        {
          "player_id": "P4364",
          "name": "Hector Hernandez",
          "team_id": "LOS",
          "value": 0.9052542800130986
        }
      ]
    },
    "pitching": {
      "era": [
        {
          "player_id": "P5738",
          "name": "Nigel Bielecki",
          "team_id": "DEN",
          "value": 1.7386363636363635
        },
        {
          "player_id": "P3176",
          "name": "Francisco Torres",
          "team_id": "JAC",
          "value": 1.9877300613496933
        },
        {
          "player_id": "P9651",
          "name": "Zane Vanwagoner",
          "team_id": "LAS",
          "value": 2.221757322175732
        }
      ],
      "so": [
        {
          "player_id": "P9651",
          "name": "Zane Vanwagoner",
          "team_id": "LAS",
          "value": 241.0
        },
        {
          "player_id": "P6776",
          "name": "Omar Roddey",
          "team_id": "NEW",
          "value": 216.0
        },
        {
          "player_id": "P10039",
          "name": "Kent Guerreiro",
          "team_id": "SAN1",
          "value": 205.0
        }
      ],
      "wins": [
        {
          "player_id": "P5541",
          "name": "Elmo Igbal",
          "team_id": "NAS",
          "value": 16.0
        },
        {
          "player_id": "P5281",
          "name": "Lyndon Bieri",
          "team_id": "SAN",
          "value": 15.0
        },
        {
          "player_id": "P1342",
          "name": "Dion Mcclary",
          "team_id": "DEN",
          "value": 15.0
        }
      ],
      "saves": [
        {
          "player_id": "P5871",
          "name": "Manuel Hernandez",
          "team_id": "SAN1",
          "value": 44.0
        },
        {
          "player_id": "P7352",
          "name": "Dale Brawn",
          "team_id": "LAS",
          "value": 30.0
        },
        {
          "player_id": "P10148",
          "name": "Jasper Meconi",
          "team_id": "SAN",
          "value": 27.0
        }
      ]
    }
  },
  "year": 2044,
  "season_id": "nexgen-long-run-2044",
  "champion": "SAN",
  "runner_up": "POR"
}