{
  "metrics": {
    "pitches_per_pa": 3.9159639894569893,
    "avg": 0.2430982682810465,
    "obp": 0.3177181671655538,
    "slg": 0.36725851997988473,
    "ops": 0.6849766871454386,
    "iso": 0.12416025169883824,
    "babip": 0.3031178652968037,
    "k_pct": 0.23040586027087778,
    "bb_pct": 0.08672881413950091,
    "k_minus_bb_pct": 0.14367704613137686,
    "swing_pct": 0.48868149382719644,
    "z_swing_pct": 0.644905926057366,
    "o_swing_pct": 0.32670211755768686,
    "contact_pct": 0.8136064156455892,
    "z_contact_pct": 0.8860092129904941,
    "o_contact_pct": 0.6654192704548757,
    "first_pitch_strike_pct": 0.6278111842630733,
    "zone_pct": 0.5090428585164876,
    "pitches_put_in_play_pct": 0.16829303115685068,
    "bip_gb_pct": 0.39161674573219296,
    "bip_ld_pct": 0.2125419855258146,
    "bip_fb_pct": 0.39584126874199244,
    "hr_per_fb_pct": 0.07519618153871047,
    "sb_pct": 0.6535587888320881,
    "sba_per_pa": 0.05803219954131057,
    "bip_double_play_pct": 0.02569341043664947,
    "called_third_strike_share_of_so": 0.2617243599267073
  },
  "mlb_deltas": {
    "pitches_per_pa": 0.05596398945698944,
    "avg": -0.0019017317189534977,
    "obp": 0.004718167165553788,
    "slg": -0.02474148002011528,
    "ops": -0.02002331285456138,
    "iso": -0.04083974830116177,
    "babip": 0.012117865296803698,
    "k_pct": 0.010405860270877781,
    "bb_pct": 0.0067288141395009105,
    "k_minus_bb_pct": 0.0036770461313768432,
    "swing_pct": 0.01868149382719647,
    "z_swing_pct": -0.005094073942634059,
    "o_swing_pct": 0.006702117557686849,
    "contact_pct": 0.05360641564558921,
    "z_contact_pct": 0.06600921299049411,
    "o_contact_pct": 0.045419270454875704,
    "first_pitch_strike_pct": 0.027811184263073274,
    "zone_pct": 0.01904285851648757,
    "pitches_put_in_play_pct": -0.006706968843149308,
    "bip_gb_pct": -0.04838325426780704,
    "bip_ld_pct": 0.0025419855258146107,
    "bip_fb_pct": 0.04584126874199246,
    "hr_per_fb_pct": -0.034803818461289535,
    "sb_pct": -0.12644121116791196,
    "sba_per_pa": 0.00803219954131057,
    "bip_double_play_pct": -0.0023065895633505307,
    "called_third_strike_share_of_so": 0.031724359926707274
  },
  "flags": [
    {
      "metric": "pitches_per_pa",
      "delta": 0.05596398945698944,
      "tolerance": 0.05
    },
    {
      "metric": "hr_per_fb_pct",
      "delta": -0.034803818461289535,
      "tolerance": 0.02
    },
    {
      "metric": "sb_pct",
      "delta": -0.12644121116791196,
      "tolerance": 0.05
    }
  ],
  "leaders": {
    "batting": {
      "avg": [
        {
          "player_id": "P6878",
          "name": "Carlos Lopez",
          "team_id": "LOS",
          "value": 0.32066115702479336
        },
        {
          "player_id": "P8652",
          "name": "Pedro Rivera",
          "team_id": "MIL",
          "value": 0.32061068702290074
        },
        {
          "player_id": "P2083",
          "name": "Raul Garcia",
          "team_id": "MIL",
          "value": 0.3161397670549085
        }
      ],
      "hr": [
        {
          "player_id": "P10090",
          "name": "Buck Trank",
          "team_id": "DET",
          "value": 49.0
        },
        {
          "player_id": "P10164",
          "name": "Jorge Delgado",
          "team_id": "SAN1",
          "value": 48.0
        },
        {
          "player_id": "P8652",
          "name": "Pedro Rivera",
          "team_id": "MIL",
          "value": 46.0
        }
      ],
      "rbi": [
        {
          "player_id": "P10090",
          "name": "Buck Trank",
          "team_id": "DET",
          "value": 110.0
        },
        {
          "player_id": "P1986",
          "name": "Erich Bonillas",
          "team_id": "DEN",
          "value": 104.0
        },
        {
          "player_id": "P6257",
          "name": "Johnathan Claes",
          "team_id": "POR",
          "value": 101.0
        }
      ],
      "sb": [
        {
          "player_id": "P4857",
          "name": "Marcos Hickinbotham",
          "team_id": "WAS",
          "value": 72.0
        },
        {
          "player_id": "P9332",
          "name": "Jacques Bustin",
          "team_id": "NEW",
          "value": 59.0
        },
        {
          "player_id": "P4408",
          "name": "Greg Fortna",
          "team_id": "WAS",
          "value": 59.0
        }
      ],
      "ops": [
        {
          "player_id": "P8652",
          "name": "Pedro Rivera",
          "team_id": "MIL",
          "value": 1.0132107804954043
        },
        {
          "player_id": "P10164",
          "name": "Jorge Delgado",
          "team_id": "SAN1",
          "value": 0.976667269428873
        },
        {
          "player_id": "P2083",
          "name": "Raul Garcia",
          "team_id": "MIL",
          "value": 0.9755261785088252
        }
      ]
    },
    "pitching": {
      "era": [
        {
          "player_id": "D20540079",
          "name": "Hung Krolczyk",
          "team_id": "NEW",
          "value": 2.010152284263959
        },
        {
          "player_id": "D20400081",
          "name": "Pedro Guerrero",
          "team_id": "POR",
          "value": 2.098159509202454
        },
        {
          "player_id": "D20530115",
          "name": "Mckinley Fariello",
          "team_id": "BOS",
          "value": 2.182330827067669
        }
      ],
      "so": [
        {
          "player_id": "D20310052",
          "name": "Jermaine Walker",
          "team_id": "LAS",
          "value": 236.0
        },
        {
          "player_id": "D20470120",
          "name": "Cedric Wright",
          "team_id": "SAN1",
          "value": 236.0
        },
        {
          "player_id": "P10188",
          "name": "Rafael Ramirez",
          "team_id": "NAS",
          "value": 233.0
        }
      ],
      "wins": [
        {
          "player_id": "D20570018",
          "name": "Jorge Ramos",
          "team_id": "SAN",
          "value": 17.0
        },
        {
          "player_id": "D20440140",
          "name": "Wally Toher",
          "team_id": "POR",
          "value": 16.0
        },
        {
          "player_id": "D20480090",
          "name": "Sung Lin",
          "team_id": "MIL",
          "value": 16.0
        }
      ],
      "saves": [
        {
          "player_id": "P7238",
          "name": "Jermaine Mitchell",
          "team_id": "NEW",
          "value": 44.0
        },
        {
          "player_id": "P5645",
          "name": "Raul Flores",
          "team_id": "DET",
          "value": 35.0
        },
        {
          "player_id": "P1284",
          "name": "Fernando Hernandez",
          "team_id": "DEN",
          "value": 29.0
        }
      ]
    }
  },
  "year": 2062,
  "season_id": "nexgen-long-run-2062",
  "champion": "POR",
  "runner_up": "JAC"
}