{
  "metrics": {
    "pitches_per_pa": 3.9070439397253334,
    "avg": 0.23851075450596895,
    "obp": 0.31296982653452465,
    "slg": 0.3573174855002731,
    "ops": 0.6702873120347977,
    "iso": 0.11880673099430414,
    "babip": 0.2977926013592268,
    "k_pct": 0.22990940381493974,
    "bb_pct": 0.0856462029032221,
    "k_minus_bb_pct": 0.14426320091171765,
    "swing_pct": 0.4893474091119354,
    "z_swing_pct": 0.6468228432958254,
    "o_swing_pct": 0.3265949288213584,
    "contact_pct": 0.8139928349941296,
    "z_contact_pct": 0.8865247591306297,
    "o_contact_pct": 0.6655292606861126,
    "first_pitch_strike_pct": 0.6275541332351011,
    "zone_pct": 0.5082395160886385,
    "pitches_put_in_play_pct": 0.16894764599986448,
    "bip_gb_pct": 0.39334856385483336,
    "bip_ld_pct": 0.21192514954395633,
    "bip_fb_pct": 0.3947262866012103,
    "hr_per_fb_pct": 0.07115889691398555,
    "sb_pct": 0.6401822865068357,
    "sba_per_pa": 0.058098976619968,
    "bip_double_play_pct": 0.025548909157496382,
    "called_third_strike_share_of_so": 0.2620668936511116
  },
  "mlb_deltas": {
    "pitches_per_pa": 0.047043939725333495,
    "avg": -0.006489245494031043,
    "obp": -3.017346547534716e-05,
    "slg": -0.034682514499726924,
    "ops": -0.034712687965202216,
    "iso": -0.04619326900569587,
    "babip": 0.006792601359226824,
    "k_pct": 0.009909403814939738,
    "bb_pct": 0.005646202903222097,
    "k_minus_bb_pct": 0.004263200911717641,
    "swing_pct": 0.019347409111935443,
    "z_swing_pct": -0.003177156704174622,
    "o_swing_pct": 0.00659492882135837,
    "contact_pct": 0.053992834994129546,
    "z_contact_pct": 0.06652475913062972,
    "o_contact_pct": 0.04552926068611263,
    "first_pitch_strike_pct": 0.02755413323510114,
    "zone_pct": 0.018239516088638497,
    "pitches_put_in_play_pct": -0.0060523540001355125,
    "bip_gb_pct": -0.04665143614516665,
    "bip_ld_pct": 0.0019251495439563393,
    "bip_fb_pct": 0.04472628660121031,
    "hr_per_fb_pct": -0.03884110308601445,
    "sb_pct": -0.1398177134931643,
    "sba_per_pa": 0.008098976619967994,
    "bip_double_play_pct": -0.0024510908425036185,
    "called_third_strike_share_of_so": 0.03206689365111157
  },
  "flags": [
    {
      "metric": "hr_per_fb_pct",
      "delta": -0.03884110308601445,
      "tolerance": 0.02
    },
    {
      "metric": "sb_pct",
      "delta": -0.1398177134931643,
      "tolerance": 0.05
    }
  ],
  "leaders": {
    "batting": {
      "avg": [
        {
          "player_id": "P2144",
          "name": "Francisco Morales",
          "team_id": "LAS",
          "value": 0.30793157076205285
        },
        {
          "player_id": "P7268",
          "name": "Fernando Guerrero",
          "team_id": "OKL",
          "value": 0.3068862275449102
        },
        {
          "player_id": "P10136",
          "name": "Miguel Lopez",
          "team_id": "WAS",
          "value": 0.3008982035928144
        }
      ],
      "hr": [
        {
          "player_id": "P8652",
          "name": "Pedro Rivera",
          "team_id": "DEN",
          "value": 37.0
        },
        {
          "player_id": "P7268",
          "name": "Fernando Guerrero",
          "team_id": "OKL",
          "value": 36.0
        },
        {
          "player_id": "P10108",
          "name": "Manuel Ramos",
          "team_id": "SAN1",
          "value": 34.0
        }
      ],
      "rbi": [
        {
          "player_id": "P10049",
          "name": "Kieth Becvar",
          "team_id": "NAS",
          "value": 118.0
        },
        {
          "player_id": "P7268",
          "name": "Fernando Guerrero",
          "team_id": "OKL",
          "value": 101.0
        },
        {
          "player_id": "P8652",
          "name": "Pedro Rivera",
          "team_id": "DEN",
          "value": 97.0
        }
      ],
      "sb": [
        {
          "player_id": "P7199",
          "name": "Danilo Briggerman",
          "team_id": "LOS",
          "value": 60.0
        },
        {
          "player_id": "P10027",
          "name": "Antonio Ramirez",
          "team_id": "DET",
          "value": 56.0
        },
        {
          "player_id": "P3824",
          "name": "Kenton Meck",
          "team_id": "DET",
          "value": 55.0
        }
      ],
      "ops": [
        {
          "player_id": "P7268",
          "name": "Fernando Guerrero",
          "team_id": "OKL",
          "value": 0.9293838596265913
        },
        {
          "player_id": "P8652",
          "name": "Pedro Rivera",
          "team_id": "DEN",
          "value": 0.9071790418294977
        },
        {
          "player_id": "P10049",
          "name": "Kieth Becvar",
          "team_id": "NAS",
          "value": 0.8978275034566057
        }
      ]
    },
    "pitching": {
      "era": [
        {
          "player_id": "D20340011",
          "name": "Fernando Lopez",
          "team_id": "MIL",
          "value": 1.694331983805668
        },
        {
          "player_id": "D20570039",
          "name": "Jermaine Jefferson",
          "team_id": "DEN",
          "value": 2.0090744101633393
        },
        {
          "player_id": "P10149",
          "name": "Darnell Carter",
          "team_id": "DET",
          "value": 2.0412371134020617
        }
      ],
      "so": [
        {
          "player_id": "D20490041",
          "name": "Damon Bossick",
          "team_id": "LAS",
          "value": 254.0
        },
        {
          "player_id": "D20530059",
          "name": "Ernesto Segel",
          "team_id": "OKL",
          "value": 238.0
        },
        {
          "player_id": "D20370011",
          "name": "Leroy Gaines",
          "team_id": "LAS",
          "value": 216.0
        }
      ],
      "wins": [
        {
          "player_id": "D20450014",
          "name": "Tyron Hogsett",
          "team_id": "OKL",
          "value": 17.0
        },
        {
          "player_id": "P5013",
          "name": "Jorge Ramos",
          "team_id": "SAN",
          "value": 16.0
        },
        {
          "player_id": "D20450144",
          "name": "Lowell Haertel",
          "team_id": "MIL",
          "value": 16.0
        }
      ],
      "saves": [
        {
          "player_id": "P9127",
          "name": "Darwin Ophus",
          "team_id": "NAS",
          "value": 50.0
        },
        {
          "player_id": "P2367",
          "name": "Malik Green",
          "team_id": "POR",
          "value": 37.0
        },
        {
          "player_id": "P6034",
          "name": "Ronny Kerksiek",
          "team_id": "LAS",
          "value": 31.0
        }
      ]
    }
  },
  "year": 2059,
  "season_id": "nexgen-long-run-2059",
  "champion": "MIL",
  "runner_up": "OKL"
}