{
  "metrics": {
    "pitches_per_pa": 3.9174363184419967,
    "avg": 0.2490348736620573,
    "obp": 0.32361358542612495,
    "slg": 0.3950239506268479,
    "ops": 0.7186375360529729,
    "iso": 0.14598907696479063,
    "babip": 0.29934308487343436,
    "k_pct": 0.214955189163303,
    "bb_pct": 0.08738683268340516,
    "k_minus_bb_pct": 0.12756835647989784,
    "swing_pct": 0.4873605439404832,
    "z_swing_pct": 0.6447922627904314,
    "o_swing_pct": 0.32441493363028423,
    "contact_pct": 0.832406638756338,
    "z_contact_pct": 0.9018913473742134,
    "o_contact_pct": 0.6894650356034325,
    "first_pitch_strike_pct": 0.6282638936398258,
    "zone_pct": 0.5086053084260129,
    "pitches_put_in_play_pct": 0.17209743659897486,
    "bip_gb_pct": 0.39328902193583304,
    "bip_ld_pct": 0.21321900316268372,
    "bip_fb_pct": 0.39349197490148324,
    "hr_per_fb_pct": 0.08638969606534203,
    "sb_pct": 0.7114106019766397,
    "sba_per_pa": 0.06345351303277007,
    "bip_double_play_pct": 0.024692610820775618,
    "called_third_strike_share_of_so": 0.28564608529598984
  },
  "mlb_deltas": {
    "pitches_per_pa": 0.057436318441996814,
    "avg": 0.004034873662057292,
    "obp": 0.01061358542612495,
    "slg": 0.0030239506268479044,
    "ops": 0.01363753605297291,
    "iso": -0.019010923035209376,
    "babip": 0.008343084873434381,
    "k_pct": -0.005044810836697,
    "bb_pct": 0.007386832683405162,
    "k_minus_bb_pct": -0.012431643520102176,
    "swing_pct": 0.017360543940483253,
    "z_swing_pct": -0.005207737209568575,
    "o_swing_pct": 0.0044149336302842235,
    "contact_pct": 0.07240663875633802,
    "z_contact_pct": 0.08189134737421344,
    "o_contact_pct": 0.06946503560343253,
    "first_pitch_strike_pct": 0.028263893639825843,
    "zone_pct": 0.018605308426012934,
    "pitches_put_in_play_pct": -0.0029025634010251267,
    "bip_gb_pct": -0.046710978064166964,
    "bip_ld_pct": 0.0032190031626837257,
    "bip_fb_pct": 0.043491974901483266,
    "hr_per_fb_pct": -0.023610303934657975,
    "sb_pct": -0.06858939802336028,
    "sba_per_pa": 0.013453513032770065,
    "bip_double_play_pct": -0.0033073891792243827,
    "called_third_strike_share_of_so": 0.05564608529598983
  },
  "flags": [
    {
      "metric": "pitches_per_pa",
      "delta": 0.057436318441996814,
      "tolerance": 0.05
    },
    {
      "metric": "hr_per_fb_pct",
      "delta": -0.023610303934657975,
      "tolerance": 0.02
    },
    {
      "metric": "sb_pct",
      "delta": -0.06858939802336028,
      "tolerance": 0.05
    },
    {
      "metric": "sba_per_pa",
      "delta": 0.013453513032770065,
      "tolerance": 0.01
    }
  ],
  "leaders": {
    "batting": {
      "avg": [
        {
          "player_id": "P9114",
          "name": "Antonio Diaz",
          "team_id": "NAS",
          "value": 0.3318042813455658
        },
        {
          "player_id": "P2111",
          "name": "Basil Montore",
          "team_id": "OKL",
          "value": 0.32727272727272727
        },
        {
          "player_id": "P5793",
          "name": "Alejandro Hernandez",
          "team_id": "SAN",
          "value": 0.32576985413290116
        }
      ],
      "hr": [
        {
          "player_id": "P6878",
          "name": "Carlos Lopez",
          "team_id": "NEW",
          "value": 51.0
        },
        {
          "player_id": "P9114",
          "name": "Antonio Diaz",
          "team_id": "NAS",
          "value": 50.0
        },
        {
          "player_id": "P4767",
          "name": "Jorge Diaz",
          "team_id": "BOS",
          "value": 42.0
        }
      ],
      "rbi": [
        {
          "player_id": "P6878",
          "name": "Carlos Lopez",
          "team_id": "NEW",
          "value": 148.0
        },
        {
          "player_id": "P2111",
          "name": "Basil Montore",
          "team_id": "OKL",
          "value": 132.0
        },
        {
          "player_id": "P4767",
          "name": "Jorge Diaz",
          "team_id": "BOS",
          "value": 132.0
        }
      ],
      "sb": [
        {
          "player_id": "P6871",
          "name": "Leroy Carter",
          "team_id": "WAS",
          "value": 78.0
        },
        {
          "player_id": "P4519",
          "name": "Sung Hassan",
          "team_id": "WAS",
          "value": 77.0
        },
        {
          "player_id": "P6752",
          "name": "Juan Cruz",
          "team_id": "LOS",
          "value": 75.0
        }
      ],
      "ops": [
        {
          "player_id": "P9114",
          "name": "Antonio Diaz",
          "team_id": "NAS",
          "value": 1.0245772309101782
        },
        {
          "player_id": "P6878",
          "name": "Carlos Lopez",
          "team_id": "NEW",
          "value": 1.0221998353182544
        },
        {
          "player_id": "P2111",
          "name": "Basil Montore",
          "team_id": "OKL",
          "value": 0.9956582470026772
        }
      ]
    },
    "pitching": {
      "era": [
        {
          "player_id": "P9525",
          "name": "Malik Robinson",
          "team_id": "WAS",
          "value": 2.1577868852459017
        },
        {
          "player_id": "P4515",
          "name": "Mckinley Fariello",
          "team_id": "JAC",
          "value": 2.2864864864864867
        },
        {
          "player_id": "P3256",
          "name": "Sung Kim",
          "team_id": "JAC",
          "value": 2.6526315789473682
        }
      ],
      "so": [
        {
          "player_id": "P8381",
          "name": "Lane Ominelli",
          "team_id": "MIL",
          "value": 234.0
        },
        {
          "player_id": "P8257",
          "name": "Luis Ortiz",
          "team_id": "DET",
          "value": 226.0
        },
        {
          "player_id": "P8713",
          "name": "Rubin Sexson",
          "team_id": "SAN",
          "value": 221.0
        }
      ],
      "wins": [
        {
          "player_id": "P4515",
          "name": "Mckinley Fariello",
          "team_id": "JAC",
          "value": 17.0
        },
        {
          "player_id": "P5350",
          "name": "Asa Marchell",
          "team_id": "JAC",
          "value": 16.0
        },
        {
          "player_id": "P2508",
          "name": "Claudio Daigle",
          "team_id": "OKL",
          "value": 16.0
        }
      ],
      "saves": [
        {
          "player_id": "P4757",
          "name": "Russel Blackburn",
          "team_id": "LOS",
          "value": 44.0
        },
        {
          "player_id": "P5871",
          "name": "Manuel Hernandez",
          "team_id": "SAN1",
          "value": 44.0
        },
        {
          "player_id": "P7238",
          "name": "Jermaine Mitchell",
          "team_id": "NEW",
          "value": 43.0
        }
      ]
    }
  },
  "year": 2030,
  "season_id": "nexgen-long-run-2030",
  "champion": "WAS",
  "runner_up": "NEW"
}