{
  "metrics": {
    "pitches_per_pa": 3.907800691978512,
    "avg": 0.24603686873902716,
    "obp": 0.32192150158901345,
    "slg": 0.3922467210575235,
    "ops": 0.7141682226465369,
    "iso": 0.14620985231849634,
    "babip": 0.2956319344790172,
    "k_pct": 0.21457024492397342,
    "bb_pct": 0.0893767640899572,
    "k_minus_bb_pct": 0.1251934808340162,
    "swing_pct": 0.48819734676937865,
    "z_swing_pct": 0.6453423635424439,
    "o_swing_pct": 0.32630894308943087,
    "contact_pct": 0.8336167039522744,
    "z_contact_pct": 0.901999324071933,
    "o_contact_pct": 0.6942939460380162,
    "first_pitch_strike_pct": 0.6275493945188018,
    "zone_pct": 0.5074339968836918,
    "pitches_put_in_play_pct": 0.17216583419492945,
    "bip_gb_pct": 0.3941029197821159,
    "bip_ld_pct": 0.21439929627499407,
    "bip_fb_pct": 0.39149778394289003,
    "hr_per_fb_pct": 0.08558220395906595,
    "sb_pct": 0.7146984470928133,
    "sba_per_pa": 0.06302922698716197,
    "bip_double_play_pct": 0.02369996955036032,
    "called_third_strike_share_of_so": 0.28202408104810905
  },
  "mlb_deltas": {
    "pitches_per_pa": 0.04780069197851233,
    "avg": 0.0010368687390271691,
    "obp": 0.008921501589013447,
    "slg": 0.00024672105752349127,
    "ops": 0.009168222646536939,
    "iso": -0.018790147681503666,
    "babip": 0.004631934479017219,
    "k_pct": -0.005429755076026582,
    "bb_pct": 0.009376764089957204,
    "k_minus_bb_pct": -0.0148065191659838,
    "swing_pct": 0.018197346769378675,
    "z_swing_pct": -0.004657636457556125,
    "o_swing_pct": 0.006308943089430863,
    "contact_pct": 0.07361670395227438,
    "z_contact_pct": 0.081999324071933,
    "o_contact_pct": 0.0742939460380162,
    "first_pitch_strike_pct": 0.027549394518801784,
    "zone_pct": 0.01743399688369185,
    "pitches_put_in_play_pct": -0.0028341658050705376,
    "bip_gb_pct": -0.04589708021788408,
    "bip_ld_pct": 0.00439929627499408,
    "bip_fb_pct": 0.041497783942890054,
    "hr_per_fb_pct": -0.024417796040934053,
    "sb_pct": -0.06530155290718676,
    "sba_per_pa": 0.013029226987161968,
    "bip_double_play_pct": -0.0043000304496396795,
    "called_third_strike_share_of_so": 0.052024081048109044
  },
  "flags": [
    {
      "metric": "hr_per_fb_pct",
      "delta": -0.024417796040934053,
      "tolerance": 0.02
    },
    {
      "metric": "sb_pct",
      "delta": -0.06530155290718676,
      "tolerance": 0.05
    },
    {
      "metric": "sba_per_pa",
      "delta": 0.013029226987161968,
      "tolerance": 0.01
    }
  ],
  "leaders": {
    "batting": {
      "avg": [
        {
          "player_id": "P7268",
          "name": "Fernando Guerrero",
          "team_id": "JAC",
          "value": 0.34762633996937214
        },
        {
          "player_id": "P2346",
          "name": "Carlos Rodriguez",
          "team_id": "SAN1",
          "value": 0.33689024390243905
        },
        {
          "player_id": "P7176",
          "name": "Deshawn Walker",
          "team_id": "LAS",
          "value": 0.332312404287902
        }
      ],
      "hr": [
        {
          "player_id": "P2346",
          "name": "Carlos Rodriguez",
          "team_id": "SAN1",
          "value": 47.0
        },
        {
          "player_id": "P7846",
          "name": "Rory Dash",
          "team_id": "SAN",
          "value": 45.0
        },
        {
          "player_id": "P3473",
          "name": "Nigel Wohlschlegel",
          "team_id": "DET",
          "value": 43.0
        }
      ],
      "rbi": [
        {
          "player_id": "P7846",
          "name": "Rory Dash",
          "team_id": "SAN",
          "value": 143.0
        },
        {
          "player_id": "P6878",
          "name": "Carlos Lopez",
          "team_id": "NEW",
          "value": 135.0
        },
        {
          "player_id": "P9114",
          "name": "Antonio Diaz",
          "team_id": "NAS",
          "value": 131.0
        }
      ],
      "sb": [
        {
          "player_id": "P4519",
          "name": "Sung Hassan",
          "team_id": "WAS",
          "value": 69.0
        },
        {
          "player_id": "P2307",
          "name": "Roberto Martinez",
          "team_id": "SAN",
          "value": 69.0
        },
        {
          "player_id": "P2359",
          "name": "Jerrold Eppes",
          "team_id": "MIL",
          "value": 64.0
        }
      ],
      "ops": [
        {
          "player_id": "P2346",
          "name": "Carlos Rodriguez",
          "team_id": "SAN1",
          "value": 1.0587096242584046
        },
        {
          "player_id": "P7268",
          "name": "Fernando Guerrero",
          "team_id": "JAC",
          "value": 1.0455266574740691
        },
        {
          "player_id": "P6878",
          "name": "Carlos Lopez",
          "team_id": "NEW",
          "value": 1.0119755244755244
        }
      ]
    },
    "pitching": {
      "era": [
        {
          "player_id": "P1038",
          "name": "Jermaine Walker",
          "team_id": "NAS",
          "value": 2.4098360655737703
        },
        {
          "player_id": "P9017",
          "name": "Francisco Gonzalez",
          "team_id": "WAS",
          "value": 2.62751677852349
        },
        {
          "player_id": "P1309",
          "name": "Pedro Flores",
          "team_id": "LOS",
          "value": 2.715370018975332
        }
      ],
      "so": [
        {
          "player_id": "P3531",
          "name": "Jose Reyes",
          "team_id": "JAC",
          "value": 249.0
        },
        {
          "player_id": "P3490",
          "name": "Parker Lueck",
          "team_id": "OKL",
          "value": 224.0
        },
        {
          "player_id": "P6813",
          "name": "Wilford Deale",
          "team_id": "DET",
          "value": 218.0
        }
      ],
      "wins": [
        {
          "player_id": "P7706",
          "name": "Jan Birdo",
          "team_id": "SAN",
          "value": 18.0
        },
        {
          "player_id": "P1038",
          "name": "Jermaine Walker",
          "team_id": "NAS",
          "value": 17.0
        },
        {
          "player_id": "P3490",
          "name": "Parker Lueck",
          "team_id": "OKL",
          "value": 16.0
        }
      ],
      "saves": [
        {
          "player_id": "P4757",
          "name": "Russel Blackburn",
          "team_id": "LOS",
          "value": 49.0
        },
        {
          "player_id": "P5871",
          "name": "Manuel Hernandez",
          "team_id": "SAN1",
          "value": 47.0
        },
        {
          "player_id": "P9127",
          "name": "Darwin Ophus",
          "team_id": "NAS",
          "value": 45.0
        }
      ]
    }
  },
  "year": 2028,
  "season_id": "nexgen-long-run-2028",
  "champion": "SAN1",
  "runner_up": "SAN"
}