{
  "metrics": {
    "pitches_per_pa": 3.9166142335808174,
    "avg": 0.25034896344930985,
    "obp": 0.32335806001315165,
    "slg": 0.3883963190818384,
    "ops": 0.7117543790949901,
    "iso": 0.13804735563252857,
    "babip": 0.3038259828939495,
    "k_pct": 0.21843432898996717,
    "bb_pct": 0.08554791621383546,
    "k_minus_bb_pct": 0.1328864127761317,
    "swing_pct": 0.4886188051863081,
    "z_swing_pct": 0.6458793240864444,
    "o_swing_pct": 0.32532953882425786,
    "contact_pct": 0.8293092626356219,
    "z_contact_pct": 0.9004900481170434,
    "o_contact_pct": 0.6825759932653771,
    "first_pitch_strike_pct": 0.6257078466589637,
    "zone_pct": 0.5094037615046019,
    "pitches_put_in_play_pct": 0.17170079710716404,
    "bip_gb_pct": 0.39422291780076213,
    "bip_ld_pct": 0.2129491017964072,
    "bip_fb_pct": 0.3928279804028307,
    "hr_per_fb_pct": 0.08357806175093262,
    "sb_pct": 0.6542423674845477,
    "sba_per_pa": 0.06107787171244552,
    "bip_double_play_pct": 0.024037152966793686,
    "called_third_strike_share_of_so": 0.2801927307007437
  },
  "mlb_deltas": {
    "pitches_per_pa": 0.05661423358081752,
    "avg": 0.0053489634493098515,
    "obp": 0.010358060013151649,
    "slg": -0.0036036809181616003,
    "ops": 0.006754379094990104,
    "iso": -0.02695264436747144,
    "babip": 0.012825982893949539,
    "k_pct": -0.0015656710100328264,
    "bb_pct": 0.005547916213835463,
    "k_minus_bb_pct": -0.007113587223868317,
    "swing_pct": 0.01861880518630815,
    "z_swing_pct": -0.004120675913555583,
    "o_swing_pct": 0.005329538824257851,
    "contact_pct": 0.06930926263562187,
    "z_contact_pct": 0.08049004811704341,
    "o_contact_pct": 0.0625759932653771,
    "first_pitch_strike_pct": 0.02570784665896375,
    "zone_pct": 0.01940376150460188,
    "pitches_put_in_play_pct": -0.003299202892835945,
    "bip_gb_pct": -0.04577708219923787,
    "bip_ld_pct": 0.0029491017964071997,
    "bip_fb_pct": 0.0428279804028307,
    "hr_per_fb_pct": -0.026421938249067384,
    "sb_pct": -0.12575763251545236,
    "sba_per_pa": 0.011077871712445515,
    "bip_double_play_pct": -0.003962847033206315,
    "called_third_strike_share_of_so": 0.050192730700743676
  },
  "flags": [
    {
      "metric": "pitches_per_pa",
      "delta": 0.05661423358081752,
      "tolerance": 0.05
    },
    {
      "metric": "hr_per_fb_pct",
      "delta": -0.026421938249067384,
      "tolerance": 0.02
    },
    {
      "metric": "sb_pct",
      "delta": -0.12575763251545236,
      "tolerance": 0.05
    },
    {
      "metric": "sba_per_pa",
      "delta": 0.011077871712445515,
      "tolerance": 0.01
    }
  ],
  "leaders": {
    "batting": {
      "avg": [
        {
          "player_id": "P6257",
          "name": "Johnathan Claes",
          "team_id": "JAC",
          "value": 0.345718901453958
        },
        {
          "player_id": "P4047",
          "name": "Alejandro Delgado",
          "team_id": "DEN",
          "value": 0.33432835820895523
        },
        {
          "player_id": "P4767",
          "name": "Jorge Diaz",
          "team_id": "BOS",
          "value": 0.32507739938080493
        }
      ],
      "hr": [
        {
          "player_id": "P6257",
          "name": "Johnathan Claes",
          "team_id": "JAC",
          "value": 46.0
        },
        {
          "player_id": "P7846",
          "name": "Rory Dash",
          "team_id": "SAN",
          "value": 43.0
        },
        {
          "player_id": "P4767",
          "name": "Jorge Diaz",
          "team_id": "BOS",
          "value": 42.0
        }
      ],
      "rbi": [
        {
          "player_id": "P6257",
          "name": "Johnathan Claes",
          "team_id": "JAC",
          "value": 135.0
        },
        {
          "player_id": "P2911",
          "name": "Yong Tanaka",
          "team_id": "POR",
          "value": 131.0
        },
        {
          "player_id": "P5640",
          "name": "Raul Castillo",
          "team_id": "NAS",
          "value": 125.0
        }
      ],
      "sb": [
        {
          "player_id": "P4857",
          "name": "Marcos Hickinbotham",
          "team_id": "BOS",
          "value": 64.0
        },
        {
          "player_id": "P3824",
          "name": "Kenton Meck",
          "team_id": "LOS",
          "value": 61.0
        },
        {
          "player_id": "P2359",
          "name": "Jerrold Eppes",
          "team_id": "MIL",
          "value": 60.0
        }
      ],
      "ops": [
        {
          "player_id": "P6257",
          "name": "Johnathan Claes",
          "team_id": "JAC",
          "value": 1.0467591032182333
        },
        {
          "player_id": "P4767",
          "name": "Jorge Diaz",
          "team_id": "BOS",
          "value": 0.9859827052418063
        },
        {
          "player_id": "P7846",
          "name": "Rory Dash",
          "team_id": "SAN",
          "value": 0.9641745468873129
        }
      ]
    },
    "pitching": {
      "era": [
        {
          "player_id": "P8079",
          "name": "Xavier Washington",
          "team_id": "WAS",
          "value": 2.3551401869158877
        },
        {
          "player_id": "P2629",
          "name": "Sean Laurenceau",
          "team_id": "DET",
          "value": 2.551546391752577
        },
        {
          "player_id": "P3531",
          "name": "Jose Reyes",
          "team_id": "JAC",
          "value": 2.6202531645569622
        }
      ],
      "so": [
        {
          "player_id": "P3531",
          "name": "Jose Reyes",
          "team_id": "JAC",
          "value": 243.0
        },
        {
          "player_id": "P8204",
          "name": "Miguel Vargas",
          "team_id": "NAS",
          "value": 243.0
        },
        {
          "player_id": "P2544",
          "name": "Rufus Gaines",
          "team_id": "LOS",
          "value": 242.0
        }
      ],
      "wins": [
        {
          "player_id": "P5267",
          "name": "Rafael Hernandez",
          "team_id": "POR",
          "value": 17.0
        },
        {
          "player_id": "P1097",
          "name": "Nolan Conti",
          "team_id": "SAN",
          "value": 17.0
        },
        {
          "player_id": "P9702",
          "name": "Deshawn Jackson",
          "team_id": "POR",
          "value": 16.0
        }
      ],
      "saves": [
        {
          "player_id": "P5871",
          "name": "Manuel Hernandez",
          "team_id": "SAN1",
          "value": 49.0
        },
        {
          "player_id": "P4757",
          "name": "Russel Blackburn",
          "team_id": "LOS",
          "value": 38.0
        },
        {
          "player_id": "P9353",
          "name": "Cedric Harris",
          "team_id": "WAS",
          "value": 37.0
        }
      ]
    }
  },
  "year": 2038,
  "season_id": "nexgen-long-run-2038",
  "champion": "POR",
  "runner_up": "SAN"
}