{
  "metrics": {
    "pitches_per_pa": 3.9102373547974025,
    "avg": 0.24554842383146125,
    "obp": 0.32049610614364005,
    "slg": 0.3745017858067188,
    "ops": 0.6949978919503588,
    "iso": 0.12895336197525753,
    "babip": 0.3032287921398313,
    "k_pct": 0.22580718924357449,
    "bb_pct": 0.0874302570200311,
    "k_minus_bb_pct": 0.13837693222354341,
    "swing_pct": 0.4889694595108259,
    "z_swing_pct": 0.6439509381666791,
    "o_swing_pct": 0.3286397544348074,
    "contact_pct": 0.8204688154039347,
    "z_contact_pct": 0.8927534937714873,
    "o_contact_pct": 0.6739433432889854,
    "first_pitch_strike_pct": 0.6290016463916582,
    "zone_pct": 0.5084808701627169,
    "pitches_put_in_play_pct": 0.1694214996856771,
    "bip_gb_pct": 0.39300692059437725,
    "bip_ld_pct": 0.21194967468028925,
    "bip_fb_pct": 0.3950434047253335,
    "hr_per_fb_pct": 0.07809416408232309,
    "sb_pct": 0.6503751774487934,
    "sba_per_pa": 0.05637748102076283,
    "bip_double_play_pct": 0.025939285159553353,
    "called_third_strike_share_of_so": 0.270126582278481
  },
  "mlb_deltas": {
    "pitches_per_pa": 0.050237354797402656,
    "avg": 0.0005484238314612533,
    "obp": 0.007496106143640047,
    "slg": -0.017498214193281236,
    "ops": -0.01000210804964119,
    "iso": -0.03604663802474248,
    "babip": 0.012228792139831302,
    "k_pct": 0.005807189243574484,
    "bb_pct": 0.0074302570200310974,
    "k_minus_bb_pct": -0.0016230677764565993,
    "swing_pct": 0.018969459510825903,
    "z_swing_pct": -0.006049061833320879,
    "o_swing_pct": 0.008639754434807412,
    "contact_pct": 0.06046881540393467,
    "z_contact_pct": 0.07275349377148732,
    "o_contact_pct": 0.053943343288985424,
    "first_pitch_strike_pct": 0.029001646391658253,
    "zone_pct": 0.018480870162716934,
    "pitches_put_in_play_pct": -0.005578500314322887,
    "bip_gb_pct": -0.04699307940562275,
    "bip_ld_pct": 0.001949674680289254,
    "bip_fb_pct": 0.045043404725333525,
    "hr_per_fb_pct": -0.031905835917676914,
    "sb_pct": -0.12962482255120666,
    "sba_per_pa": 0.006377481020762826,
    "bip_double_play_pct": -0.002060714840446648,
    "called_third_strike_share_of_so": 0.04012658227848101
  },
  "flags": [
    {
      "metric": "pitches_per_pa",
      "delta": 0.050237354797402656,
      "tolerance": 0.05
    },
    {
      "metric": "hr_per_fb_pct",
      "delta": -0.031905835917676914,
      "tolerance": 0.02
    },
    {
      "metric": "sb_pct",
      "delta": -0.12962482255120666,
      "tolerance": 0.05
    }
  ],
  "leaders": {
    "batting": {
      "avg": [
        {
          "player_id": "P9884",
          "name": "Hector Rivera",
          "team_id": "SAN",
          "value": 0.32334384858044163
        },
        {
          "player_id": "P4364",
          "name": "Hector Hernandez",
          "team_id": "POR",
          "value": 0.31746031746031744
        },
        {
          "player_id": "P2336",
          "name": "Arnoldo Offret",
          "team_id": "NAS",
          "value": 0.3170731707317073
        }
      ],
      "hr": [
        {
          "player_id": "P2346",
          "name": "Carlos Rodriguez",
          "team_id": "JAC",
          "value": 52.0
        },
        {
          "player_id": "P8652",
          "name": "Pedro Rivera",
          "team_id": "SAN",
          "value": 44.0
        },
        {
          "player_id": "P4364",
          "name": "Hector Hernandez",
          "team_id": "POR",
          "value": 42.0
        }
      ],
      "rbi": [
        {
          "player_id": "P4364",
          "name": "Hector Hernandez",
          "team_id": "POR",
          "value": 131.0
        },
        {
          "player_id": "P9884",
          "name": "Hector Rivera",
          "team_id": "SAN",
          "value": 111.0
        },
        {
          "player_id": "P2346",
          "name": "Carlos Rodriguez",
          "team_id": "JAC",
          "value": 107.0
        }
      ],
      "sb": [
        {
          "player_id": "P6425",
          "name": "Robert Orhenkowski",
          "team_id": "DEN",
          "value": 62.0
        },
        {
          "player_id": "P2307",
          "name": "Roberto Martinez",
          "team_id": "POR",
          "value": 60.0
        },
        {
          "player_id": "P9759",
          "name": "Douglas Topal",
          "team_id": "MIL",
          "value": 58.0
        }
      ],
      "ops": [
        {
          "player_id": "P2346",
          "name": "Carlos Rodriguez",
          "team_id": "JAC",
          "value": 1.0251437812802036
        },
        {
          "player_id": "P4364",
          "name": "Hector Hernandez",
          "team_id": "POR",
          "value": 0.9778184778184777
        },
        {
          "player_id": "P8652",
          "name": "Pedro Rivera",
          "team_id": "SAN",
          "value": 0.9660681229174379
        }
      ]
    },
    "pitching": {
      "era": [
        {
          "player_id": "P6738",
          "name": "Deshawn Scott",
          "team_id": "LOS",
          "value": 1.9451114922813035
        },
        {
          "player_id": "D20400081",
          "name": "Pedro Guerrero",
          "team_id": "POR",
          "value": 2.1305007587253417
        },
        {
          "player_id": "D20440140",
          "name": "Wally Toher",
          "team_id": "POR",
          "value": 2.388086642599278
        }
      ],
      "so": [
        {
          "player_id": "P6522",
          "name": "Antonio Cruz",
          "team_id": "LAS",
          "value": 239.0
        },
        {
          "player_id": "D20530059",
          "name": "Ernesto Segel",
          "team_id": "OKL",
          "value": 235.0
        },
        {
          "player_id": "P10072",
          "name": "Jack Rasole",
          "team_id": "WAS",
          "value": 217.0
        }
      ],
      "wins": [
        {
          "player_id": "D20430165",
          "name": "Jose Vargas",
          "team_id": "POR",
          "value": 18.0
        },
        {
          "player_id": "D20410048",
          "name": "Dion Mcclary",
          "team_id": "BOS",
          "value": 17.0
        },
        {
          "player_id": "D20570039",
          "name": "Jermaine Jefferson",
          "team_id": "DEN",
          "value": 17.0
        }
      ],
      "saves": [
        {
          "player_id": "P5645",
          "name": "Raul Flores",
          "team_id": "DET",
          "value": 42.0
        },
        {
          "player_id": "P5424",
          "name": "Tyrone Baker",
          "team_id": "LOS",
          "value": 36.0
        },
        {
          "player_id": "P5672",
          "name": "Arnoldo Buther",
          "team_id": "DEN",
          "value": 25.0
        }
      ]
    }
  },
  "year": 2060,
  "season_id": "nexgen-long-run-2060",
  "champion": "LOS",
  "runner_up": "POR"
}