{
  "metrics": {
    "pitches_per_pa": 3.8980457627700082,
    "avg": 0.24690176192077826,
    "obp": 0.32097654402178305,
    "slg": 0.3749579571033091,
    "ops": 0.6959345011250921,
    "iso": 0.12805619518253084,
    "babip": 0.3046566413376552,
    "k_pct": 0.2240797703857017,
    "bb_pct": 0.08659706578541126,
    "k_minus_bb_pct": 0.13748270460029044,
    "swing_pct": 0.48924573466945154,
    "z_swing_pct": 0.6458398183054912,
    "o_swing_pct": 0.32697568842960395,
    "contact_pct": 0.8214392785619207,
    "z_contact_pct": 0.8932246806915449,
    "o_contact_pct": 0.6745099472040045,
    "first_pitch_strike_pct": 0.628260397251032,
    "zone_pct": 0.5089002839642346,
    "pitches_put_in_play_pct": 0.17061322193799722,
    "bip_gb_pct": 0.3896148555708391,
    "bip_ld_pct": 0.21311898211829436,
    "bip_fb_pct": 0.3972661623108666,
    "hr_per_fb_pct": 0.075467168180545,
    "sb_pct": 0.6555819477434679,
    "sba_per_pa": 0.0577694937736561,
    "bip_double_play_pct": 0.02580811554332875,
    "called_third_strike_share_of_so": 0.2682690344968361
  },
  "mlb_deltas": {
    "pitches_per_pa": 0.03804576277000837,
    "avg": 0.001901761920778261,
    "obp": 0.00797654402178305,
    "slg": -0.017042042896690923,
    "ops": -0.009065498874907818,
    "iso": -0.03694380481746917,
    "babip": 0.013656641337655206,
    "k_pct": 0.004079770385701703,
    "bb_pct": 0.006597065785411263,
    "k_minus_bb_pct": -0.0025172953997095737,
    "swing_pct": 0.019245734669451564,
    "z_swing_pct": -0.004160181694508824,
    "o_swing_pct": 0.006975688429603943,
    "contact_pct": 0.06143927856192066,
    "z_contact_pct": 0.07322468069154497,
    "o_contact_pct": 0.05450994720400448,
    "first_pitch_strike_pct": 0.02826039725103202,
    "zone_pct": 0.0189002839642346,
    "pitches_put_in_play_pct": -0.004386778062002772,
    "bip_gb_pct": -0.05038514442916092,
    "bip_ld_pct": 0.0031189821182943667,
    "bip_fb_pct": 0.04726616231086661,
    "hr_per_fb_pct": -0.034532831819455004,
    "sb_pct": -0.12441805225653213,
    "sba_per_pa": 0.0077694937736561,
    "bip_double_play_pct": -0.002191884456671251,
    "called_third_strike_share_of_so": 0.03826903449683608
  },
  "flags": [
    {
      "metric": "hr_per_fb_pct",
      "delta": -0.034532831819455004,
      "tolerance": 0.02
    },
    {
      "metric": "sb_pct",
      "delta": -0.12441805225653213,
      "tolerance": 0.05
    }
  ],
  "leaders": {
    "batting": {
      "avg": [
        {
          "player_id": "P6878",
          "name": "Carlos Lopez",
          "team_id": "OKL",
          "value": 0.337248322147651
        },
        {
          "player_id": "P10127",
          "name": "Lane Lajoy",
          "team_id": "SAN",
          "value": 0.3300653594771242
        },
        {
          "player_id": "P8652",
          "name": "Pedro Rivera",
          "team_id": "WAS",
          "value": 0.32926829268292684
        }
      ],
      "hr": [
        {
          "player_id": "P8652",
          "name": "Pedro Rivera",
          "team_id": "WAS",
          "value": 46.0
        },
        {
          "player_id": "P6878",
          "name": "Carlos Lopez",
          "team_id": "OKL",
          "value": 41.0
        },
        {
          "player_id": "P7176",
          "name": "Deshawn Walker",
          "team_id": "DET",
          "value": 39.0
        }
      ],
      "rbi": [
        {
          "player_id": "P8652",
          "name": "Pedro Rivera",
          "team_id": "WAS",
          "value": 125.0
        },
        {
          "player_id": "P4402",
          "name": "Carter Hurtgen",
          "team_id": "WAS",
          "value": 114.0
        },
        {
          "player_id": "P6878",
          "name": "Carlos Lopez",
          "team_id": "OKL",
          "value": 113.0
        }
      ],
      "sb": [
        {
          "player_id": "P10112",
          "name": "Stacy Legere",
          "team_id": "NEW",
          "value": 67.0
        },
        {
          "player_id": "P9991",
          "name": "Mauricio Reyolds",
          "team_id": "WAS",
          "value": 63.0
        },
        {
          "player_id": "P4519",
          "name": "Sung Hassan",
          "team_id": "NAS",
          "value": 61.0
        }
      ],
      "ops": [
        {
          "player_id": "P6878",
          "name": "Carlos Lopez",
          "team_id": "OKL",
          "value": 1.0381817999418144
        },
        {
          "player_id": "P8652",
          "name": "Pedro Rivera",
          "team_id": "WAS",
          "value": 1.0158198736526751
        },
        {
          "player_id": "P10127",
          "name": "Lane Lajoy",
          "team_id": "SAN",
          "value": 0.931991519394405
        }
      ]
    },
    "pitching": {
      "era": [
        {
          "player_id": "P6414",
          "name": "Darnell Green",
          "team_id": "DEN",
          "value": 2.3990306946688205
        },
        {
          "player_id": "P7693",
          "name": "Quincy Defrates",
          "team_id": "POR",
          "value": 2.4352941176470586
        },
        {
          "player_id": "D20350160",
          "name": "Ricardo Sanchez",
          "team_id": "WAS",
          "value": 2.4419795221843
        }
      ],
      "so": [
        {
          "player_id": "D20470120",
          "name": "Cedric Wright",
          "team_id": "SAN1",
          "value": 238.0
        },
        {
          "player_id": "D20340006",
          "name": "Florentino Cantara",
          "team_id": "SAN",
          "value": 224.0
        },
        {
          "player_id": "P7701",
          "name": "Deshawn Robinson",
          "team_id": "POR",
          "value": 220.0
        }
      ],
      "wins": [
        {
          "player_id": "D20540079",
          "name": "Hung Krolczyk",
          "team_id": "NEW",
          "value": 19.0
        },
        {
          "player_id": "D20390047",
          "name": "Eduardo Rivera",
          "team_id": "OKL",
          "value": 17.0
        },
        {
          "player_id": "P7706",
          "name": "Jan Birdo",
          "team_id": "DET",
          "value": 16.0
        }
      ],
      "saves": [
        {
          "player_id": "P3900",
          "name": "Guillermo Soula",
          "team_id": "OKL",
          "value": 24.0
        },
        {
          "player_id": "D20380045",
          "name": "Xavier Taylor",
          "team_id": "WAS",
          "value": 23.0
        },
        {
          "player_id": "D20390039",
          "name": "Jermaine Jackson",
          "team_id": "MIL",
          "value": 19.0
        }
      ]
    }
  },
  "year": 2055,
  "season_id": "nexgen-long-run-2055",
  "champion": "WAS",
  "runner_up": "BOS"
}