{
  "metrics": {
    "pitches_per_pa": 3.9101822225247918,
    "avg": 0.24661013687734917,
    "obp": 0.3210517884522965,
    "slg": 0.37579054045386323,
    "ops": 0.6968423289061597,
    "iso": 0.12918040357651406,
    "babip": 0.30505160813048227,
    "k_pct": 0.225576962352781,
    "bb_pct": 0.08689041686522794,
    "k_minus_bb_pct": 0.13868654548755305,
    "swing_pct": 0.48985259125993846,
    "z_swing_pct": 0.6456479425547824,
    "o_swing_pct": 0.3287551570883035,
    "contact_pct": 0.820398902928092,
    "z_contact_pct": 0.8944772042117175,
    "o_contact_pct": 0.6699640933572711,
    "first_pitch_strike_pct": 0.6321056572945741,
    "zone_pct": 0.5083657361731763,
    "pitches_put_in_play_pct": 0.16981312750275665,
    "bip_gb_pct": 0.389962577536269,
    "bip_ld_pct": 0.2106765092872644,
    "bip_fb_pct": 0.39936091317646655,
    "hr_per_fb_pct": 0.07536793796486786,
    "sb_pct": 0.6590579710144927,
    "sba_per_pa": 0.06263190142283341,
    "bip_double_play_pct": 0.024093915004870046,
    "called_third_strike_share_of_so": 0.2680448669584025
  },
  "mlb_deltas": {
    "pitches_per_pa": 0.050182222524791875,
    "avg": 0.0016101368773491775,
    "obp": 0.008051788452296482,
    "slg": -0.016209459546136784,
    "ops": -0.008157671093840246,
    "iso": -0.03581959642348595,
    "babip": 0.014051608130482285,
    "k_pct": 0.00557696235278099,
    "bb_pct": 0.006890416865227941,
    "k_minus_bb_pct": -0.0013134545124469654,
    "swing_pct": 0.01985259125993849,
    "z_swing_pct": -0.004352057445217605,
    "o_swing_pct": 0.008755157088303489,
    "contact_pct": 0.060398902928092024,
    "z_contact_pct": 0.07447720421171755,
    "o_contact_pct": 0.049964093357271144,
    "first_pitch_strike_pct": 0.03210565729457415,
    "zone_pct": 0.018365736173176272,
    "pitches_put_in_play_pct": -0.005186872497243339,
    "bip_gb_pct": -0.050037422463730996,
    "bip_ld_pct": 0.0006765092872643985,
    "bip_fb_pct": 0.04936091317646657,
    "hr_per_fb_pct": -0.03463206203513214,
    "sb_pct": -0.12094202898550732,
    "sba_per_pa": 0.012631901422833408,
    "bip_double_play_pct": -0.0039060849951299548,
    "called_third_strike_share_of_so": 0.03804486695840251
  },
  "flags": [
    {
      "metric": "pitches_per_pa",
      "delta": 0.050182222524791875,
      "tolerance": 0.05
    },
    {
      "metric": "hr_per_fb_pct",
      "delta": -0.03463206203513214,
      "tolerance": 0.02
    },
    {
      "metric": "sb_pct",
      "delta": -0.12094202898550732,
      "tolerance": 0.05
    },
    {
      "metric": "sba_per_pa",
      "delta": 0.012631901422833408,
      "tolerance": 0.01
    }
  ],
  "leaders": {
    "batting": {
      "avg": [
        {
          "player_id": "P7268",
          "name": "Fernando Guerrero",
          "team_id": "JAC",
          "value": 0.34054834054834054
        },
        {
          "player_id": "P7846",
          "name": "Rory Dash",
          "team_id": "SAN",
          "value": 0.3323615160349854
        },
        {
          "player_id": "P4144",
          "name": "Sydney Blue",
          "team_id": "DEN",
          "value": 0.32669983416252074
        }
      ],
      "hr": [
        {
          "player_id": "P7846",
          "name": "Rory Dash",
          "team_id": "SAN",
          "value": 52.0
        },
        {
          "player_id": "P6257",
          "name": "Johnathan Claes",
          "team_id": "JAC",
          "value": 40.0
        },
        {
          "player_id": "P4364",
          "name": "Hector Hernandez",
          "team_id": "LOS",
          "value": 40.0
        }
      ],
      "rbi": [
        {
          "player_id": "P6257",
          "name": "Johnathan Claes",
          "team_id": "JAC",
          "value": 127.0
        },
        {
          "player_id": "P2111",
          "name": "Basil Montore",
          "team_id": "OKL",
          "value": 119.0
        },
        {
          "player_id": "P7268",
          "name": "Fernando Guerrero",
          "team_id": "JAC",
          "value": 114.0
        }
      ],
      "sb": [
        {
          "player_id": "P4857",
          "name": "Marcos Hickinbotham",
          "team_id": "BOS",
          "value": 70.0
        },
        {
          "player_id": "P5390",
          "name": "Luis Rivera",
          "team_id": "NEW",
          "value": 69.0
        },
        {
          "player_id": "P7199",
          "name": "Danilo Briggerman",
          "team_id": "NEW",
          "value": 64.0
        }
      ],
      "ops": [
        {
          "player_id": "P7846",
          "name": "Rory Dash",
          "team_id": "SAN",
          "value": 1.0348161880658784
        },
        {
          "player_id": "P7268",
          "name": "Fernando Guerrero",
          "team_id": "JAC",
          "value": 0.9971997765921148
        },
        {
          "player_id": "P4767",
          "name": "Jorge Diaz",
          "team_id": "SAN1",
          "value": 0.9470542656501686
        }
      ]
    },
    "pitching": {
      "era": [
        {
          "player_id": "P1342",
          "name": "Dion Mcclary",
          "team_id": "DEN",
          "value": 2.238095238095238
        },
        {
          "player_id": "P10019",
          "name": "Hollis Pumarejo",
          "team_id": "DET",
          "value": 2.4923076923076923
        },
        {
          "player_id": "P6641",
          "name": "Sung Huang",
          "team_id": "DEN",
          "value": 2.5327433628318583
        }
      ],
      "so": [
        {
          "player_id": "P3346",
          "name": "Evan Silvaggio",
          "team_id": "LAS",
          "value": 246.0
        },
        {
          "player_id": "P6414",
          "name": "Darnell Green",
          "team_id": "POR",
          "value": 244.0
        },
        {
          "player_id": "P4194",
          "name": "Ignacio Morber",
          "team_id": "LOS",
          "value": 228.0
        }
      ],
      "wins": [
        {
          "player_id": "P6641",
          "name": "Sung Huang",
          "team_id": "DEN",
          "value": 18.0
        },
        {
          "player_id": "P8829",
          "name": "Jermaine Taylor",
          "team_id": "OKL",
          "value": 17.0
        },
        {
          "player_id": "P5350",
          "name": "Asa Marchell",
          "team_id": "SAN1",
          "value": 17.0
        }
      ],
      "saves": [
        {
          "player_id": "P9353",
          "name": "Cedric Harris",
          "team_id": "WAS",
          "value": 48.0
        },
        {
          "player_id": "P4757",
          "name": "Russel Blackburn",
          "team_id": "LOS",
          "value": 45.0
        },
        {
          "player_id": "P5871",
          "name": "Manuel Hernandez",
          "team_id": "SAN1",
          "value": 43.0
        }
      ]
    }
  },
  "year": 2041,
  "season_id": "nexgen-long-run-2041",
  "champion": "DEN",
  "runner_up": "JAC"
}