{
  "metrics": {
    "pitches_per_pa": 3.9119627254189404,
    "avg": 0.2418083462132921,
    "obp": 0.3169546436285097,
    "slg": 0.3670015455950541,
    "ops": 0.6839561892235638,
    "iso": 0.125193199381762,
    "babip": 0.30015974440894566,
    "k_pct": 0.22813592918740958,
    "bb_pct": 0.08698921178842801,
    "k_minus_bb_pct": 0.14114671739898155,
    "swing_pct": 0.489035981781966,
    "z_swing_pct": 0.6455235448793762,
    "o_swing_pct": 0.3279615643725845,
    "contact_pct": 0.8151226977425521,
    "z_contact_pct": 0.8893503859973674,
    "o_contact_pct": 0.6647386345207849,
    "first_pitch_strike_pct": 0.6281541563664119,
    "zone_pct": 0.5072219827837249,
    "pitches_put_in_play_pct": 0.1690409905764773,
    "bip_gb_pct": 0.39105567805953695,
    "bip_ld_pct": 0.21096334068357223,
    "bip_fb_pct": 0.39798098125689085,
    "hr_per_fb_pct": 0.07462447426396955,
    "sb_pct": 0.68433224127963,
    "sba_per_pa": 0.059113019901801074,
    "bip_double_play_pct": 0.023807883131201763,
    "called_third_strike_share_of_so": 0.26295815439928094
  },
  "mlb_deltas": {
    "pitches_per_pa": 0.051962725418940536,
    "avg": -0.003191653786707882,
    "obp": 0.003954643628509724,
    "slg": -0.024998454404945913,
    "ops": -0.021043810776436134,
    "iso": -0.03980680061823802,
    "babip": 0.00915974440894568,
    "k_pct": 0.008135929187409574,
    "bb_pct": 0.0069892117884280125,
    "k_minus_bb_pct": 0.0011467173989815338,
    "swing_pct": 0.019035981781966027,
    "z_swing_pct": -0.004476455120623779,
    "o_swing_pct": 0.007961564372584495,
    "contact_pct": 0.055122697742552074,
    "z_contact_pct": 0.06935038599736743,
    "o_contact_pct": 0.04473863452078486,
    "first_pitch_strike_pct": 0.028154156366411942,
    "zone_pct": 0.017221982783724887,
    "pitches_put_in_play_pct": -0.0059590094235226765,
    "bip_gb_pct": -0.048944321940463054,
    "bip_ld_pct": 0.0009633406835722336,
    "bip_fb_pct": 0.047980981256890876,
    "hr_per_fb_pct": -0.03537552573603045,
    "sb_pct": -0.09566775872037003,
    "sba_per_pa": 0.009113019901801071,
    "bip_double_play_pct": -0.004192116868798237,
    "called_third_strike_share_of_so": 0.03295815439928093
  },
  "flags": [
    {
      "metric": "pitches_per_pa",
      "delta": 0.051962725418940536,
      "tolerance": 0.05
    },
    {
      "metric": "hr_per_fb_pct",
      "delta": -0.03537552573603045,
      "tolerance": 0.02
    },
    {
      "metric": "sb_pct",
      "delta": -0.09566775872037003,
      "tolerance": 0.05
    }
  ],
  "leaders": {
    "batting": {
      "avg": [
        {
          "player_id": "P10025",
          "name": "Joan Lupiani",
          "team_id": "OKL",
          "value": 0.348159509202454
        },
        {
          "player_id": "P3388",
          "name": "Carlos Rivera",
          "team_id": "NAS",
          "value": 0.3392857142857143
        },
        {
          "player_id": "P3930",
          "name": "Wilfredo Neubaum",
          "team_id": "NAS",
          "value": 0.33633633633633636
        }
      ],
      "hr": [
        {
          "player_id": "P10025",
          "name": "Joan Lupiani",
          "team_id": "OKL",
          "value": 50.0
        },
        {
          "player_id": "P3473",
          "name": "Nigel Wohlschlegel",
          "team_id": "SAN",
          "value": 43.0
        },
        {
          "player_id": "P4571",
          "name": "Ronny Thurstonson",
          "team_id": "LOS",
          "value": 38.0
        }
      ],
      "rbi": [
        {
          "player_id": "P10025",
          "name": "Joan Lupiani",
          "team_id": "OKL",
          "value": 143.0
        },
        {
          "player_id": "P2911",
          "name": "Yong Tanaka",
          "team_id": "DEN",
          "value": 113.0
        },
        {
          "player_id": "P4636",
          "name": "Trinidad Brownsberger",
          "team_id": "MIL",
          "value": 113.0
        }
      ],
      "sb": [
        {
          "player_id": "P2307",
          "name": "Roberto Martinez",
          "team_id": "SAN1",
          "value": 59.0
        },
        {
          "player_id": "P4857",
          "name": "Marcos Hickinbotham",
          "team_id": "SAN1",
          "value": 58.0
        },
        {
          "player_id": "P2359",
          "name": "Jerrold Eppes",
          "team_id": "JAC",
          "value": 58.0
        }
      ],
      "ops": [
        {
          "player_id": "P10025",
          "name": "Joan Lupiani",
          "team_id": "OKL",
          "value": 1.0542008214328675
        },
        {
          "player_id": "P3473",
          "name": "Nigel Wohlschlegel",
          "team_id": "SAN",
          "value": 1.008280810465845
        },
        {
          "player_id": "P3388",
          "name": "Carlos Rivera",
          "team_id": "NAS",
          "value": 0.9931088364085483
        }
      ]
    },
    "pitching": {
      "era": [
        {
          "player_id": "P7701",
          "name": "Deshawn Robinson",
          "team_id": "DET",
          "value": 1.7874564459930313
        },
        {
          "player_id": "D20580136",
          "name": "Miguel Ramos",
          "team_id": "JAC",
          "value": 2.2889273356401385
        },
        {
          "player_id": "D20520003",
          "name": "Wally Toher",
          "team_id": "DEN",
          "value": 2.6142857142857143
        }
      ],
      "so": [
        {
          "player_id": "D20520003",
          "name": "Wally Toher",
          "team_id": "DEN",
          "value": 230.0
        },
        {
          "player_id": "P1914",
          "name": "Frederic Stacken",
          "team_id": "LAS",
          "value": 226.0
        },
        {
          "player_id": "P6289",
          "name": "Jude Scharf",
          "team_id": "LAS",
          "value": 220.0
        }
      ],
      "wins": [
        {
          "player_id": "D20270058",
          "name": "August Mitro",
          "team_id": "DET",
          "value": 18.0
        },
        {
          "player_id": "P10111",
          "name": "Dewayne Kuhr",
          "team_id": "DET",
          "value": 15.0
        },
        {
          "player_id": "D20490198",
          "name": "Lonnie Kroell",
          "team_id": "LOS",
          "value": 15.0
        }
      ],
      "saves": [
        {
          "player_id": "P5424",
          "name": "Tyrone Baker",
          "team_id": "LOS",
          "value": 30.0
        },
        {
          "player_id": "P7668",
          "name": "Aurelio Louden",
          "team_id": "SAN",
          "value": 25.0
        },
        {
          "player_id": "P6539",
          "name": "Otis Hurni",
          "team_id": "JAC",
          "value": 22.0
        }
      ]
    }
  },
  "year": 2065,
  "season_id": "nexgen-long-run-2065",
  "champion": "DET",
  "runner_up": "JAC"
}