{
  "metrics": {
    "pitches_per_pa": 3.9243691716950084,
    "avg": 0.23937614773814758,
    "obp": 0.3151711495670821,
    "slg": 0.35923234099785323,
    "ops": 0.6744034905649353,
    "iso": 0.11985619325970565,
    "babip": 0.30139003627743255,
    "k_pct": 0.2342750045712196,
    "bb_pct": 0.08779027244468825,
    "k_minus_bb_pct": 0.14648473212653135,
    "swing_pct": 0.4887273659136046,
    "z_swing_pct": 0.6448302535453373,
    "o_swing_pct": 0.32739988038348344,
    "contact_pct": 0.8127308911504636,
    "z_contact_pct": 0.8858262469010743,
    "o_contact_pct": 0.663947620684042,
    "first_pitch_strike_pct": 0.6275941671237887,
    "zone_pct": 0.5082295179354568,
    "pitches_put_in_play_pct": 0.16674820470707458,
    "bip_gb_pct": 0.3894098950420007,
    "bip_ld_pct": 0.21260543825640488,
    "bip_fb_pct": 0.39798466670159444,
    "hr_per_fb_pct": 0.07048170657095076,
    "sb_pct": 0.6703296703296703,
    "sba_per_pa": 0.060317242640336444,
    "bip_double_play_pct": 0.02520039817676953,
    "called_third_strike_share_of_so": 0.2597560975609756
  },
  "mlb_deltas": {
    "pitches_per_pa": 0.06436917169500855,
    "avg": -0.005623852261852413,
    "obp": 0.002171149567082087,
    "slg": -0.03276765900214679,
    "ops": -0.030596509435064645,
    "iso": -0.04514380674029436,
    "babip": 0.010390036277432568,
    "k_pct": 0.014275004571219607,
    "bb_pct": 0.007790272444688245,
    "k_minus_bb_pct": 0.006484732126531334,
    "swing_pct": 0.018727365913604632,
    "z_swing_pct": -0.005169746454662727,
    "o_swing_pct": 0.007399880383483437,
    "contact_pct": 0.05273089115046359,
    "z_contact_pct": 0.0658262469010743,
    "o_contact_pct": 0.04394762068404201,
    "first_pitch_strike_pct": 0.027594167123788704,
    "zone_pct": 0.018229517935456796,
    "pitches_put_in_play_pct": -0.008251795292925412,
    "bip_gb_pct": -0.050590104957999316,
    "bip_ld_pct": 0.002605438256404885,
    "bip_fb_pct": 0.04798466670159446,
    "hr_per_fb_pct": -0.03951829342904924,
    "sb_pct": -0.10967032967032975,
    "sba_per_pa": 0.010317242640336441,
    "bip_double_play_pct": -0.002799601823230472,
    "called_third_strike_share_of_so": 0.02975609756097561
  },
  "flags": [
    {
      "metric": "pitches_per_pa",
      "delta": 0.06436917169500855,
      "tolerance": 0.05
    },
    {
      "metric": "hr_per_fb_pct",
      "delta": -0.03951829342904924,
      "tolerance": 0.02
    },
    {
      "metric": "sb_pct",
      "delta": -0.10967032967032975,
      "tolerance": 0.05
    },
    {
      "metric": "sba_per_pa",
      "delta": 0.010317242640336441,
      "tolerance": 0.01
    }
  ],
  "leaders": {
    "batting": {
      "avg": [
        {
          "player_id": "P10164",
          "name": "Jorge Delgado",
          "team_id": "SAN1",
          "value": 0.3153153153153153
        },
        {
          "player_id": "P4636",
          "name": "Trinidad Brownsberger",
          "team_id": "LAS",
          "value": 0.30757575757575756
        },
        {
          "player_id": "P2832",
          "name": "Frederick Sullivan",
          "team_id": "OKL",
          "value": 0.30064308681672025
        }
      ],
      "hr": [
        {
          "player_id": "P10164",
          "name": "Jorge Delgado",
          "team_id": "SAN1",
          "value": 44.0
        },
        {
          "player_id": "P2111",
          "name": "Basil Montore",
          "team_id": "DEN",
          "value": 34.0
        },
        {
          "player_id": "P1986",
          "name": "Erich Bonillas",
          "team_id": "BOS",
          "value": 31.0
        }
      ],
      "rbi": [
        {
          "player_id": "P2832",
          "name": "Frederick Sullivan",
          "team_id": "OKL",
          "value": 103.0
        },
        {
          "player_id": "P4636",
          "name": "Trinidad Brownsberger",
          "team_id": "LAS",
          "value": 103.0
        },
        {
          "player_id": "P5793",
          "name": "Alejandro Hernandez",
          "team_id": "NAS",
          "value": 99.0
        }
      ],
      "sb": [
        {
          "player_id": "P4740",
          "name": "Glen Temby",
          "team_id": "NAS",
          "value": 70.0
        },
        {
          "player_id": "P5390",
          "name": "Luis Rivera",
          "team_id": "MIL",
          "value": 57.0
        },
        {
          "player_id": "P7828",
          "name": "Raul Perez",
          "team_id": "DEN",
          "value": 55.0
        }
      ],
      "ops": [
        {
          "player_id": "P10164",
          "name": "Jorge Delgado",
          "team_id": "SAN1",
          "value": 0.9728832092962527
        },
        {
          "player_id": "P2832",
          "name": "Frederick Sullivan",
          "team_id": "OKL",
          "value": 0.8962485077733005
        },
        {
          "player_id": "P4636",
          "name": "Trinidad Brownsberger",
          "team_id": "LAS",
          "value": 0.8946969696969697
        }
      ]
    },
    "pitching": {
      "era": [
        {
          "player_id": "P10188",
          "name": "Rafael Ramirez",
          "team_id": "DEN",
          "value": 1.9914893617021276
        },
        {
          "player_id": "D20310088",
          "name": "Jamal Harris",
          "team_id": "SAN1",
          "value": 2.25
        },
        {
          "player_id": "D20280115",
          "name": "Tyrone Jefferson",
          "team_id": "JAC",
          "value": 2.2613065326633164
        }
      ],
      "so": [
        {
          "player_id": "D20270027",
          "name": "Miguel Reyes",
          "team_id": "LAS",
          "value": 288.0
        },
        {
          "player_id": "P10188",
          "name": "Rafael Ramirez",
          "team_id": "DEN",
          "value": 230.0
        },
        {
          "player_id": "D20320154",
          "name": "Jonas Iannaccone",
          "team_id": "OKL",
          "value": 227.0
        }
      ],
      "wins": [
        {
          "player_id": "D20420039",
          "name": "Antonio Reyes",
          "team_id": "POR",
          "value": 20.0
        },
        {
          "player_id": "P8138",
          "name": "Pedro Guerrero",
          "team_id": "MIL",
          "value": 16.0
        },
        {
          "player_id": "D20250197",
          "name": "Roberto Martinez",
          "team_id": "OKL",
          "value": 16.0
        }
      ],
      "saves": [
        {
          "player_id": "P9127",
          "name": "Darwin Ophus",
          "team_id": "NAS",
          "value": 40.0
        },
        {
          "player_id": "P6865",
          "name": "Darnell Baker",
          "team_id": "JAC",
          "value": 32.0
        },
        {
          "player_id": "P1922",
          "name": "Cristopher Kole",
          "team_id": "OKL",
          "value": 28.0
        }
      ]
    }
  },
  "year": 2048,
  "season_id": "nexgen-long-run-2048",
  "champion": "MIL",
  "runner_up": "POR"
}