{
  "metrics": {
    "pitches_per_pa": 3.9104250374898406,
    "avg": 0.24496009535655058,
    "obp": 0.32020068046825445,
    "slg": 0.38782649253731344,
    "ops": 0.7080271730055678,
    "iso": 0.14286639718076286,
    "babip": 0.29502386299831557,
    "k_pct": 0.21479675355151848,
    "bb_pct": 0.08794944881348947,
    "k_minus_bb_pct": 0.12684730473802902,
    "swing_pct": 0.48767721594950864,
    "z_swing_pct": 0.6452642372432227,
    "o_swing_pct": 0.3248516448523591,
    "contact_pct": 0.8337975412985017,
    "z_contact_pct": 0.9007624046994126,
    "o_contact_pct": 0.6963611711678699,
    "first_pitch_strike_pct": 0.6266355300662797,
    "zone_pct": 0.5081746940161532,
    "pitches_put_in_play_pct": 0.17245750183692765,
    "bip_gb_pct": 0.3955900325909832,
    "bip_ld_pct": 0.21258826724606192,
    "bip_fb_pct": 0.3918217001629549,
    "hr_per_fb_pct": 0.08313473149030823,
    "sb_pct": 0.7343606677673822,
    "sba_per_pa": 0.062399120848930255,
    "bip_double_play_pct": 0.02391702878870179,
    "called_third_strike_share_of_so": 0.2861863142187167
  },
  "mlb_deltas": {
    "pitches_per_pa": 0.05042503748984073,
    "avg": -3.9904643449412136e-05,
    "obp": 0.00720068046825445,
    "slg": -0.0041735074626865765,
    "ops": 0.0030271730055678736,
    "iso": -0.022133602819237153,
    "babip": 0.004023862998315586,
    "k_pct": -0.005203246448481524,
    "bb_pct": 0.007949448813489468,
    "k_minus_bb_pct": -0.013152695261970992,
    "swing_pct": 0.017677215949508662,
    "z_swing_pct": -0.00473576275677734,
    "o_swing_pct": 0.004851644852359116,
    "contact_pct": 0.07379754129850169,
    "z_contact_pct": 0.08076240469941265,
    "o_contact_pct": 0.07636117116786989,
    "first_pitch_strike_pct": 0.026635530066279722,
    "zone_pct": 0.018174694016153237,
    "pitches_put_in_play_pct": -0.0025424981630723376,
    "bip_gb_pct": -0.044409967409016815,
    "bip_ld_pct": 0.002588267246061926,
    "bip_fb_pct": 0.041821700162954945,
    "hr_per_fb_pct": -0.026865268509691773,
    "sb_pct": -0.045639332232617846,
    "sba_per_pa": 0.012399120848930252,
    "bip_double_play_pct": -0.004082971211298209,
    "called_third_strike_share_of_so": 0.0561863142187167
  },
  "flags": [
    {
      "metric": "pitches_per_pa",
      "delta": 0.05042503748984073,
      "tolerance": 0.05
    },
    {
      "metric": "hr_per_fb_pct",
      "delta": -0.026865268509691773,
      "tolerance": 0.02
    },
    {
      "metric": "sba_per_pa",
      "delta": 0.012399120848930252,
      "tolerance": 0.01
    }
  ],
  "leaders": {
    "batting": {
      "avg": [
        {
          "player_id": "P3473",
          "name": "Nigel Wohlschlegel",
          "team_id": "DET",
          "value": 0.3157894736842105
        },
        {
          "player_id": "P6878",
          "name": "Carlos Lopez",
          "team_id": "NEW",
          "value": 0.31527093596059114
        },
        {
          "player_id": "P2144",
          "name": "Francisco Morales",
          "team_id": "SAN",
          "value": 0.31448763250883394
        }
      ],
      "hr": [
        {
          "player_id": "P6878",
          "name": "Carlos Lopez",
          "team_id": "NEW",
          "value": 46.0
        },
        {
          "player_id": "P7784",
          "name": "Yong Tran",
          "team_id": "WAS",
          "value": 43.0
        },
        {
          "player_id": "P2346",
          "name": "Carlos Rodriguez",
          "team_id": "SAN1",
          "value": 42.0
        }
      ],
      "rbi": [
        {
          "player_id": "P6878",
          "name": "Carlos Lopez",
          "team_id": "NEW",
          "value": 131.0
        },
        {
          "player_id": "P9884",
          "name": "Hector Rivera",
          "team_id": "LOS",
          "value": 128.0
        },
        {
          "player_id": "P8652",
          "name": "Pedro Rivera",
          "team_id": "SAN1",
          "value": 116.0
        }
      ],
      "sb": [
        {
          "player_id": "P6752",
          "name": "Juan Cruz",
          "team_id": "LOS",
          "value": 73.0
        },
        {
          "player_id": "P2359",
          "name": "Jerrold Eppes",
          "team_id": "MIL",
          "value": 62.0
        },
        {
          "player_id": "P4857",
          "name": "Marcos Hickinbotham",
          "team_id": "BOS",
          "value": 60.0
        }
      ],
      "ops": [
        {
          "player_id": "P6878",
          "name": "Carlos Lopez",
          "team_id": "NEW",
          "value": 1.0083491399575248
        },
        {
          "player_id": "P9884",
          "name": "Hector Rivera",
          "team_id": "LOS",
          "value": 0.9750029915041283
        },
        {
          "player_id": "P2346",
          "name": "Carlos Rodriguez",
          "team_id": "SAN1",
          "value": 0.96297407294874
        }
      ]
    },
    "pitching": {
      "era": [
        {
          "player_id": "P3230",
          "name": "Dwayne Masturzo",
          "team_id": "POR",
          "value": 2.4685714285714284
        },
        {
          "player_id": "P2629",
          "name": "Sean Laurenceau",
          "team_id": "DET",
          "value": 2.5158069883527454
        },
        {
          "player_id": "P9028",
          "name": "Cedric King",
          "team_id": "DET",
          "value": 2.580530973451327
        }
      ],
      "so": [
        {
          "player_id": "P1342",
          "name": "Dion Mcclary",
          "team_id": "DEN",
          "value": 220.0
        },
        {
          "player_id": "P9177",
          "name": "Raul Hernandez",
          "team_id": "NAS",
          "value": 214.0
        },
        {
          "player_id": "P1914",
          "name": "Frederic Stacken",
          "team_id": "SAN",
          "value": 207.0
        }
      ],
      "wins": [
        {
          "player_id": "P3790",
          "name": "Eduardo Mendoza",
          "team_id": "WAS",
          "value": 17.0
        },
        {
          "player_id": "P7341",
          "name": "Randolph Shamburg",
          "team_id": "SAN1",
          "value": 17.0
        },
        {
          "player_id": "P1219",
          "name": "Deshawn Baker",
          "team_id": "POR",
          "value": 15.0
        }
      ],
      "saves": [
        {
          "player_id": "P4757",
          "name": "Russel Blackburn",
          "team_id": "LOS",
          "value": 45.0
        },
        {
          "player_id": "P9353",
          "name": "Cedric Harris",
          "team_id": "WAS",
          "value": 43.0
        },
        {
          "player_id": "P5871",
          "name": "Manuel Hernandez",
          "team_id": "SAN1",
          "value": 42.0
        }
      ]
    }
  },
  "year": 2027,
  "season_id": "nexgen-long-run-2027",
  "champion": "SAN1",
  "runner_up": "POR"
}