{
  "metrics": {
    "pitches_per_pa": 3.911706247799471,
    "avg": 0.24785102132869385,
    "obp": 0.3238494490642109,
    "slg": 0.3893034344996456,
    "ops": 0.7131528835638565,
    "iso": 0.14145241317095175,
    "babip": 0.29900663992011073,
    "k_pct": 0.21602098879007803,
    "bb_pct": 0.08963394550637728,
    "k_minus_bb_pct": 0.12638704328370076,
    "swing_pct": 0.4889958015643963,
    "z_swing_pct": 0.6473988439306358,
    "o_swing_pct": 0.3255540938346184,
    "contact_pct": 0.8301002867881508,
    "z_contact_pct": 0.9000635862653666,
    "o_contact_pct": 0.686545256863278,
    "first_pitch_strike_pct": 0.630242938430611,
    "zone_pct": 0.5078277886497065,
    "pitches_put_in_play_pct": 0.1715958120169331,
    "bip_gb_pct": 0.3911336717428088,
    "bip_ld_pct": 0.2124027072758037,
    "bip_fb_pct": 0.3964636209813875,
    "hr_per_fb_pct": 0.08458352867635568,
    "sb_pct": 0.6804986642920748,
    "sba_per_pa": 0.06377275773166605,
    "bip_double_play_pct": 0.023773265651438242,
    "called_third_strike_share_of_so": 0.2819663512092534
  },
  "mlb_deltas": {
    "pitches_per_pa": 0.05170624779947097,
    "avg": 0.002851021328693859,
    "obp": 0.010849449064210925,
    "slg": -0.0026965655003544087,
    "ops": 0.008152883563856572,
    "iso": -0.023547586829048256,
    "babip": 0.008006639920110747,
    "k_pct": -0.003979011209921973,
    "bb_pct": 0.009633945506377278,
    "k_minus_bb_pct": -0.013612956716299252,
    "swing_pct": 0.018995801564396342,
    "z_swing_pct": -0.0026011560693641744,
    "o_swing_pct": 0.005554093834618412,
    "contact_pct": 0.07010028678815083,
    "z_contact_pct": 0.08006358626536669,
    "o_contact_pct": 0.06654525686327806,
    "first_pitch_strike_pct": 0.03024293843061099,
    "zone_pct": 0.017827788649706466,
    "pitches_put_in_play_pct": -0.003404187983066881,
    "bip_gb_pct": -0.04886632825719123,
    "bip_ld_pct": 0.002402707275803717,
    "bip_fb_pct": 0.04646362098138751,
    "hr_per_fb_pct": -0.025416471323644316,
    "sb_pct": -0.09950133570792519,
    "sba_per_pa": 0.013772757731666044,
    "bip_double_play_pct": -0.004226734348561759,
    "called_third_strike_share_of_so": 0.051966351209253386
  },
  "flags": [
    {
      "metric": "pitches_per_pa",
      "delta": 0.05170624779947097,
      "tolerance": 0.05
    },
    {
      "metric": "hr_per_fb_pct",
      "delta": -0.025416471323644316,
      "tolerance": 0.02
    },
    {
      "metric": "sb_pct",
      "delta": -0.09950133570792519,
      "tolerance": 0.05
    },
    {
      "metric": "sba_per_pa",
      "delta": 0.013772757731666044,
      "tolerance": 0.01
    }
  ],
  "leaders": {
    "batting": {
      "avg": [
        {
          "player_id": "P4364",
          "name": "Hector Hernandez",
          "team_id": "LOS",
          "value": 0.3204334365325077
        },
        {
          "player_id": "P7846",
          "name": "Rory Dash",
          "team_id": "SAN",
          "value": 0.3173076923076923
        },
        {
          "player_id": "P6878",
          "name": "Carlos Lopez",
          "team_id": "NEW",
          "value": 0.3168
        }
      ],
      "hr": [
        {
          "player_id": "P4767",
          "name": "Jorge Diaz",
          "team_id": "BOS",
          "value": 44.0
        },
        {
          "player_id": "P6878",
          "name": "Carlos Lopez",
          "team_id": "NEW",
          "value": 43.0
        },
        {
          "player_id": "P2192",
          "name": "Xavier King",
          "team_id": "POR",
          "value": 42.0
        }
      ],
      "rbi": [
        {
          "player_id": "P4767",
          "name": "Jorge Diaz",
          "team_id": "BOS",
          "value": 142.0
        },
        {
          "player_id": "P7846",
          "name": "Rory Dash",
          "team_id": "SAN",
          "value": 126.0
        },
        {
          "player_id": "P6878",
          "name": "Carlos Lopez",
          "team_id": "NEW",
          "value": 125.0
        }
      ],
      "sb": [
        {
          "player_id": "P8872",
          "name": "Sam Hellar",
          "team_id": "MIL",
          "value": 69.0
        },
        {
          "player_id": "P2359",
          "name": "Jerrold Eppes",
          "team_id": "MIL",
          "value": 68.0
        },
        {
          "player_id": "P4408",
          "name": "Greg Fortna",
          "team_id": "SAN1",
          "value": 66.0
        }
      ],
      "ops": [
        {
          "player_id": "P6878",
          "name": "Carlos Lopez",
          "team_id": "NEW",
          "value": 0.995971270718232
        },
        {
          "player_id": "P4767",
          "name": "Jorge Diaz",
          "team_id": "BOS",
          "value": 0.9773866484392799
        },
        {
          "player_id": "P7846",
          "name": "Rory Dash",
          "team_id": "SAN",
          "value": 0.9768369077579604
        }
      ]
    },
    "pitching": {
      "era": [
        {
          "player_id": "P3346",
          "name": "Evan Silvaggio",
          "team_id": "BOS",
          "value": 2.470881863560732
        },
        {
          "player_id": "P8381",
          "name": "Lane Ominelli",
          "team_id": "MIL",
          "value": 2.5672131147540984
        },
        {
          "player_id": "P8873",
          "name": "Leonardo Dearinger",
          "team_id": "SAN",
          "value": 2.6611909650924024
        }
      ],
      "so": [
        {
          "player_id": "P9525",
          "name": "Malik Robinson",
          "team_id": "WAS",
          "value": 230.0
        },
        {
          "player_id": "P3490",
          "name": "Parker Lueck",
          "team_id": "OKL",
          "value": 215.0
        },
        {
          "player_id": "P2870",
          "name": "Milton Blankenberg",
          "team_id": "DEN",
          "value": 211.0
        }
      ],
      "wins": [
        {
          "player_id": "P5545",
          "name": "Ricardo Flores",
          "team_id": "SAN",
          "value": 19.0
        },
        {
          "player_id": "P6289",
          "name": "Jude Scharf",
          "team_id": "DET",
          "value": 17.0
        },
        {
          "player_id": "P8381",
          "name": "Lane Ominelli",
          "team_id": "MIL",
          "value": 17.0
        }
      ],
      "saves": [
        {
          "player_id": "P4757",
          "name": "Russel Blackburn",
          "team_id": "LOS",
          "value": 47.0
        },
        {
          "player_id": "P2137",
          "name": "Percy Baker",
          "team_id": "SAN",
          "value": 47.0
        },
        {
          "player_id": "P7238",
          "name": "Jermaine Mitchell",
          "team_id": "NEW",
          "value": 42.0
        }
      ]
    }
  },
  "year": 2034,
  "season_id": "nexgen-long-run-2034",
  "champion": "NEW",
  "runner_up": "SAN"
}