{
  "metrics": {
    "pitches_per_pa": 3.911907398317371,
    "avg": 0.24622563466211675,
    "obp": 0.3209802611880139,
    "slg": 0.37111576443824,
    "ops": 0.6920960256262539,
    "iso": 0.12489012977612327,
    "babip": 0.3061445761717709,
    "k_pct": 0.22745174141847696,
    "bb_pct": 0.08737343181013915,
    "k_minus_bb_pct": 0.1400783096083378,
    "swing_pct": 0.4883990346876304,
    "z_swing_pct": 0.6445296625933663,
    "o_swing_pct": 0.3260007620317672,
    "contact_pct": 0.8193740738970412,
    "z_contact_pct": 0.8928948840678809,
    "o_contact_pct": 0.6681823992403075,
    "first_pitch_strike_pct": 0.6264882820972363,
    "zone_pct": 0.509838423984569,
    "pitches_put_in_play_pct": 0.16907848853326796,
    "bip_gb_pct": 0.3914154053261076,
    "bip_ld_pct": 0.2138382147356794,
    "bip_fb_pct": 0.394746379938213,
    "hr_per_fb_pct": 0.07389561485200631,
    "sb_pct": 0.6744873452798817,
    "sba_per_pa": 0.0617915320601363,
    "bip_double_play_pct": 0.023696518872646313,
    "called_third_strike_share_of_so": 0.27237139272271016
  },
  "mlb_deltas": {
    "pitches_per_pa": 0.05190739831737101,
    "avg": 0.0012256346621167535,
    "obp": 0.007980261188013926,
    "slg": -0.02088423556176,
    "ops": -0.012903974373746019,
    "iso": -0.04010987022387674,
    "babip": 0.015144576171770896,
    "k_pct": 0.007451741418476959,
    "bb_pct": 0.00737343181013915,
    "k_minus_bb_pct": 7.830960833779543e-05,
    "swing_pct": 0.018399034687630433,
    "z_swing_pct": -0.0054703374066337185,
    "o_swing_pct": 0.006000762031767193,
    "contact_pct": 0.05937407389704119,
    "z_contact_pct": 0.07289488406788092,
    "o_contact_pct": 0.04818239924030754,
    "first_pitch_strike_pct": 0.026488282097236304,
    "zone_pct": 0.01983842398456903,
    "pitches_put_in_play_pct": -0.005921511466732032,
    "bip_gb_pct": -0.04858459467389242,
    "bip_ld_pct": 0.0038382147356794127,
    "bip_fb_pct": 0.04474637993821301,
    "hr_per_fb_pct": -0.03610438514799369,
    "sb_pct": -0.10551265472011828,
    "sba_per_pa": 0.011791532060136299,
    "bip_double_play_pct": -0.004303481127353688,
    "called_third_strike_share_of_so": 0.04237139272271015
  },
  "flags": [
    {
      "metric": "pitches_per_pa",
      "delta": 0.05190739831737101,
      "tolerance": 0.05
    },
    {
      "metric": "babip",
      "delta": 0.015144576171770896,
      "tolerance": 0.015
    },
    {
      "metric": "hr_per_fb_pct",
      "delta": -0.03610438514799369,
      "tolerance": 0.02
    },
    {
      "metric": "sb_pct",
      "delta": -0.10551265472011828,
      "tolerance": 0.05
    },
    {
      "metric": "sba_per_pa",
      "delta": 0.011791532060136299,
      "tolerance": 0.01
    }
  ],
  "leaders": {
    "batting": {
      "avg": [
        {
          "player_id": "P3807",
          "name": "Roberto Lopez",
          "team_id": "BOS",
          "value": 0.3269230769230769
        },
        {
          "player_id": "P8652",
          "name": "Pedro Rivera",
          "team_id": "OKL",
          "value": 0.3221884498480243
        },
        {
          "player_id": "P10189",
          "name": "Wilford Demetriou",
          "team_id": "SAN1",
          "value": 0.31703470031545744
        }
      ],
      "hr": [
        {
          "player_id": "P10127",
          "name": "Lane Lajoy",
          "team_id": "POR",
          "value": 42.0
        },
        {
          "player_id": "P4364",
          "name": "Hector Hernandez",
          "team_id": "LOS",
          "value": 40.0
        },
        {
          "player_id": "P2192",
          "name": "Xavier King",
          "team_id": "POR",
          "value": 39.0
        }
      ],
      "rbi": [
        {
          "player_id": "P5793",
          "name": "Alejandro Hernandez",
          "team_id": "BOS",
          "value": 119.0
        },
        {
          "player_id": "P8652",
          "name": "Pedro Rivera",
          "team_id": "OKL",
          "value": 113.0
        },
        {
          "player_id": "P4571",
          "name": "Ronny Thurstonson",
          "team_id": "JAC",
          "value": 109.0
        }
      ],
      "sb": [
        {
          "player_id": "P4740",
          "name": "Glen Temby",
          "team_id": "LAS",
          "value": 75.0
        },
        {
          "player_id": "P3824",
          "name": "Kenton Meck",
          "team_id": "WAS",
          "value": 68.0
        },
        {
          "player_id": "P9991",
          "name": "Mauricio Reyolds",
          "team_id": "BOS",
          "value": 68.0
        }
      ],
      "ops": [
        {
          "player_id": "P4364",
          "name": "Hector Hernandez",
          "team_id": "LOS",
          "value": 0.9780413080448132
        },
        {
          "player_id": "P4571",
          "name": "Ronny Thurstonson",
          "team_id": "JAC",
          "value": 0.9768526439804652
        },
        {
          "player_id": "P3807",
          "name": "Roberto Lopez",
          "team_id": "BOS",
          "value": 0.9619802677942213
        }
      ]
    },
    "pitching": {
      "era": [
        {
          "player_id": "P2496",
          "name": "Pedro Ramirez",
          "team_id": "BOS",
          "value": 2.4073426573426575
        },
        {
          "player_id": "P1793",
          "name": "Cedric Carter",
          "team_id": "DEN",
          "value": 2.513793103448276
        },
        {
          "player_id": "D20280115",
          "name": "Tyrone Jefferson",
          "team_id": "JAC",
          "value": 2.6052631578947367
        }
      ],
      "so": [
        {
          "player_id": "P6414",
          "name": "Darnell Green",
          "team_id": "WAS",
          "value": 244.0
        },
        {
          "player_id": "D20330162",
          "name": "Antonio Ramos",
          "team_id": "NEW",
          "value": 206.0
        },
        {
          "player_id": "P3490",
          "name": "Parker Lueck",
          "team_id": "OKL",
          "value": 205.0
        }
      ],
      "wins": [
        {
          "player_id": "P8354",
          "name": "Miguel Torres",
          "team_id": "SAN1",
          "value": 18.0
        },
        {
          "player_id": "P1793",
          "name": "Cedric Carter",
          "team_id": "DEN",
          "value": 17.0
        },
        {
          "player_id": "D20280061",
          "name": "Deshawn King",
          "team_id": "BOS",
          "value": 17.0
        }
      ],
      "saves": [
        {
          "player_id": "P3891",
          "name": "Cesar Lona",
          "team_id": "MIL",
          "value": 48.0
        },
        {
          "player_id": "P5672",
          "name": "Arnoldo Buther",
          "team_id": "DEN",
          "value": 31.0
        },
        {
          "player_id": "P3176",
          "name": "Francisco Torres",
          "team_id": "WAS",
          "value": 25.0
        }
      ]
    }
  },
  "year": 2046,
  "season_id": "nexgen-long-run-2046",
  "champion": "DET",
  "runner_up": "BOS"
}