{
  "metrics": {
    "pitches_per_pa": 3.90538668498483,
    "avg": 0.24583678113363674,
    "obp": 0.3192850379881301,
    "slg": 0.37082385188249894,
    "ops": 0.6901088898706291,
    "iso": 0.1249870707488622,
    "babip": 0.30643351911536887,
    "k_pct": 0.22902284046024385,
    "bb_pct": 0.08587784074646516,
    "k_minus_bb_pct": 0.1431449997137787,
    "swing_pct": 0.48873110613398374,
    "z_swing_pct": 0.6438956004015369,
    "o_swing_pct": 0.32843213217150824,
    "contact_pct": 0.8173638686613002,
    "z_contact_pct": 0.8907435780268617,
    "o_contact_pct": 0.6687414935123854,
    "first_pitch_strike_pct": 0.6275344896674109,
    "zone_pct": 0.5081379941134394,
    "pitches_put_in_play_pct": 0.16947314110156075,
    "bip_gb_pct": 0.3900536239404947,
    "bip_ld_pct": 0.21241999654039093,
    "bip_fb_pct": 0.39752637951911435,
    "hr_per_fb_pct": 0.0728233680303397,
    "sb_pct": 0.6662164769438549,
    "sba_per_pa": 0.05933940122502719,
    "bip_double_play_pct": 0.023975090814737934,
    "called_third_strike_share_of_so": 0.26329734053189363
  },
  "mlb_deltas": {
    "pitches_per_pa": 0.04538668498483034,
    "avg": 0.0008367811336367492,
    "obp": 0.006285037988130127,
    "slg": -0.02117614811750107,
    "ops": -0.014891110129370833,
    "iso": -0.04001292925113781,
    "babip": 0.015433519115368888,
    "k_pct": 0.009022840460243847,
    "bb_pct": 0.005877840746465163,
    "k_minus_bb_pct": 0.0031449997137786845,
    "swing_pct": 0.018731106133983766,
    "z_swing_pct": -0.006104399598463095,
    "o_swing_pct": 0.008432132171508233,
    "contact_pct": 0.057363868661300166,
    "z_contact_pct": 0.07074357802686171,
    "o_contact_pct": 0.048741493512385436,
    "first_pitch_strike_pct": 0.0275344896674109,
    "zone_pct": 0.018137994113439415,
    "pitches_put_in_play_pct": -0.005526858898439235,
    "bip_gb_pct": -0.049946376059505304,
    "bip_ld_pct": 0.002419996540390934,
    "bip_fb_pct": 0.04752637951911437,
    "hr_per_fb_pct": -0.0371766319696603,
    "sb_pct": -0.11378352305614514,
    "sba_per_pa": 0.009339401225027189,
    "bip_double_play_pct": -0.004024909185262066,
    "called_third_strike_share_of_so": 0.03329734053189362
  },
  "flags": [
    {
      "metric": "babip",
      "delta": 0.015433519115368888,
      "tolerance": 0.015
    },
    {
      "metric": "hr_per_fb_pct",
      "delta": -0.0371766319696603,
      "tolerance": 0.02
    },
    {
      "metric": "sb_pct",
      "delta": -0.11378352305614514,
      "tolerance": 0.05
    }
  ],
  "leaders": {
    "batting": {
      "avg": [
        {
          "player_id": "P6878",
          "name": "Carlos Lopez",
          "team_id": "SAN1",
          "value": 0.34683954619124796
        },
        {
          "player_id": "P6257",
          "name": "Johnathan Claes",
          "team_id": "WAS",
          "value": 0.34516129032258064
        },
        {
          "player_id": "P2346",
          "name": "Carlos Rodriguez",
          "team_id": "NAS",
          "value": 0.33933933933933935
        }
      ],
      "hr": [
        {
          "player_id": "P2346",
          "name": "Carlos Rodriguez",
          "team_id": "NAS",
          "value": 46.0
        },
        {
          "player_id": "P6878",
          "name": "Carlos Lopez",
          "team_id": "SAN1",
          "value": 45.0
        },
        {
          "player_id": "P2192",
          "name": "Xavier King",
          "team_id": "DET",
          "value": 40.0
        }
      ],
      "rbi": [
        {
          "player_id": "P6878",
          "name": "Carlos Lopez",
          "team_id": "SAN1",
          "value": 128.0
        },
        {
          "player_id": "P6257",
          "name": "Johnathan Claes",
          "team_id": "WAS",
          "value": 118.0
        },
        {
          "player_id": "P2346",
          "name": "Carlos Rodriguez",
          "team_id": "NAS",
          "value": 117.0
        }
      ],
      "sb": [
        {
          "player_id": "P5390",
          "name": "Luis Rivera",
          "team_id": "MIL",
          "value": 72.0
        },
        {
          "player_id": "P4740",
          "name": "Glen Temby",
          "team_id": "DEN",
          "value": 72.0
        },
        {
          "player_id": "P9991",
          "name": "Mauricio Reyolds",
          "team_id": "NEW",
          "value": 67.0
        }
      ],
      "ops": [
        {
          "player_id": "P2346",
          "name": "Carlos Rodriguez",
          "team_id": "NAS",
          "value": 1.0711703660765324
        },
        {
          "player_id": "P6878",
          "name": "Carlos Lopez",
          "team_id": "SAN1",
          "value": 1.0663598799206602
        },
        {
          "player_id": "P6257",
          "name": "Johnathan Claes",
          "team_id": "WAS",
          "value": 0.989600657954857
        }
      ]
    },
    "pitching": {
      "era": [
        {
          "player_id": "P10005",
          "name": "Al Sanville",
          "team_id": "BOS",
          "value": 1.9285714285714286
        },
        {
          "player_id": "D20290054",
          "name": "Leroy Allen",
          "team_id": "NEW",
          "value": 2.103896103896104
        },
        {
          "player_id": "D20370059",
          "name": "Jamal King",
          "team_id": "SAN",
          "value": 2.4419795221843
        }
      ],
      "so": [
        {
          "player_id": "P8145",
          "name": "Milo Kaspari",
          "team_id": "DEN",
          "value": 222.0
        },
        {
          "player_id": "D20330026",
          "name": "Jorge Ramos",
          "team_id": "JAC",
          "value": 220.0
        },
        {
          "player_id": "P10005",
          "name": "Al Sanville",
          "team_id": "BOS",
          "value": 215.0
        }
      ],
      "wins": [
        {
          "player_id": "P7356",
          "name": "Weston Redick",
          "team_id": "WAS",
          "value": 19.0
        },
        {
          "player_id": "D20370179",
          "name": "Virgil Lougee",
          "team_id": "WAS",
          "value": 18.0
        },
        {
          "player_id": "P4543",
          "name": "Juan Gomez",
          "team_id": "DET",
          "value": 16.0
        }
      ],
      "saves": [
        {
          "player_id": "P8381",
          "name": "Lane Ominelli",
          "team_id": "WAS",
          "value": 23.0
        },
        {
          "player_id": "P3531",
          "name": "Jose Reyes",
          "team_id": "WAS",
          "value": 20.0
        },
        {
          "player_id": "P1922",
          "name": "Cristopher Kole",
          "team_id": "OKL",
          "value": 20.0
        }
      ]
    }
  },
  "year": 2053,
  "season_id": "nexgen-long-run-2053",
  "champion": "BOS",
  "runner_up": "WAS"
}