{
  "metrics": {
    "pitches_per_pa": 3.9062692351533115,
    "avg": 0.24220877263166046,
    "obp": 0.3177082135381926,
    "slg": 0.36209366248983754,
    "ops": 0.6798018760280302,
    "iso": 0.11988488985817708,
    "babip": 0.30322603605046355,
    "k_pct": 0.22990995098597972,
    "bb_pct": 0.0871993616778753,
    "k_minus_bb_pct": 0.1427105893081044,
    "swing_pct": 0.4887495367627963,
    "z_swing_pct": 0.646424579404431,
    "o_swing_pct": 0.32525172073560704,
    "contact_pct": 0.8139146113568926,
    "z_contact_pct": 0.8880484517433406,
    "o_contact_pct": 0.6611355786626706,
    "first_pitch_strike_pct": 0.6263649834720164,
    "zone_pct": 0.5090648590445788,
    "pitches_put_in_play_pct": 0.16854539140990438,
    "bip_gb_pct": 0.3940270083102493,
    "bip_ld_pct": 0.21083795013850415,
    "bip_fb_pct": 0.3951350415512465,
    "hr_per_fb_pct": 0.07038409840739684,
    "sb_pct": 0.6649841091792859,
    "sba_per_pa": 0.06097116151829477,
    "bip_double_play_pct": 0.02418628808864266,
    "called_third_strike_share_of_so": 0.2629647992067427
  },
  "mlb_deltas": {
    "pitches_per_pa": 0.046269235153311605,
    "avg": -0.0027912273683395328,
    "obp": 0.004708213538192618,
    "slg": -0.029906337510162473,
    "ops": -0.025198123971969744,
    "iso": -0.04511511014182293,
    "babip": 0.012226036050463573,
    "k_pct": 0.009909950985979715,
    "bb_pct": 0.007199361677875299,
    "k_minus_bb_pct": 0.0027105893081043886,
    "swing_pct": 0.018749536762796337,
    "z_swing_pct": -0.0035754205955690344,
    "o_swing_pct": 0.005251720735607035,
    "contact_pct": 0.05391461135689257,
    "z_contact_pct": 0.06804845174334062,
    "o_contact_pct": 0.04113557866267059,
    "first_pitch_strike_pct": 0.026364983472016434,
    "zone_pct": 0.019064859044578775,
    "pitches_put_in_play_pct": -0.006454608590095612,
    "bip_gb_pct": -0.04597299168975072,
    "bip_ld_pct": 0.0008379501385041566,
    "bip_fb_pct": 0.045135041551246535,
    "hr_per_fb_pct": -0.039615901592603156,
    "sb_pct": -0.11501589082071417,
    "sba_per_pa": 0.010971161518294768,
    "bip_double_play_pct": -0.003813711911357341,
    "called_third_strike_share_of_so": 0.032964799206742695
  },
  "flags": [
    {
      "metric": "hr_per_fb_pct",
      "delta": -0.039615901592603156,
      "tolerance": 0.02
    },
    {
      "metric": "sb_pct",
      "delta": -0.11501589082071417,
      "tolerance": 0.05
    },
    {
      "metric": "sba_per_pa",
      "delta": 0.010971161518294768,
      "tolerance": 0.01
    }
  ],
  "leaders": {
    "batting": {
      "avg": [
        {
          "player_id": "P7268",
          "name": "Fernando Guerrero",
          "team_id": "SAN",
          "value": 0.324031007751938
        },
        {
          "player_id": "P7846",
          "name": "Rory Dash",
          "team_id": "SAN",
          "value": 0.3203592814371258
        },
        {
          "player_id": "P4144",
          "name": "Sydney Blue",
          "team_id": "DEN",
          "value": 0.30849220103986136
        }
      ],
      "hr": [
        {
          "player_id": "P7268",
          "name": "Fernando Guerrero",
          "team_id": "SAN",
          "value": 39.0
        },
        {
          "player_id": "P2111",
          "name": "Basil Montore",
          "team_id": "OKL",
          "value": 38.0
        },
        {
          "player_id": "P4402",
          "name": "Carter Hurtgen",
          "team_id": "DET",
          "value": 37.0
        }
      ],
      "rbi": [
        {
          "player_id": "P4766",
          "name": "Nathaniel Szydlowski",
          "team_id": "NAS",
          "value": 112.0
        },
        {
          "player_id": "P10025",
          "name": "Joan Lupiani",
          "team_id": "BOS",
          "value": 110.0
        },
        {
          "player_id": "P7268",
          "name": "Fernando Guerrero",
          "team_id": "SAN",
          "value": 108.0
        }
      ],
      "sb": [
        {
          "player_id": "P5390",
          "name": "Luis Rivera",
          "team_id": "NEW",
          "value": 74.0
        },
        {
          "player_id": "P3824",
          "name": "Kenton Meck",
          "team_id": "LOS",
          "value": 66.0
        },
        {
          "player_id": "P4857",
          "name": "Marcos Hickinbotham",
          "team_id": "BOS",
          "value": 64.0
        }
      ],
      "ops": [
        {
          "player_id": "P7268",
          "name": "Fernando Guerrero",
          "team_id": "SAN",
          "value": 1.0017905291540277
        },
        {
          "player_id": "P2111",
          "name": "Basil Montore",
          "team_id": "OKL",
          "value": 0.9451202139084314
        },
        {
          "player_id": "P7846",
          "name": "Rory Dash",
          "team_id": "SAN",
          "value": 0.9114803180524197
        }
      ]
    },
    "pitching": {
      "era": [
        {
          "player_id": "P8204",
          "name": "Miguel Vargas",
          "team_id": "NAS",
          "value": 1.6541501976284585
        },
        {
          "player_id": "P10111",
          "name": "Dewayne Kuhr",
          "team_id": "MIL",
          "value": 1.7224137931034482
        },
        {
          "player_id": "P2396",
          "name": "Carlos Torres",
          "team_id": "POR",
          "value": 1.9384615384615385
        }
      ],
      "so": [
        {
          "player_id": "P5837",
          "name": "Edward Schlein",
          "team_id": "JAC",
          "value": 245.0
        },
        {
          "player_id": "P3790",
          "name": "Eduardo Mendoza",
          "team_id": "WAS",
          "value": 239.0
        },
        {
          "player_id": "P8829",
          "name": "Jermaine Taylor",
          "team_id": "DET",
          "value": 217.0
        }
      ],
      "wins": [
        {
          "player_id": "P2396",
          "name": "Carlos Torres",
          "team_id": "POR",
          "value": 17.0
        },
        {
          "player_id": "P3917",
          "name": "Cedric White",
          "team_id": "SAN",
          "value": 16.0
        },
        {
          "player_id": "P3054",
          "name": "Jose Rodriguez",
          "team_id": "LOS",
          "value": 16.0
        }
      ],
      "saves": [
        {
          "player_id": "P5871",
          "name": "Manuel Hernandez",
          "team_id": "SAN1",
          "value": 46.0
        },
        {
          "player_id": "P5672",
          "name": "Arnoldo Buther",
          "team_id": "DEN",
          "value": 34.0
        },
        {
          "player_id": "P3338",
          "name": "Jorge Guerrero",
          "team_id": "BOS",
          "value": 27.0
        }
      ]
    }
  },
  "year": 2043,
  "season_id": "nexgen-long-run-2043",
  "champion": "LOS",
  "runner_up": "SAN"
}