{
  "metrics": {
    "pitches_per_pa": 3.905472523206558,
    "avg": 0.24851399615766467,
    "obp": 0.32158037205552037,
    "slg": 0.38273785731784365,
    "ops": 0.7043182293733641,
    "iso": 0.13422386116017898,
    "babip": 0.30451970421615515,
    "k_pct": 0.22252035212312893,
    "bb_pct": 0.08610118401972985,
    "k_minus_bb_pct": 0.13641916810339907,
    "swing_pct": 0.48950601222617546,
    "z_swing_pct": 0.6462834483906325,
    "o_swing_pct": 0.3266842280919233,
    "contact_pct": 0.8259882821598571,
    "z_contact_pct": 0.8988030757756034,
    "o_contact_pct": 0.676384201404725,
    "first_pitch_strike_pct": 0.6277017229370997,
    "zone_pct": 0.5094561369144548,
    "pitches_put_in_play_pct": 0.17116060961313012,
    "bip_gb_pct": 0.39020599186964094,
    "bip_ld_pct": 0.21306323233013358,
    "bip_fb_pct": 0.3967307758002255,
    "hr_per_fb_pct": 0.07997306504000634,
    "sb_pct": 0.6421448730009407,
    "sba_per_pa": 0.060685292807965016,
    "bip_double_play_pct": 0.02415194889488607,
    "called_third_strike_share_of_so": 0.27128123556878236
  },
  "mlb_deltas": {
    "pitches_per_pa": 0.04547252320655826,
    "avg": 0.0035139961576646783,
    "obp": 0.008580372055520369,
    "slg": -0.00926214268215636,
    "ops": -0.0006817706266358803,
    "iso": -0.030776138839821027,
    "babip": 0.01351970421615517,
    "k_pct": 0.002520352123128927,
    "bb_pct": 0.006101184019729852,
    "k_minus_bb_pct": -0.003580831896600939,
    "swing_pct": 0.019506012226175484,
    "z_swing_pct": -0.003716551609367569,
    "o_swing_pct": 0.006684228091923317,
    "contact_pct": 0.06598828215985708,
    "z_contact_pct": 0.07880307577560342,
    "o_contact_pct": 0.056384201404725,
    "first_pitch_strike_pct": 0.027701722937099715,
    "zone_pct": 0.019456136914454802,
    "pitches_put_in_play_pct": -0.0038393903868698676,
    "bip_gb_pct": -0.04979400813035906,
    "bip_ld_pct": 0.003063232330133586,
    "bip_fb_pct": 0.0467307758002255,
    "hr_per_fb_pct": -0.03002693495999366,
    "sb_pct": -0.13785512699905933,
    "sba_per_pa": 0.010685292807965013,
    "bip_double_play_pct": -0.0038480511051139296,
    "called_third_strike_share_of_so": 0.041281235568782354
  },
  "flags": [
    {
      "metric": "hr_per_fb_pct",
      "delta": -0.03002693495999366,
      "tolerance": 0.02
    },
    {
      "metric": "sb_pct",
      "delta": -0.13785512699905933,
      "tolerance": 0.05
    },
    {
      "metric": "sba_per_pa",
      "delta": 0.010685292807965013,
      "tolerance": 0.01
    }
  ],
  "leaders": {
    "batting": {
      "avg": [
        {
          "player_id": "P7268",
          "name": "Fernando Guerrero",
          "team_id": "JAC",
          "value": 0.3379416282642089
        },
        {
          "player_id": "P7952",
          "name": "Roberto Flores",
          "team_id": "SAN1",
          "value": 0.3264
        },
        {
          "player_id": "P4364",
          "name": "Hector Hernandez",
          "team_id": "LOS",
          "value": 0.32083958020989506
        }
      ],
      "hr": [
        {
          "player_id": "P7268",
          "name": "Fernando Guerrero",
          "team_id": "JAC",
          "value": 48.0
        },
        {
          "player_id": "P2111",
          "name": "Basil Montore",
          "team_id": "OKL",
          "value": 45.0
        },
        {
          "player_id": "P6183",
          "name": "Jose Cruz",
          "team_id": "DEN",
          "value": 42.0
        }
      ],
      "rbi": [
        {
          "player_id": "P7268",
          "name": "Fernando Guerrero",
          "team_id": "JAC",
          "value": 127.0
        },
        {
          "player_id": "P2111",
          "name": "Basil Montore",
          "team_id": "OKL",
          "value": 125.0
        },
        {
          "player_id": "P6257",
          "name": "Johnathan Claes",
          "team_id": "JAC",
          "value": 117.0
        }
      ],
      "sb": [
        {
          "player_id": "P2359",
          "name": "Jerrold Eppes",
          "team_id": "MIL",
          "value": 65.0
        },
        {
          "player_id": "P4408",
          "name": "Greg Fortna",
          "team_id": "SAN1",
          "value": 60.0
        },
        {
          "player_id": "P9448",
          "name": "Eduardo Cruz",
          "team_id": "JAC",
          "value": 55.0
        }
      ],
      "ops": [
        {
          "player_id": "P7268",
          "name": "Fernando Guerrero",
          "team_id": "JAC",
          "value": 1.0466328849084028
        },
        {
          "player_id": "P2111",
          "name": "Basil Montore",
          "team_id": "OKL",
          "value": 0.9723840709932008
        },
        {
          "player_id": "P9884",
          "name": "Hector Rivera",
          "team_id": "DEN",
          "value": 0.9712611607142857
        }
      ]
    },
    "pitching": {
      "era": [
        {
          "player_id": "P9647",
          "name": "Eduardo Morales",
          "team_id": "SAN1",
          "value": 1.9148936170212767
        },
        {
          "player_id": "P6776",
          "name": "Omar Roddey",
          "team_id": "NEW",
          "value": 2.3630470016207457
        },
        {
          "player_id": "P7887",
          "name": "Malik Jackson",
          "team_id": "NEW",
          "value": 2.4588441330998245
        }
      ],
      "so": [
        {
          "player_id": "P3531",
          "name": "Jose Reyes",
          "team_id": "JAC",
          "value": 232.0
        },
        {
          "player_id": "P9525",
          "name": "Malik Robinson",
          "team_id": "WAS",
          "value": 229.0
        },
        {
          "player_id": "P8204",
          "name": "Miguel Vargas",
          "team_id": "NAS",
          "value": 228.0
        }
      ],
      "wins": [
        {
          "player_id": "P9647",
          "name": "Eduardo Morales",
          "team_id": "SAN1",
          "value": 19.0
        },
        {
          "player_id": "P7713",
          "name": "Kerry Demer",
          "team_id": "POR",
          "value": 18.0
        },
        {
          "player_id": "P1038",
          "name": "Jermaine Walker",
          "team_id": "NAS",
          "value": 18.0
        }
      ],
      "saves": [
        {
          "player_id": "P5871",
          "name": "Manuel Hernandez",
          "team_id": "SAN1",
          "value": 41.0
        },
        {
          "player_id": "P9876",
          "name": "Rufus Robinson",
          "team_id": "LAS",
          "value": 31.0
        },
        {
          "player_id": "P4757",
          "name": "Russel Blackburn",
          "team_id": "LOS",
          "value": 30.0
        }
      ]
    }
  },
  "year": 2039,
  "season_id": "nexgen-long-run-2039",
  "champion": "LAS",
  "runner_up": "POR"
}