{
  "metrics": {
    "pitches_per_pa": 3.9074834119980846,
    "avg": 0.24578406667958907,
    "obp": 0.3213866985447941,
    "slg": 0.39008851844672743,
    "ops": 0.7114752169915215,
    "iso": 0.14430445176713835,
    "babip": 0.29678599057598987,
    "k_pct": 0.21709191235150604,
    "bb_pct": 0.08838953872813918,
    "k_minus_bb_pct": 0.12870237362336684,
    "swing_pct": 0.48750514236697684,
    "z_swing_pct": 0.6450399488470423,
    "o_swing_pct": 0.32582296741238237,
    "contact_pct": 0.8288506655175716,
    "z_contact_pct": 0.8992918188556579,
    "o_contact_pct": 0.6857251728330097,
    "first_pitch_strike_pct": 0.6249059443190369,
    "zone_pct": 0.5064961589071632,
    "pitches_put_in_play_pct": 0.17170399806267705,
    "bip_gb_pct": 0.3942565845369584,
    "bip_ld_pct": 0.21050127442650807,
    "bip_fb_pct": 0.39524214103653355,
    "hr_per_fb_pct": 0.08425196850393701,
    "sb_pct": 0.7049963262307127,
    "sba_per_pa": 0.06206534874706432,
    "bip_double_play_pct": 0.02344944774851317,
    "called_third_strike_share_of_so": 0.2769667051780275
  },
  "mlb_deltas": {
    "pitches_per_pa": 0.0474834119980847,
    "avg": 0.0007840666795890794,
    "obp": 0.008386698544794124,
    "slg": -0.001911481553272587,
    "ops": 0.006475216991521537,
    "iso": -0.020695548232861655,
    "babip": 0.0057859905759898855,
    "k_pct": -0.0029080876484939566,
    "bb_pct": 0.008389538728139176,
    "k_minus_bb_pct": -0.011297626376633174,
    "swing_pct": 0.017505142366976867,
    "z_swing_pct": -0.004960051152957723,
    "o_swing_pct": 0.005822967412382363,
    "contact_pct": 0.06885066551757157,
    "z_contact_pct": 0.07929181885565795,
    "o_contact_pct": 0.06572517283300972,
    "first_pitch_strike_pct": 0.02490594431903692,
    "zone_pct": 0.01649615890716316,
    "pitches_put_in_play_pct": -0.0032960019373229343,
    "bip_gb_pct": -0.045743415463041615,
    "bip_ld_pct": 0.0005012744265080749,
    "bip_fb_pct": 0.04524214103653357,
    "hr_per_fb_pct": -0.025748031496062987,
    "sb_pct": -0.0750036737692873,
    "sba_per_pa": 0.012065348747064317,
    "bip_double_play_pct": -0.004550552251486831,
    "called_third_strike_share_of_so": 0.04696670517802751
  },
  "flags": [
    {
      "metric": "hr_per_fb_pct",
      "delta": -0.025748031496062987,
      "tolerance": 0.02
    },
    {
      "metric": "sb_pct",
      "delta": -0.0750036737692873,
      "tolerance": 0.05
    },
    {
      "metric": "sba_per_pa",
      "delta": 0.012065348747064317,
      "tolerance": 0.01
    }
  ],
  "leaders": {
    "batting": {
      "avg": [
        {
          "player_id": "P9114",
          "name": "Antonio Diaz",
          "team_id": "NAS",
          "value": 0.3425076452599388
        },
        {
          "player_id": "P7784",
          "name": "Yong Tran",
          "team_id": "WAS",
          "value": 0.3307453416149068
        },
        {
          "player_id": "P6878",
          "name": "Carlos Lopez",
          "team_id": "NEW",
          "value": 0.3307453416149068
        }
      ],
      "hr": [
        {
          "player_id": "P6878",
          "name": "Carlos Lopez",
          "team_id": "NEW",
          "value": 58.0
        },
        {
          "player_id": "P9114",
          "name": "Antonio Diaz",
          "team_id": "NAS",
          "value": 53.0
        },
        {
          "player_id": "P7176",
          "name": "Deshawn Walker",
          "team_id": "LAS",
          "value": 48.0
        }
      ],
      "rbi": [
        {
          "player_id": "P6878",
          "name": "Carlos Lopez",
          "team_id": "NEW",
          "value": 146.0
        },
        {
          "player_id": "P9114",
          "name": "Antonio Diaz",
          "team_id": "NAS",
          "value": 140.0
        },
        {
          "player_id": "P7268",
          "name": "Fernando Guerrero",
          "team_id": "JAC",
          "value": 129.0
        }
      ],
      "sb": [
        {
          "player_id": "P4408",
          "name": "Greg Fortna",
          "team_id": "SAN1",
          "value": 69.0
        },
        {
          "player_id": "P6752",
          "name": "Juan Cruz",
          "team_id": "LOS",
          "value": 67.0
        },
        {
          "player_id": "P4519",
          "name": "Sung Hassan",
          "team_id": "WAS",
          "value": 65.0
        }
      ],
      "ops": [
        {
          "player_id": "P9114",
          "name": "Antonio Diaz",
          "team_id": "NAS",
          "value": 1.0670161642638707
        },
        {
          "player_id": "P6878",
          "name": "Carlos Lopez",
          "team_id": "NEW",
          "value": 1.059575498551291
        },
        {
          "player_id": "P7176",
          "name": "Deshawn Walker",
          "team_id": "LAS",
          "value": 1.0123883526769641
        }
      ]
    },
    "pitching": {
      "era": [
        {
          "player_id": "P9312",
          "name": "Alejandro Morales",
          "team_id": "LAS",
          "value": 2.619402985074627
        },
        {
          "player_id": "P8873",
          "name": "Leonardo Dearinger",
          "team_id": "SAN",
          "value": 2.6584615384615384
        },
        {
          "player_id": "P9525",
          "name": "Malik Robinson",
          "team_id": "WAS",
          "value": 2.662629757785467
        }
      ],
      "so": [
        {
          "player_id": "P3531",
          "name": "Jose Reyes",
          "team_id": "JAC",
          "value": 233.0
        },
        {
          "player_id": "P8713",
          "name": "Rubin Sexson",
          "team_id": "SAN",
          "value": 222.0
        },
        {
          "player_id": "P8873",
          "name": "Leonardo Dearinger",
          "team_id": "SAN",
          "value": 214.0
        }
      ],
      "wins": [
        {
          "player_id": "P3531",
          "name": "Jose Reyes",
          "team_id": "JAC",
          "value": 17.0
        },
        {
          "player_id": "P9879",
          "name": "Stacey Pettett",
          "team_id": "WAS",
          "value": 17.0
        },
        {
          "player_id": "P1613",
          "name": "Hector Delgado",
          "team_id": "SAN1",
          "value": 17.0
        }
      ],
      "saves": [
        {
          "player_id": "P5871",
          "name": "Manuel Hernandez",
          "team_id": "SAN1",
          "value": 50.0
        },
        {
          "player_id": "P6034",
          "name": "Ronny Kerksiek",
          "team_id": "DEN",
          "value": 49.0
        },
        {
          "player_id": "P4757",
          "name": "Russel Blackburn",
          "team_id": "LOS",
          "value": 45.0
        }
      ]
    }
  },
  "year": 2032,
  "season_id": "nexgen-long-run-2032",
  "champion": "SAN",
  "runner_up": "JAC"
}