{
  "metrics": {
    "pitches_per_pa": 3.9134442728884316,
    "avg": 0.24462240190742757,
    "obp": 0.32031331110777855,
    "slg": 0.3912558959208003,
    "ops": 0.7115692070285788,
    "iso": 0.14663349401337272,
    "babip": 0.2934524542304919,
    "k_pct": 0.21438783096014183,
    "bb_pct": 0.08895751129410419,
    "k_minus_bb_pct": 0.12543031966603763,
    "swing_pct": 0.48742153069216654,
    "z_swing_pct": 0.6458441334024537,
    "o_swing_pct": 0.3242545769509142,
    "contact_pct": 0.8322181050712907,
    "z_contact_pct": 0.9002720178372352,
    "o_contact_pct": 0.6926102786468339,
    "first_pitch_strike_pct": 0.6267398638988964,
    "zone_pct": 0.5073764071870287,
    "pitches_put_in_play_pct": 0.1721005809943537,
    "bip_gb_pct": 0.3940191550061133,
    "bip_ld_pct": 0.21048430919711997,
    "bip_fb_pct": 0.39549653579676675,
    "hr_per_fb_pct": 0.08602150537634409,
    "sb_pct": 0.7170228445099485,
    "sba_per_pa": 0.06208040258477726,
    "bip_double_play_pct": 0.024453199293574243,
    "called_third_strike_share_of_so": 0.28172846092291276
  },
  "mlb_deltas": {
    "pitches_per_pa": 0.053444272888431676,
    "avg": -0.0003775980925724287,
    "obp": 0.007313311107778553,
    "slg": -0.0007441040791997255,
    "ops": 0.006569207028578883,
    "iso": -0.018366505986627285,
    "babip": 0.002452454230491896,
    "k_pct": -0.0056121690398581725,
    "bb_pct": 0.008957511294104187,
    "k_minus_bb_pct": -0.014569680333962387,
    "swing_pct": 0.017421530692166565,
    "z_swing_pct": -0.004155866597546298,
    "o_swing_pct": 0.004254576950914191,
    "contact_pct": 0.07221810507129067,
    "z_contact_pct": 0.08027201783723525,
    "o_contact_pct": 0.07261027864683389,
    "first_pitch_strike_pct": 0.026739863898896377,
    "zone_pct": 0.01737640718702871,
    "pitches_put_in_play_pct": -0.0028994190056462754,
    "bip_gb_pct": -0.045980844993886716,
    "bip_ld_pct": 0.00048430919711997533,
    "bip_fb_pct": 0.04549653579676677,
    "hr_per_fb_pct": -0.023978494623655908,
    "sb_pct": -0.06297715549005156,
    "sba_per_pa": 0.012080402584777258,
    "bip_double_play_pct": -0.0035468007064257574,
    "called_third_strike_share_of_so": 0.05172846092291275
  },
  "flags": [
    {
      "metric": "pitches_per_pa",
      "delta": 0.053444272888431676,
      "tolerance": 0.05
    },
    {
      "metric": "hr_per_fb_pct",
      "delta": -0.023978494623655908,
      "tolerance": 0.02
    },
    {
      "metric": "sb_pct",
      "delta": -0.06297715549005156,
      "tolerance": 0.05
    },
    {
      "metric": "sba_per_pa",
      "delta": 0.012080402584777258,
      "tolerance": 0.01
    }
  ],
  "leaders": {
    "batting": {
      "avg": [
        {
          "player_id": "P8652",
          "name": "Pedro Rivera",
          "team_id": "SAN1",
          "value": 0.33825701624815363
        },
        {
          "player_id": "P7784",
          "name": "Yong Tran",
          "team_id": "WAS",
          "value": 0.33115823817292006
        },
        {
          "player_id": "P9114",
          "name": "Antonio Diaz",
          "team_id": "NAS",
          "value": 0.3232484076433121
        }
      ],
      "hr": [
        {
          "player_id": "P7268",
          "name": "Fernando Guerrero",
          "team_id": "JAC",
          "value": 54.0
        },
        {
          "player_id": "P4364",
          "name": "Hector Hernandez",
          "team_id": "LOS",
          "value": 43.0
        },
        {
          "player_id": "P2111",
          "name": "Basil Montore",
          "team_id": "OKL",
          "value": 43.0
        }
      ],
      "rbi": [
        {
          "player_id": "P6878",
          "name": "Carlos Lopez",
          "team_id": "NEW",
          "value": 133.0
        },
        {
          "player_id": "P2111",
          "name": "Basil Montore",
          "team_id": "OKL",
          "value": 133.0
        },
        {
          "player_id": "P7784",
          "name": "Yong Tran",
          "team_id": "WAS",
          "value": 129.0
        }
      ],
      "sb": [
        {
          "player_id": "P6871",
          "name": "Leroy Carter",
          "team_id": "WAS",
          "value": 76.0
        },
        {
          "player_id": "P4519",
          "name": "Sung Hassan",
          "team_id": "WAS",
          "value": 71.0
        },
        {
          "player_id": "P6752",
          "name": "Juan Cruz",
          "team_id": "LOS",
          "value": 69.0
        }
      ],
      "ops": [
        {
          "player_id": "P8652",
          "name": "Pedro Rivera",
          "team_id": "SAN1",
          "value": 1.0277408938055879
        },
        {
          "player_id": "P7784",
          "name": "Yong Tran",
          "team_id": "WAS",
          "value": 1.000326264274062
        },
        {
          "player_id": "P9114",
          "name": "Antonio Diaz",
          "team_id": "NAS",
          "value": 0.9875156532941738
        }
      ]
    },
    "pitching": {
      "era": [
        {
          "player_id": "P9177",
          "name": "Raul Hernandez",
          "team_id": "NAS",
          "value": 2.287375415282392
        },
        {
          "player_id": "P8873",
          "name": "Leonardo Dearinger",
          "team_id": "SAN",
          "value": 2.504215851602024
        },
        {
          "player_id": "P3572",
          "name": "Cyrus Theus",
          "team_id": "DEN",
          "value": 2.6234817813765186
        }
      ],
      "so": [
        {
          "player_id": "P3490",
          "name": "Parker Lueck",
          "team_id": "OKL",
          "value": 224.0
        },
        {
          "player_id": "P8713",
          "name": "Rubin Sexson",
          "team_id": "SAN",
          "value": 207.0
        },
        {
          "player_id": "P5292",
          "name": "Charley Liverman",
          "team_id": "NEW",
          "value": 206.0
        }
      ],
      "wins": [
        {
          "player_id": "P6813",
          "name": "Wilford Deale",
          "team_id": "DET",
          "value": 18.0
        },
        {
          "player_id": "P5350",
          "name": "Asa Marchell",
          "team_id": "JAC",
          "value": 17.0
        },
        {
          "player_id": "P8873",
          "name": "Leonardo Dearinger",
          "team_id": "SAN",
          "value": 17.0
        }
      ],
      "saves": [
        {
          "player_id": "P6034",
          "name": "Ronny Kerksiek",
          "team_id": "DEN",
          "value": 52.0
        },
        {
          "player_id": "P4757",
          "name": "Russel Blackburn",
          "team_id": "LOS",
          "value": 47.0
        },
        {
          "player_id": "P9353",
          "name": "Cedric Harris",
          "team_id": "WAS",
          "value": 43.0
        }
      ]
    }
  },
  "year": 2029,
  "season_id": "nexgen-long-run-2029",
  "champion": "DEN",
  "runner_up": "SAN1"
}