{
  "metrics": {
    "pitches_per_pa": 3.922019869442444,
    "avg": 0.2465787090932609,
    "obp": 0.3212724483558057,
    "slg": 0.37476393739490366,
    "ops": 0.6960363857507094,
    "iso": 0.12818522830164275,
    "babip": 0.30526577247888725,
    "k_pct": 0.22506887997164773,
    "bb_pct": 0.08749185444318688,
    "k_minus_bb_pct": 0.13757702552846085,
    "swing_pct": 0.4880386401331534,
    "z_swing_pct": 0.645212219332541,
    "o_swing_pct": 0.3259296541923259,
    "contact_pct": 0.8210454643189908,
    "z_contact_pct": 0.8947012501668372,
    "o_contact_pct": 0.6706574859655179,
    "first_pitch_strike_pct": 0.6282768003109602,
    "zone_pct": 0.5077289011056279,
    "pitches_put_in_play_pct": 0.16923422228570262,
    "bip_gb_pct": 0.38938647559337214,
    "bip_ld_pct": 0.21364842054497227,
    "bip_fb_pct": 0.39696510386165557,
    "hr_per_fb_pct": 0.07456633472534532,
    "sb_pct": 0.6524663677130045,
    "sba_per_pa": 0.061185993071989575,
    "bip_double_play_pct": 0.023907127355403218,
    "called_third_strike_share_of_so": 0.26951795601158124
  },
  "mlb_deltas": {
    "pitches_per_pa": 0.06201986944244409,
    "avg": 0.0015787090932609105,
    "obp": 0.008272448355805706,
    "slg": -0.01723606260509636,
    "ops": -0.008963614249290597,
    "iso": -0.03681477169835726,
    "babip": 0.014265772478887273,
    "k_pct": 0.005068879971647733,
    "bb_pct": 0.007491854443186882,
    "k_minus_bb_pct": -0.0024229744715391632,
    "swing_pct": 0.018038640133153427,
    "z_swing_pct": -0.004787780667458996,
    "o_swing_pct": 0.005929654192325884,
    "contact_pct": 0.06104546431899083,
    "z_contact_pct": 0.07470125016683726,
    "o_contact_pct": 0.05065748596551789,
    "first_pitch_strike_pct": 0.02827680031096025,
    "zone_pct": 0.01772890110562786,
    "pitches_put_in_play_pct": -0.005765777714297371,
    "bip_gb_pct": -0.05061352440662786,
    "bip_ld_pct": 0.003648420544972275,
    "bip_fb_pct": 0.04696510386165559,
    "hr_per_fb_pct": -0.03543366527465468,
    "sb_pct": -0.12753363228699555,
    "sba_per_pa": 0.011185993071989572,
    "bip_double_play_pct": -0.004092872644596783,
    "called_third_strike_share_of_so": 0.03951795601158123
  },
  "flags": [
    {
      "metric": "pitches_per_pa",
      "delta": 0.06201986944244409,
      "tolerance": 0.05
    },
    {
      "metric": "hr_per_fb_pct",
      "delta": -0.03543366527465468,
      "tolerance": 0.02
    },
    {
      "metric": "sb_pct",
      "delta": -0.12753363228699555,
      "tolerance": 0.05
    },
    {
      "metric": "sba_per_pa",
      "delta": 0.011185993071989572,
      "tolerance": 0.01
    }
  ],
  "leaders": {
    "batting": {
      "avg": [
        {
          "player_id": "P2083",
          "name": "Raul Garcia",
          "team_id": "MIL",
          "value": 0.3786848072562358
        },
        {
          "player_id": "P6878",
          "name": "Carlos Lopez",
          "team_id": "DET",
          "value": 0.3400309119010819
        },
        {
          "player_id": "P4364",
          "name": "Hector Hernandez",
          "team_id": "LOS",
          "value": 0.32975460122699385
        }
      ],
      "hr": [
        {
          "player_id": "P7268",
          "name": "Fernando Guerrero",
          "team_id": "JAC",
          "value": 48.0
        },
        {
          "player_id": "P6878",
          "name": "Carlos Lopez",
          "team_id": "DET",
          "value": 39.0
        },
        {
          "player_id": "P10025",
          "name": "Joan Lupiani",
          "team_id": "SAN",
          "value": 37.0
        }
      ],
      "rbi": [
        {
          "player_id": "P7268",
          "name": "Fernando Guerrero",
          "team_id": "JAC",
          "value": 119.0
        },
        {
          "player_id": "P6878",
          "name": "Carlos Lopez",
          "team_id": "DET",
          "value": 111.0
        },
        {
          "player_id": "P2911",
          "name": "Yong Tanaka",
          "team_id": "POR",
          "value": 103.0
        }
      ],
      "sb": [
        {
          "player_id": "P7199",
          "name": "Danilo Briggerman",
          "team_id": "NEW",
          "value": 61.0
        },
        {
          "player_id": "P4678",
          "name": "Leroy King",
          "team_id": "SAN",
          "value": 60.0
        },
        {
          "player_id": "P4857",
          "name": "Marcos Hickinbotham",
          "team_id": "BOS",
          "value": 60.0
        }
      ],
      "ops": [
        {
          "player_id": "P2083",
          "name": "Raul Garcia",
          "team_id": "MIL",
          "value": 1.161810466760962
        },
        {
          "player_id": "P6878",
          "name": "Carlos Lopez",
          "team_id": "DET",
          "value": 1.010204415300737
        },
        {
          "player_id": "P7268",
          "name": "Fernando Guerrero",
          "team_id": "JAC",
          "value": 0.9966559685267626
        }
      ]
    },
    "pitching": {
      "era": [
        {
          "player_id": "P10155",
          "name": "Lyman Klepper",
          "team_id": "OKL",
          "value": 2.2897526501766787
        },
        {
          "player_id": "P3531",
          "name": "Jose Reyes",
          "team_id": "JAC",
          "value": 2.353846153846154
        },
        {
          "player_id": "P6414",
          "name": "Darnell Green",
          "team_id": "POR",
          "value": 2.3592233009708736
        }
      ],
      "so": [
        {
          "player_id": "P4453",
          "name": "Malik Carter",
          "team_id": "WAS",
          "value": 276.0
        },
        {
          "player_id": "P7224",
          "name": "Malik Baker",
          "team_id": "WAS",
          "value": 229.0
        },
        {
          "player_id": "P6414",
          "name": "Darnell Green",
          "team_id": "POR",
          "value": 223.0
        }
      ],
      "wins": [
        {
          "player_id": "P6647",
          "name": "Brant Newbold",
          "team_id": "LAS",
          "value": 18.0
        },
        {
          "player_id": "P6414",
          "name": "Darnell Green",
          "team_id": "POR",
          "value": 16.0
        },
        {
          "player_id": "P6762",
          "name": "Darnell Allen",
          "team_id": "NEW",
          "value": 15.0
        }
      ],
      "saves": [
        {
          "player_id": "P5871",
          "name": "Manuel Hernandez",
          "team_id": "SAN1",
          "value": 40.0
        },
        {
          "player_id": "P9353",
          "name": "Cedric Harris",
          "team_id": "WAS",
          "value": 39.0
        },
        {
          "player_id": "P2942",
          "name": "Martin Shinnick",
          "team_id": "DET",
          "value": 28.0
        }
      ]
    }
  },
  "year": 2042,
  "season_id": "nexgen-long-run-2042",
  "champion": "NAS",
  "runner_up": "SAN"
}