{
  "metrics": {
    "pitches_per_pa": 3.924868579751041,
    "avg": 0.24593461860854987,
    "obp": 0.3210982857929642,
    "slg": 0.3845895931394674,
    "ops": 0.7056878789324316,
    "iso": 0.13865497453091752,
    "babip": 0.29783390335876525,
    "k_pct": 0.2177252349634754,
    "bb_pct": 0.08869444507657648,
    "k_minus_bb_pct": 0.12903078988689895,
    "swing_pct": 0.4873268182094909,
    "z_swing_pct": 0.6468412114835929,
    "o_swing_pct": 0.3232675479864509,
    "contact_pct": 0.829951397688267,
    "z_contact_pct": 0.9003694929637225,
    "o_contact_pct": 0.6850339269796802,
    "first_pitch_strike_pct": 0.6261293038709237,
    "zone_pct": 0.5070229401549831,
    "pitches_put_in_play_pct": 0.17080602189939728,
    "bip_gb_pct": 0.3895244237754167,
    "bip_ld_pct": 0.21604603007569842,
    "bip_fb_pct": 0.39442954614888487,
    "hr_per_fb_pct": 0.08251411425638597,
    "sb_pct": 0.6918869644484958,
    "sba_per_pa": 0.06241039528480077,
    "bip_double_play_pct": 0.02282833768967039,
    "called_third_strike_share_of_so": 0.2863862032923961
  },
  "mlb_deltas": {
    "pitches_per_pa": 0.0648685797510411,
    "avg": 0.0009346186085498753,
    "obp": 0.008098285792964177,
    "slg": -0.007410406860532626,
    "ops": 0.000687878932431607,
    "iso": -0.02634502546908249,
    "babip": 0.00683390335876527,
    "k_pct": -0.002274765036524601,
    "bb_pct": 0.008694445076576476,
    "k_minus_bb_pct": -0.010969210113101063,
    "swing_pct": 0.017326818209490946,
    "z_swing_pct": -0.0031587885164071627,
    "o_swing_pct": 0.0032675479864509027,
    "contact_pct": 0.06995139768826697,
    "z_contact_pct": 0.08036949296372253,
    "o_contact_pct": 0.06503392697968025,
    "first_pitch_strike_pct": 0.026129303870923715,
    "zone_pct": 0.01702294015498307,
    "pitches_put_in_play_pct": -0.004193978100602708,
    "bip_gb_pct": -0.05047557622458332,
    "bip_ld_pct": 0.0060460300756984275,
    "bip_fb_pct": 0.04442954614888489,
    "hr_per_fb_pct": -0.027485885743614033,
    "sb_pct": -0.08811303555150418,
    "sba_per_pa": 0.012410395284800764,
    "bip_double_play_pct": -0.00517166231032961,
    "called_third_strike_share_of_so": 0.0563862032923961
  },
  "flags": [
    {
      "metric": "pitches_per_pa",
      "delta": 0.0648685797510411,
      "tolerance": 0.05
    },
    {
      "metric": "hr_per_fb_pct",
      "delta": -0.027485885743614033,
      "tolerance": 0.02
    },
    {
      "metric": "sb_pct",
      "delta": -0.08811303555150418,
      "tolerance": 0.05
    },
    {
      "metric": "sba_per_pa",
      "delta": 0.012410395284800764,
      "tolerance": 0.01
    }
  ],
  "leaders": {
    "batting": {
      "avg": [
        {
          "player_id": "P7846",
          "name": "Rory Dash",
          "team_id": "SAN",
          "value": 0.3223684210526316
        },
        {
          "player_id": "P7176",
          "name": "Deshawn Walker",
          "team_id": "LAS",
          "value": 0.3180428134556575
        },
        {
          "player_id": "P9114",
          "name": "Antonio Diaz",
          "team_id": "NAS",
          "value": 0.31478770131771594
        }
      ],
      "hr": [
        {
          "player_id": "P9114",
          "name": "Antonio Diaz",
          "team_id": "NAS",
          "value": 45.0
        },
        {
          "player_id": "P5640",
          "name": "Raul Castillo",
          "team_id": "NAS",
          "value": 41.0
        },
        {
          "player_id": "P7846",
          "name": "Rory Dash",
          "team_id": "SAN",
          "value": 41.0
        }
      ],
      "rbi": [
        {
          "player_id": "P7846",
          "name": "Rory Dash",
          "team_id": "SAN",
          "value": 127.0
        },
        {
          "player_id": "P5640",
          "name": "Raul Castillo",
          "team_id": "NAS",
          "value": 113.0
        },
        {
          "player_id": "P7784",
          "name": "Yong Tran",
          "team_id": "WAS",
          "value": 110.0
        }
      ],
      "sb": [
        {
          "player_id": "P2307",
          "name": "Roberto Martinez",
          "team_id": "SAN",
          "value": 70.0
        },
        {
          "player_id": "P6752",
          "name": "Juan Cruz",
          "team_id": "LOS",
          "value": 66.0
        },
        {
          "player_id": "P6425",
          "name": "Robert Orhenkowski",
          "team_id": "BOS",
          "value": 65.0
        }
      ],
      "ops": [
        {
          "player_id": "P7846",
          "name": "Rory Dash",
          "team_id": "SAN",
          "value": 0.9961167244759463
        },
        {
          "player_id": "P9114",
          "name": "Antonio Diaz",
          "team_id": "NAS",
          "value": 0.9720876484251033
        },
        {
          "player_id": "P7176",
          "name": "Deshawn Walker",
          "team_id": "LAS",
          "value": 0.9660737689571242
        }
      ]
    },
    "pitching": {
      "era": [
        {
          "player_id": "P4001",
          "name": "Leroy Scott",
          "team_id": "LOS",
          "value": 2.459016393442623
        },
        {
          "player_id": "P9525",
          "name": "Malik Robinson",
          "team_id": "WAS",
          "value": 2.6353591160220993
        },
        {
          "player_id": "P6776",
          "name": "Omar Roddey",
          "team_id": "NEW",
          "value": 2.687964338781575
        }
      ],
      "so": [
        {
          "player_id": "P3346",
          "name": "Evan Silvaggio",
          "team_id": "BOS",
          "value": 277.0
        },
        {
          "player_id": "P6289",
          "name": "Jude Scharf",
          "team_id": "DET",
          "value": 247.0
        },
        {
          "player_id": "P8873",
          "name": "Leonardo Dearinger",
          "team_id": "SAN",
          "value": 240.0
        }
      ],
      "wins": [
        {
          "player_id": "P5267",
          "name": "Rafael Hernandez",
          "team_id": "POR",
          "value": 17.0
        },
        {
          "player_id": "P6776",
          "name": "Omar Roddey",
          "team_id": "NEW",
          "value": 16.0
        },
        {
          "player_id": "P4810",
          "name": "Sherman Cusworth",
          "team_id": "SAN1",
          "value": 16.0
        }
      ],
      "saves": [
        {
          "player_id": "P9127",
          "name": "Darwin Ophus",
          "team_id": "NAS",
          "value": 45.0
        },
        {
          "player_id": "P6557",
          "name": "Hector Vasquez",
          "team_id": "BOS",
          "value": 45.0
        },
        {
          "player_id": "P5871",
          "name": "Manuel Hernandez",
          "team_id": "SAN1",
          "value": 44.0
        }
      ]
    }
  },
  "year": 2033,
  "season_id": "nexgen-long-run-2033",
  "champion": "POR",
  "runner_up": "DEN"
}