{
  "metrics": {
    "pitches_per_pa": 3.910105818293894,
    "avg": 0.2479030152637225,
    "obp": 0.32309498866030417,
    "slg": 0.3892572344357851,
    "ops": 0.7123522230960893,
    "iso": 0.1413542191720626,
    "babip": 0.30061090473759267,
    "k_pct": 0.2177094391744575,
    "bb_pct": 0.08837596885951395,
    "k_minus_bb_pct": 0.12933347031494355,
    "swing_pct": 0.48741887737675055,
    "z_swing_pct": 0.6447522041950159,
    "o_swing_pct": 0.3252264857942418,
    "contact_pct": 0.829005923609988,
    "z_contact_pct": 0.9000758217742295,
    "o_contact_pct": 0.6837605279469137,
    "first_pitch_strike_pct": 0.6274100202047875,
    "zone_pct": 0.5076035581557613,
    "pitches_put_in_play_pct": 0.17147344666415598,
    "bip_gb_pct": 0.38848406428766,
    "bip_ld_pct": 0.21169299918278398,
    "bip_fb_pct": 0.399822936529556,
    "hr_per_fb_pct": 0.08229777256740914,
    "sb_pct": 0.6707957957957958,
    "sba_per_pa": 0.060819834937159686,
    "bip_double_play_pct": 0.024295151184963226,
    "called_third_strike_share_of_so": 0.27936241610738255
  },
  "mlb_deltas": {
    "pitches_per_pa": 0.050105818293894266,
    "avg": 0.002903015263722497,
    "obp": 0.010094988660304172,
    "slg": -0.002742765564214933,
    "ops": 0.007352223096089294,
    "iso": -0.023645780827937418,
    "babip": 0.009610904737592685,
    "k_pct": -0.0022905608255424925,
    "bb_pct": 0.008375968859513944,
    "k_minus_bb_pct": -0.010666529685056464,
    "swing_pct": 0.017418877376750574,
    "z_swing_pct": -0.0052477958049841344,
    "o_swing_pct": 0.005226485794241786,
    "contact_pct": 0.06900592360998803,
    "z_contact_pct": 0.08007582177422956,
    "o_contact_pct": 0.06376052794691367,
    "first_pitch_strike_pct": 0.027410020204787555,
    "zone_pct": 0.017603558155761312,
    "pitches_put_in_play_pct": -0.003526553335844007,
    "bip_gb_pct": -0.05151593571233998,
    "bip_ld_pct": 0.001692999182783983,
    "bip_fb_pct": 0.049822936529555995,
    "hr_per_fb_pct": -0.027702227432590862,
    "sb_pct": -0.10920420420420418,
    "sba_per_pa": 0.010819834937159684,
    "bip_double_play_pct": -0.0037048488150367744,
    "called_third_strike_share_of_so": 0.04936241610738254
  },
  "flags": [
    {
      "metric": "pitches_per_pa",
      "delta": 0.050105818293894266,
      "tolerance": 0.05
    },
    {
      "metric": "hr_per_fb_pct",
      "delta": -0.027702227432590862,
      "tolerance": 0.02
    },
    {
      "metric": "sb_pct",
      "delta": -0.10920420420420418,
      "tolerance": 0.05
    },
    {
      "metric": "sba_per_pa",
      "delta": 0.010819834937159684,
      "tolerance": 0.01
    }
  ],
  "leaders": {
    "batting": {
      "avg": [
        {
          "player_id": "P6878",
          "name": "Carlos Lopez",
          "team_id": "NEW",
          "value": 0.3601236476043277
        },
        {
          "player_id": "P2111",
          "name": "Basil Montore",
          "team_id": "OKL",
          "value": 0.32339089481946626
        },
        {
          "player_id": "P4364",
          "name": "Hector Hernandez",
          "team_id": "LOS",
          "value": 0.31666666666666665
        }
      ],
      "hr": [
        {
          "player_id": "P6878",
          "name": "Carlos Lopez",
          "team_id": "NEW",
          "value": 46.0
        },
        {
          "player_id": "P4364",
          "name": "Hector Hernandez",
          "team_id": "LOS",
          "value": 45.0
        },
        {
          "player_id": "P2192",
          "name": "Xavier King",
          "team_id": "POR",
          "value": 44.0
        }
      ],
      "rbi": [
        {
          "player_id": "P6878",
          "name": "Carlos Lopez",
          "team_id": "NEW",
          "value": 147.0
        },
        {
          "player_id": "P7846",
          "name": "Rory Dash",
          "team_id": "SAN",
          "value": 122.0
        },
        {
          "player_id": "P2111",
          "name": "Basil Montore",
          "team_id": "OKL",
          "value": 122.0
        }
      ],
      "sb": [
        {
          "player_id": "P4519",
          "name": "Sung Hassan",
          "team_id": "WAS",
          "value": 74.0
        },
        {
          "player_id": "P2359",
          "name": "Jerrold Eppes",
          "team_id": "MIL",
          "value": 69.0
        },
        {
          "player_id": "P4408",
          "name": "Greg Fortna",
          "team_id": "SAN1",
          "value": 66.0
        }
      ],
      "ops": [
        {
          "player_id": "P6878",
          "name": "Carlos Lopez",
          "team_id": "NEW",
          "value": 1.1041106842731963
        },
        {
          "player_id": "P4364",
          "name": "Hector Hernandez",
          "team_id": "LOS",
          "value": 0.9821063899868248
        },
        {
          "player_id": "P2111",
          "name": "Basil Montore",
          "team_id": "OKL",
          "value": 0.973141144569716
        }
      ]
    },
    "pitching": {
      "era": [
        {
          "player_id": "P4810",
          "name": "Sherman Cusworth",
          "team_id": "SAN1",
          "value": 2.5471698113207544
        },
        {
          "player_id": "P7701",
          "name": "Deshawn Robinson",
          "team_id": "LOS",
          "value": 2.6007005253940454
        },
        {
          "player_id": "P2396",
          "name": "Carlos Torres",
          "team_id": "POR",
          "value": 2.7551020408163267
        }
      ],
      "so": [
        {
          "player_id": "P8079",
          "name": "Xavier Washington",
          "team_id": "WAS",
          "value": 235.0
        },
        {
          "player_id": "P3346",
          "name": "Evan Silvaggio",
          "team_id": "BOS",
          "value": 219.0
        },
        {
          "player_id": "P3490",
          "name": "Parker Lueck",
          "team_id": "OKL",
          "value": 207.0
        }
      ],
      "wins": [
        {
          "player_id": "P7122",
          "name": "Miguel Martinez",
          "team_id": "LAS",
          "value": 17.0
        },
        {
          "player_id": "P7706",
          "name": "Jan Birdo",
          "team_id": "SAN",
          "value": 17.0
        },
        {
          "player_id": "P5994",
          "name": "Jorge Perez",
          "team_id": "SAN",
          "value": 17.0
        }
      ],
      "saves": [
        {
          "player_id": "P7238",
          "name": "Jermaine Mitchell",
          "team_id": "NEW",
          "value": 45.0
        },
        {
          "player_id": "P9353",
          "name": "Cedric Harris",
          "team_id": "WAS",
          "value": 43.0
        },
        {
          "player_id": "P2137",
          "name": "Percy Baker",
          "team_id": "SAN",
          "value": 42.0
        }
      ]
    }
  },
  "year": 2035,
  "season_id": "nexgen-long-run-2035",
  "champion": "SAN",
  "runner_up": "NEW"
}