{
  "metrics": {
    "pitches_per_pa": 3.9175308025685824,
    "avg": 0.24816119740767412,
    "obp": 0.32338160380058384,
    "slg": 0.37563007920995783,
    "ops": 0.6990116830105417,
    "iso": 0.12746888180228372,
    "babip": 0.3085115793570759,
    "k_pct": 0.22714483447164802,
    "bb_pct": 0.08789226475460053,
    "k_minus_bb_pct": 0.1392525697170475,
    "swing_pct": 0.48727624464594455,
    "z_swing_pct": 0.6434316659541115,
    "o_swing_pct": 0.32601810753852856,
    "contact_pct": 0.8192337866108786,
    "z_contact_pct": 0.891161826461364,
    "o_contact_pct": 0.6726373189845076,
    "first_pitch_strike_pct": 0.6264890744480497,
    "zone_pct": 0.5080379613031025,
    "pitches_put_in_play_pct": 0.16861618481374113,
    "bip_gb_pct": 0.3893135015371932,
    "bip_ld_pct": 0.2125448705837899,
    "bip_fb_pct": 0.39814162787901686,
    "hr_per_fb_pct": 0.0743151505470809,
    "sb_pct": 0.6504524886877828,
    "sba_per_pa": 0.06017562569490141,
    "bip_double_play_pct": 0.025659962557752092,
    "called_third_strike_share_of_so": 0.2704660106887768
  },
  "mlb_deltas": {
    "pitches_per_pa": 0.05753080256858256,
    "avg": 0.003161197407674121,
    "obp": 0.010381603800583838,
    "slg": -0.01636992079004218,
    "ops": -0.005988316989458231,
    "iso": -0.03753111819771629,
    "babip": 0.017511579357075924,
    "k_pct": 0.007144834471648015,
    "bb_pct": 0.007892264754600531,
    "k_minus_bb_pct": -0.0007474302829525159,
    "swing_pct": 0.017276244645944572,
    "z_swing_pct": -0.006568334045888524,
    "o_swing_pct": 0.00601810753852855,
    "contact_pct": 0.059233786610878636,
    "z_contact_pct": 0.07116182646136404,
    "o_contact_pct": 0.05263731898450763,
    "first_pitch_strike_pct": 0.02648907444804971,
    "zone_pct": 0.018037961303102534,
    "pitches_put_in_play_pct": -0.006383815186258857,
    "bip_gb_pct": -0.05068649846280682,
    "bip_ld_pct": 0.00254487058378991,
    "bip_fb_pct": 0.04814162787901688,
    "hr_per_fb_pct": -0.035684849452919096,
    "sb_pct": -0.1295475113122172,
    "sba_per_pa": 0.010175625694901408,
    "bip_double_play_pct": -0.002340037442247908,
    "called_third_strike_share_of_so": 0.04046601068877678
  },
  "flags": [
    {
      "metric": "pitches_per_pa",
      "delta": 0.05753080256858256,
      "tolerance": 0.05
    },
    {
      "metric": "babip",
      "delta": 0.017511579357075924,
      "tolerance": 0.015
    },
    {
      "metric": "hr_per_fb_pct",
      "delta": -0.035684849452919096,
      "tolerance": 0.02
    },
    {
      "metric": "sb_pct",
      "delta": -0.1295475113122172,
      "tolerance": 0.05
    },
    {
      "metric": "sba_per_pa",
      "delta": 0.010175625694901408,
      "tolerance": 0.01
    }
  ],
  "leaders": {
    "batting": {
      "avg": [
        {
          "player_id": "P2346",
          "name": "Carlos Rodriguez",
          "team_id": "NEW",
          "value": 0.3620689655172414
        },
        {
          "player_id": "P6878",
          "name": "Carlos Lopez",
          "team_id": "BOS",
          "value": 0.32769230769230767
        },
        {
          "player_id": "P7784",
          "name": "Yong Tran",
          "team_id": "SAN",
          "value": 0.32238805970149254
        }
      ],
      "hr": [
        {
          "player_id": "P2346",
          "name": "Carlos Rodriguez",
          "team_id": "NEW",
          "value": 55.0
        },
        {
          "player_id": "P6878",
          "name": "Carlos Lopez",
          "team_id": "BOS",
          "value": 48.0
        },
        {
          "player_id": "P6169",
          "name": "Xavier White",
          "team_id": "SAN",
          "value": 44.0
        }
      ],
      "rbi": [
        {
          "player_id": "P6169",
          "name": "Xavier White",
          "team_id": "SAN",
          "value": 134.0
        },
        {
          "player_id": "P10189",
          "name": "Wilford Demetriou",
          "team_id": "LOS",
          "value": 133.0
        },
        {
          "player_id": "P2346",
          "name": "Carlos Rodriguez",
          "team_id": "NEW",
          "value": 129.0
        }
      ],
      "sb": [
        {
          "player_id": "P4408",
          "name": "Greg Fortna",
          "team_id": "LOS",
          "value": 76.0
        },
        {
          "player_id": "P4740",
          "name": "Glen Temby",
          "team_id": "NAS",
          "value": 66.0
        },
        {
          "player_id": "P10112",
          "name": "Stacy Legere",
          "team_id": "SAN",
          "value": 62.0
        }
      ],
      "ops": [
        {
          "player_id": "P2346",
          "name": "Carlos Rodriguez",
          "team_id": "NEW",
          "value": 1.1547034969042802
        },
        {
          "player_id": "P6878",
          "name": "Carlos Lopez",
          "team_id": "BOS",
          "value": 1.0237912087912089
        },
        {
          "player_id": "P7784",
          "name": "Yong Tran",
          "team_id": "SAN",
          "value": 0.9735998904559771
        }
      ]
    },
    "pitching": {
      "era": [
        {
          "player_id": "D20470002",
          "name": "Mikel Bogaert",
          "team_id": "NAS",
          "value": 2.365979381443299
        },
        {
          "player_id": "D20380021",
          "name": "Rafael Hernandez",
          "team_id": "SAN1",
          "value": 2.518656716417911
        },
        {
          "player_id": "D20370052",
          "name": "Jorge Martinez",
          "team_id": "LAS",
          "value": 2.6231155778894473
        }
      ],
      "so": [
        {
          "player_id": "D20470120",
          "name": "Cedric Wright",
          "team_id": "SAN1",
          "value": 235.0
        },
        {
          "player_id": "D20440195",
          "name": "Manuel Ortiz",
          "team_id": "DET",
          "value": 218.0
        },
        {
          "player_id": "D20390032",
          "name": "Bryant Humpries",
          "team_id": "JAC",
          "value": 208.0
        }
      ],
      "wins": [
        {
          "player_id": "D20470002",
          "name": "Mikel Bogaert",
          "team_id": "NAS",
          "value": 18.0
        },
        {
          "player_id": "D20370104",
          "name": "Darnell Washington",
          "team_id": "OKL",
          "value": 17.0
        },
        {
          "player_id": "D20370052",
          "name": "Jorge Martinez",
          "team_id": "LAS",
          "value": 16.0
        }
      ],
      "saves": [
        {
          "player_id": "P3531",
          "name": "Jose Reyes",
          "team_id": "JAC",
          "value": 25.0
        },
        {
          "player_id": "P4443",
          "name": "Jermaine Scott",
          "team_id": "NEW",
          "value": 23.0
        },
        {
          "player_id": "D20260119",
          "name": "Cordell Augliano",
          "team_id": "MIL",
          "value": 22.0
        }
      ]
    }
  },
  "year": 2058,
  "season_id": "nexgen-long-run-2058",
  "champion": "SAN",
  "runner_up": "OKL"
}