{
  "metrics": {
    "pitches_per_pa": 3.8971959409214154,
    "avg": 0.24540154854387755,
    "obp": 0.3191116036385464,
    "slg": 0.3703191448108269,
    "ops": 0.6894307484493734,
    "iso": 0.12491759626694934,
    "babip": 0.30594047045815276,
    "k_pct": 0.2295644613254928,
    "bb_pct": 0.0863183425047764,
    "k_minus_bb_pct": 0.1432461188207164,
    "swing_pct": 0.489161896374578,
    "z_swing_pct": 0.6453196004705773,
    "o_swing_pct": 0.3272544634849264,
    "contact_pct": 0.8158828083272821,
    "z_contact_pct": 0.889000098301177,
    "o_contact_pct": 0.6663926039611197,
    "first_pitch_strike_pct": 0.6304270727270647,
    "zone_pct": 0.5090386026713636,
    "pitches_put_in_play_pct": 0.1695288419198591,
    "bip_gb_pct": 0.38834632034632033,
    "bip_ld_pct": 0.21503030303030304,
    "bip_fb_pct": 0.3966233766233766,
    "hr_per_fb_pct": 0.0739842328684051,
    "sb_pct": 0.6568069776260903,
    "sba_per_pa": 0.06033703623196696,
    "bip_double_play_pct": 0.025125541125541124,
    "called_third_strike_share_of_so": 0.26975979268414235
  },
  "mlb_deltas": {
    "pitches_per_pa": 0.03719594092141554,
    "avg": 0.0004015485438775557,
    "obp": 0.006111603638546403,
    "slg": -0.02168085518917312,
    "ops": -0.015569251550626606,
    "iso": -0.040082403733050664,
    "babip": 0.014940470458152777,
    "k_pct": 0.009564461325492796,
    "bb_pct": 0.006318342504776392,
    "k_minus_bb_pct": 0.003246118820716376,
    "swing_pct": 0.019161896374578047,
    "z_swing_pct": -0.004680399529422674,
    "o_swing_pct": 0.007254463484926366,
    "contact_pct": 0.055882808327282096,
    "z_contact_pct": 0.06900009830117704,
    "o_contact_pct": 0.04639260396111966,
    "first_pitch_strike_pct": 0.030427072727064686,
    "zone_pct": 0.01903860267136359,
    "pitches_put_in_play_pct": -0.005471158080140898,
    "bip_gb_pct": -0.051653679653679674,
    "bip_ld_pct": 0.005030303030303052,
    "bip_fb_pct": 0.04662337662337662,
    "hr_per_fb_pct": -0.036015767131594906,
    "sb_pct": -0.12319302237390972,
    "sba_per_pa": 0.01033703623196696,
    "bip_double_play_pct": -0.0028744588744588767,
    "called_third_strike_share_of_so": 0.03975979268414234
  },
  "flags": [
    {
      "metric": "hr_per_fb_pct",
      "delta": -0.036015767131594906,
      "tolerance": 0.02
    },
    {
      "metric": "sb_pct",
      "delta": -0.12319302237390972,
      "tolerance": 0.05
    },
    {
      "metric": "sba_per_pa",
      "delta": 0.01033703623196696,
      "tolerance": 0.01
    }
  ],
  "leaders": {
    "batting": {
      "avg": [
        {
          "player_id": "P6878",
          "name": "Carlos Lopez",
          "team_id": "SAN1",
          "value": 0.3452566096423017
        },
        {
          "player_id": "P8652",
          "name": "Pedro Rivera",
          "team_id": "NAS",
          "value": 0.34055727554179566
        },
        {
          "player_id": "P2111",
          "name": "Basil Montore",
          "team_id": "DET",
          "value": 0.3088
        }
      ],
      "hr": [
        {
          "player_id": "P6878",
          "name": "Carlos Lopez",
          "team_id": "SAN1",
          "value": 49.0
        },
        {
          "player_id": "P8652",
          "name": "Pedro Rivera",
          "team_id": "NAS",
          "value": 43.0
        },
        {
          "player_id": "P4767",
          "name": "Jorge Diaz",
          "team_id": "DEN",
          "value": 42.0
        }
      ],
      "rbi": [
        {
          "player_id": "P6878",
          "name": "Carlos Lopez",
          "team_id": "SAN1",
          "value": 140.0
        },
        {
          "player_id": "P8652",
          "name": "Pedro Rivera",
          "team_id": "NAS",
          "value": 124.0
        },
        {
          "player_id": "P4767",
          "name": "Jorge Diaz",
          "team_id": "DEN",
          "value": 115.0
        }
      ],
      "sb": [
        {
          "player_id": "P9991",
          "name": "Mauricio Reyolds",
          "team_id": "JAC",
          "value": 75.0
        },
        {
          "player_id": "P10112",
          "name": "Stacy Legere",
          "team_id": "OKL",
          "value": 62.0
        },
        {
          "player_id": "P6871",
          "name": "Leroy Carter",
          "team_id": "POR",
          "value": 60.0
        }
      ],
      "ops": [
        {
          "player_id": "P6878",
          "name": "Carlos Lopez",
          "team_id": "SAN1",
          "value": 1.0792636503835968
        },
        {
          "player_id": "P8652",
          "name": "Pedro Rivera",
          "team_id": "NAS",
          "value": 1.0187535595150923
        },
        {
          "player_id": "P2111",
          "name": "Basil Montore",
          "team_id": "DET",
          "value": 0.9659428571428572
        }
      ]
    },
    "pitching": {
      "era": [
        {
          "player_id": "P2629",
          "name": "Sean Laurenceau",
          "team_id": "DEN",
          "value": 2.227897838899804
        },
        {
          "player_id": "P8873",
          "name": "Leonardo Dearinger",
          "team_id": "WAS",
          "value": 2.3104026845637584
        },
        {
          "player_id": "D20410056",
          "name": "Garth Gonder",
          "team_id": "OKL",
          "value": 2.471186440677966
        }
      ],
      "so": [
        {
          "player_id": "P8873",
          "name": "Leonardo Dearinger",
          "team_id": "WAS",
          "value": 221.0
        },
        {
          "player_id": "D20330162",
          "name": "Antonio Ramos",
          "team_id": "NEW",
          "value": 219.0
        },
        {
          "player_id": "D20370059",
          "name": "Jamal King",
          "team_id": "SAN",
          "value": 218.0
        }
      ],
      "wins": [
        {
          "player_id": "D20410056",
          "name": "Garth Gonder",
          "team_id": "OKL",
          "value": 23.0
        },
        {
          "player_id": "D20300130",
          "name": "Whitney Lastufka",
          "team_id": "SAN1",
          "value": 18.0
        },
        {
          "player_id": "D20390125",
          "name": "Alonzo Strait",
          "team_id": "DEN",
          "value": 17.0
        }
      ],
      "saves": [
        {
          "player_id": "P9049",
          "name": "Leroy Jackson",
          "team_id": "DET",
          "value": 26.0
        },
        {
          "player_id": "P4393",
          "name": "Damien Wooden",
          "team_id": "POR",
          "value": 25.0
        },
        {
          "player_id": "D20500006",
          "name": "Emile Kimmes",
          "team_id": "LOS",
          "value": 21.0
        }
      ]
    }
  },
  "year": 2051,
  "season_id": "nexgen-long-run-2051",
  "champion": "OKL",
  "runner_up": "SAN1"
}