{
  "metrics": {
    "pitches_per_pa": 3.918006247577354,
    "avg": 0.24728022686259346,
    "obp": 0.32122201653424703,
    "slg": 0.3766434648105182,
    "ops": 0.6978654813447652,
    "iso": 0.12936323794792473,
    "babip": 0.30546561211670825,
    "k_pct": 0.22551702122808218,
    "bb_pct": 0.08644002097726702,
    "k_minus_bb_pct": 0.13907700025081515,
    "swing_pct": 0.48896887657712185,
    "z_swing_pct": 0.6452708118630482,
    "o_swing_pct": 0.32743603701687535,
    "contact_pct": 0.8204545319297076,
    "z_contact_pct": 0.8928422490971847,
    "o_contact_pct": 0.6730275759875674,
    "first_pitch_strike_pct": 0.6288847846409923,
    "zone_pct": 0.5082289678290424,
    "pitches_put_in_play_pct": 0.16961043344662227,
    "bip_gb_pct": 0.39051965207843675,
    "bip_ld_pct": 0.2165931822470792,
    "bip_fb_pct": 0.39288716567448406,
    "hr_per_fb_pct": 0.07735385359171669,
    "sb_pct": 0.6756352765321375,
    "sba_per_pa": 0.0610164853957179,
    "bip_double_play_pct": 0.02573384343529654,
    "called_third_strike_share_of_so": 0.27066376826247407
  },
  "mlb_deltas": {
    "pitches_per_pa": 0.05800624757735395,
    "avg": 0.002280226862593465,
    "obp": 0.008222016534247034,
    "slg": -0.015356535189481824,
    "ops": -0.007134518655234734,
    "iso": -0.03563676205207528,
    "babip": 0.01446561211670827,
    "k_pct": 0.005517021228082175,
    "bb_pct": 0.006440020977267022,
    "k_minus_bb_pct": -0.0009229997491848607,
    "swing_pct": 0.018968876577121874,
    "z_swing_pct": -0.0047291881369517785,
    "o_swing_pct": 0.007436037016875341,
    "contact_pct": 0.06045453192970762,
    "z_contact_pct": 0.07284224909718473,
    "o_contact_pct": 0.053027575987567355,
    "first_pitch_strike_pct": 0.02888478464099231,
    "zone_pct": 0.018228967829042375,
    "pitches_put_in_play_pct": -0.005389566553377717,
    "bip_gb_pct": -0.04948034792156325,
    "bip_ld_pct": 0.006593182247079221,
    "bip_fb_pct": 0.042887165674484085,
    "hr_per_fb_pct": -0.03264614640828331,
    "sb_pct": -0.10436472346786252,
    "sba_per_pa": 0.011016485395717895,
    "bip_double_play_pct": -0.0022661565647034594,
    "called_third_strike_share_of_so": 0.04066376826247406
  },
  "flags": [
    {
      "metric": "pitches_per_pa",
      "delta": 0.05800624757735395,
      "tolerance": 0.05
    },
    {
      "metric": "hr_per_fb_pct",
      "delta": -0.03264614640828331,
      "tolerance": 0.02
    },
    {
      "metric": "sb_pct",
      "delta": -0.10436472346786252,
      "tolerance": 0.05
    },
    {
      "metric": "sba_per_pa",
      "delta": 0.011016485395717895,
      "tolerance": 0.01
    }
  ],
  "leaders": {
    "batting": {
      "avg": [
        {
          "player_id": "P6878",
          "name": "Carlos Lopez",
          "team_id": "LAS",
          "value": 0.3639240506329114
        },
        {
          "player_id": "P7784",
          "name": "Yong Tran",
          "team_id": "BOS",
          "value": 0.3414285714285714
        },
        {
          "player_id": "P9114",
          "name": "Antonio Diaz",
          "team_id": "WAS",
          "value": 0.31711145996860285
        }
      ],
      "hr": [
        {
          "player_id": "P7784",
          "name": "Yong Tran",
          "team_id": "BOS",
          "value": 52.0
        },
        {
          "player_id": "P6878",
          "name": "Carlos Lopez",
          "team_id": "LAS",
          "value": 51.0
        },
        {
          "player_id": "P3774",
          "name": "Rufus Young",
          "team_id": "OKL",
          "value": 43.0
        }
      ],
      "rbi": [
        {
          "player_id": "P6878",
          "name": "Carlos Lopez",
          "team_id": "LAS",
          "value": 145.0
        },
        {
          "player_id": "P7784",
          "name": "Yong Tran",
          "team_id": "BOS",
          "value": 127.0
        },
        {
          "player_id": "P5793",
          "name": "Alejandro Hernandez",
          "team_id": "DEN",
          "value": 118.0
        }
      ],
      "sb": [
        {
          "player_id": "P4678",
          "name": "Leroy King",
          "team_id": "DET",
          "value": 77.0
        },
        {
          "player_id": "P4740",
          "name": "Glen Temby",
          "team_id": "LAS",
          "value": 73.0
        },
        {
          "player_id": "P4519",
          "name": "Sung Hassan",
          "team_id": "LOS",
          "value": 71.0
        }
      ],
      "ops": [
        {
          "player_id": "P6878",
          "name": "Carlos Lopez",
          "team_id": "LAS",
          "value": 1.137163358858155
        },
        {
          "player_id": "P7784",
          "name": "Yong Tran",
          "team_id": "BOS",
          "value": 1.0421936795416744
        },
        {
          "player_id": "P3774",
          "name": "Rufus Young",
          "team_id": "OKL",
          "value": 0.9518225676762262
        }
      ]
    },
    "pitching": {
      "era": [
        {
          "player_id": "P3917",
          "name": "Cedric White",
          "team_id": "NAS",
          "value": 2.339688041594454
        },
        {
          "player_id": "D20420039",
          "name": "Antonio Reyes",
          "team_id": "POR",
          "value": 2.4254237288135596
        },
        {
          "player_id": "D20530059",
          "name": "Ernesto Segel",
          "team_id": "OKL",
          "value": 2.463157894736842
        }
      ],
      "so": [
        {
          "player_id": "D20440195",
          "name": "Manuel Ortiz",
          "team_id": "DET",
          "value": 247.0
        },
        {
          "player_id": "P1324",
          "name": "Carlos Delgado",
          "team_id": "JAC",
          "value": 241.0
        },
        {
          "player_id": "P3790",
          "name": "Eduardo Mendoza",
          "team_id": "MIL",
          "value": 220.0
        }
      ],
      "wins": [
        {
          "player_id": "D20440138",
          "name": "Deshawn Jackson",
          "team_id": "WAS",
          "value": 17.0
        },
        {
          "player_id": "P4315",
          "name": "Sung Pham",
          "team_id": "WAS",
          "value": 16.0
        },
        {
          "player_id": "P2396",
          "name": "Carlos Torres",
          "team_id": "OKL",
          "value": 15.0
        }
      ],
      "saves": [
        {
          "player_id": "D20500006",
          "name": "Emile Kimmes",
          "team_id": "LOS",
          "value": 25.0
        },
        {
          "player_id": "P4393",
          "name": "Damien Wooden",
          "team_id": "SAN1",
          "value": 24.0
        },
        {
          "player_id": "P2137",
          "name": "Percy Baker",
          "team_id": "POR",
          "value": 21.0
        }
      ]
    }
  },
  "year": 2056,
  "season_id": "nexgen-long-run-2056",
  "champion": "OKL",
  "runner_up": "LAS"
}