{
  "metrics": {
    "pitches_per_pa": 3.906153391525732,
    "avg": 0.24819596927993404,
    "obp": 0.3230830991569651,
    "slg": 0.388175867223339,
    "ops": 0.7112589663803042,
    "iso": 0.13997989794340499,
    "babip": 0.29997374179431074,
    "k_pct": 0.2162665939261684,
    "bb_pct": 0.08816375704673576,
    "k_minus_bb_pct": 0.12810283687943264,
    "swing_pct": 0.4889300771941259,
    "z_swing_pct": 0.6472337280648987,
    "o_swing_pct": 0.325554307337551,
    "contact_pct": 0.8297676079388223,
    "z_contact_pct": 0.9003664559987253,
    "o_contact_pct": 0.6849130963840104,
    "first_pitch_strike_pct": 0.6261820330969267,
    "zone_pct": 0.5078838101833397,
    "pitches_put_in_play_pct": 0.17195115209250492,
    "bip_gb_pct": 0.39254771896575064,
    "bip_ld_pct": 0.21282320292405577,
    "bip_fb_pct": 0.3946290781101936,
    "hr_per_fb_pct": 0.08351017841704,
    "sb_pct": 0.6887524823975447,
    "sba_per_pa": 0.06295462811420258,
    "bip_double_play_pct": 0.024282523351834305,
    "called_third_strike_share_of_so": 0.2786945553920538
  },
  "mlb_deltas": {
    "pitches_per_pa": 0.04615339152573217,
    "avg": 0.003195969279934041,
    "obp": 0.010083099156965092,
    "slg": -0.0038241327766609934,
    "ops": 0.0062589663803042095,
    "iso": -0.025020102056595023,
    "babip": 0.008973741794310763,
    "k_pct": -0.003733406073831602,
    "bb_pct": 0.008163757046735762,
    "k_minus_bb_pct": -0.011897163120567378,
    "swing_pct": 0.018930077194125927,
    "z_swing_pct": -0.002766271935101372,
    "o_swing_pct": 0.005554307337550968,
    "contact_pct": 0.0697676079388223,
    "z_contact_pct": 0.08036645599872538,
    "o_contact_pct": 0.06491309638401044,
    "first_pitch_strike_pct": 0.026182033096926682,
    "zone_pct": 0.017883810183339732,
    "pitches_put_in_play_pct": -0.0030488479074950725,
    "bip_gb_pct": -0.047452281034249366,
    "bip_ld_pct": 0.0028232029240557732,
    "bip_fb_pct": 0.04462907811019362,
    "hr_per_fb_pct": -0.026489821582959996,
    "sb_pct": -0.09124751760245531,
    "sba_per_pa": 0.012954628114202574,
    "bip_double_play_pct": -0.0037174766481656955,
    "called_third_strike_share_of_so": 0.04869455539205378
  },
  "flags": [
    {
      "metric": "hr_per_fb_pct",
      "delta": -0.026489821582959996,
      "tolerance": 0.02
    },
    {
      "metric": "sb_pct",
      "delta": -0.09124751760245531,
      "tolerance": 0.05
    },
    {
      "metric": "sba_per_pa",
      "delta": 0.012954628114202574,
      "tolerance": 0.01
    }
  ],
  "leaders": {
    "batting": {
      "avg": [
        {
          "player_id": "P6878",
          "name": "Carlos Lopez",
          "team_id": "NEW",
          "value": 0.3371710526315789
        },
        {
          "player_id": "P4767",
          "name": "Jorge Diaz",
          "team_id": "BOS",
          "value": 0.32954545454545453
        },
        {
          "player_id": "P8652",
          "name": "Pedro Rivera",
          "team_id": "SAN1",
          "value": 0.3259493670886076
        }
      ],
      "hr": [
        {
          "player_id": "P6878",
          "name": "Carlos Lopez",
          "team_id": "NEW",
          "value": 49.0
        },
        {
          "player_id": "P8652",
          "name": "Pedro Rivera",
          "team_id": "SAN1",
          "value": 46.0
        },
        {
          "player_id": "P8578",
          "name": "Darnell Taylor",
          "team_id": "MIL",
          "value": 38.0
        }
      ],
      "rbi": [
        {
          "player_id": "P8652",
          "name": "Pedro Rivera",
          "team_id": "SAN1",
          "value": 135.0
        },
        {
          "player_id": "P6878",
          "name": "Carlos Lopez",
          "team_id": "NEW",
          "value": 131.0
        },
        {
          "player_id": "P4767",
          "name": "Jorge Diaz",
          "team_id": "BOS",
          "value": 122.0
        }
      ],
      "sb": [
        {
          "player_id": "P2359",
          "name": "Jerrold Eppes",
          "team_id": "MIL",
          "value": 65.0
        },
        {
          "player_id": "P8872",
          "name": "Sam Hellar",
          "team_id": "MIL",
          "value": 61.0
        },
        {
          "player_id": "P6425",
          "name": "Robert Orhenkowski",
          "team_id": "BOS",
          "value": 59.0
        }
      ],
      "ops": [
        {
          "player_id": "P6878",
          "name": "Carlos Lopez",
          "team_id": "NEW",
          "value": 1.0840910389214715
        },
        {
          "player_id": "P8652",
          "name": "Pedro Rivera",
          "team_id": "SAN1",
          "value": 1.018483487730712
        },
        {
          "player_id": "P4767",
          "name": "Jorge Diaz",
          "team_id": "BOS",
          "value": 0.9905919008944946
        }
      ]
    },
    "pitching": {
      "era": [
        {
          "player_id": "P6647",
          "name": "Brant Newbold",
          "team_id": "LAS",
          "value": 2.3299492385786804
        },
        {
          "player_id": "P7706",
          "name": "Jan Birdo",
          "team_id": "SAN",
          "value": 2.5610932475884245
        },
        {
          "player_id": "P1613",
          "name": "Hector Delgado",
          "team_id": "SAN1",
          "value": 2.8911070780399277
        }
      ],
      "so": [
        {
          "player_id": "P6647",
          "name": "Brant Newbold",
          "team_id": "LAS",
          "value": 206.0
        },
        {
          "player_id": "P5013",
          "name": "Jorge Ramos",
          "team_id": "SAN",
          "value": 202.0
        },
        {
          "player_id": "P2629",
          "name": "Sean Laurenceau",
          "team_id": "DET",
          "value": 190.0
        }
      ],
      "wins": [
        {
          "player_id": "P5013",
          "name": "Jorge Ramos",
          "team_id": "SAN",
          "value": 18.0
        },
        {
          "player_id": "P7706",
          "name": "Jan Birdo",
          "team_id": "SAN",
          "value": 16.0
        },
        {
          "player_id": "P8513",
          "name": "Jarred Thornburg",
          "team_id": "DEN",
          "value": 15.0
        }
      ],
      "saves": [
        {
          "player_id": "P6034",
          "name": "Ronny Kerksiek",
          "team_id": "DEN",
          "value": 48.0
        },
        {
          "player_id": "P4757",
          "name": "Russel Blackburn",
          "team_id": "LOS",
          "value": 47.0
        },
        {
          "player_id": "P3891",
          "name": "Cesar Lona",
          "team_id": "MIL",
          "value": 36.0
        }
      ]
    }
  },
  "year": 2025,
  "season_id": "nexgen-long-run-2025",
  "champion": "SAN1",
  "runner_up": "WAS"
}