{
  "metrics": {
    "pitches_per_pa": 3.9227696859353665,
    "avg": 0.24590100441529603,
    "obp": 0.32238912239601275,
    "slg": 0.37242118309277283,
    "ops": 0.6948103054887855,
    "iso": 0.1265201786774768,
    "babip": 0.30688670829616416,
    "k_pct": 0.2293582157487483,
    "bb_pct": 0.08944014565316341,
    "k_minus_bb_pct": 0.13991807009558488,
    "swing_pct": 0.48784421566835784,
    "z_swing_pct": 0.6451162338071222,
    "o_swing_pct": 0.32627233271779915,
    "contact_pct": 0.8155146988868804,
    "z_contact_pct": 0.8876357634698658,
    "o_contact_pct": 0.6690158615717375,
    "first_pitch_strike_pct": 0.6267068730086481,
    "zone_pct": 0.5067428995773541,
    "pitches_put_in_play_pct": 0.16748614144859936,
    "bip_gb_pct": 0.3910076552703592,
    "bip_ld_pct": 0.21412241504728255,
    "bip_fb_pct": 0.39486992968235823,
    "hr_per_fb_pct": 0.07490363156826943,
    "sb_pct": 0.6523517382413088,
    "sba_per_pa": 0.0612084660901229,
    "bip_double_play_pct": 0.02371055457411064,
    "called_third_strike_share_of_so": 0.26473506648144474
  },
  "mlb_deltas": {
    "pitches_per_pa": 0.06276968593536658,
    "avg": 0.0009010044152960306,
    "obp": 0.00938912239601275,
    "slg": -0.01957881690722718,
    "ops": -0.010189694511214431,
    "iso": -0.0384798213225232,
    "babip": 0.015886708296164176,
    "k_pct": 0.009358215748748289,
    "bb_pct": 0.00944014565316341,
    "k_minus_bb_pct": -8.192990441513448e-05,
    "swing_pct": 0.017844215668357866,
    "z_swing_pct": -0.004883766192877781,
    "o_swing_pct": 0.006272332717799145,
    "contact_pct": 0.05551469888688043,
    "z_contact_pct": 0.06763576346986588,
    "o_contact_pct": 0.04901586157173754,
    "first_pitch_strike_pct": 0.026706873008648158,
    "zone_pct": 0.016742899577354087,
    "pitches_put_in_play_pct": -0.007513858551400632,
    "bip_gb_pct": -0.04899234472964081,
    "bip_ld_pct": 0.004122415047282557,
    "bip_fb_pct": 0.044869929682358256,
    "hr_per_fb_pct": -0.03509636843173057,
    "sb_pct": -0.12764826175869126,
    "sba_per_pa": 0.011208466090122896,
    "bip_double_play_pct": -0.004289445425889361,
    "called_third_strike_share_of_so": 0.034735066481444726
  },
  "flags": [
    {
      "metric": "pitches_per_pa",
      "delta": 0.06276968593536658,
      "tolerance": 0.05
    },
    {
      "metric": "babip",
      "delta": 0.015886708296164176,
      "tolerance": 0.015
    },
    {
      "metric": "hr_per_fb_pct",
      "delta": -0.03509636843173057,
      "tolerance": 0.02
    },
    {
      "metric": "sb_pct",
      "delta": -0.12764826175869126,
      "tolerance": 0.05
    },
    {
      "metric": "sba_per_pa",
      "delta": 0.011208466090122896,
      "tolerance": 0.01
    }
  ],
  "leaders": {
    "batting": {
      "avg": [
        {
          "player_id": "P3473",
          "name": "Nigel Wohlschlegel",
          "team_id": "NAS",
          "value": 0.35714285714285715
        },
        {
          "player_id": "P7176",
          "name": "Deshawn Walker",
          "team_id": "NEW",
          "value": 0.3408
        },
        {
          "player_id": "P2346",
          "name": "Carlos Rodriguez",
          "team_id": "NEW",
          "value": 0.3333333333333333
        }
      ],
      "hr": [
        {
          "player_id": "P3473",
          "name": "Nigel Wohlschlegel",
          "team_id": "NAS",
          "value": 42.0
        },
        {
          "player_id": "P2111",
          "name": "Basil Montore",
          "team_id": "OKL",
          "value": 41.0
        },
        {
          "player_id": "P7176",
          "name": "Deshawn Walker",
          "team_id": "NEW",
          "value": 40.0
        }
      ],
      "rbi": [
        {
          "player_id": "P9884",
          "name": "Hector Rivera",
          "team_id": "WAS",
          "value": 130.0
        },
        {
          "player_id": "P7176",
          "name": "Deshawn Walker",
          "team_id": "NEW",
          "value": 129.0
        },
        {
          "player_id": "P2346",
          "name": "Carlos Rodriguez",
          "team_id": "NEW",
          "value": 111.0
        }
      ],
      "sb": [
        {
          "player_id": "P4519",
          "name": "Sung Hassan",
          "team_id": "LOS",
          "value": 82.0
        },
        {
          "player_id": "P2359",
          "name": "Jerrold Eppes",
          "team_id": "OKL",
          "value": 74.0
        },
        {
          "player_id": "P4408",
          "name": "Greg Fortna",
          "team_id": "BOS",
          "value": 56.0
        }
      ],
      "ops": [
        {
          "player_id": "P3473",
          "name": "Nigel Wohlschlegel",
          "team_id": "NAS",
          "value": 1.0741433074746582
        },
        {
          "player_id": "P7176",
          "name": "Deshawn Walker",
          "team_id": "NEW",
          "value": 1.0552278164116828
        },
        {
          "player_id": "P2346",
          "name": "Carlos Rodriguez",
          "team_id": "NEW",
          "value": 1.0230749396602374
        }
      ]
    },
    "pitching": {
      "era": [
        {
          "player_id": "P6720",
          "name": "Leroy Harris",
          "team_id": "DET",
          "value": 2.395563770794824
        },
        {
          "player_id": "D20550031",
          "name": "Tyron Hogsett",
          "team_id": "JAC",
          "value": 2.4761904761904763
        },
        {
          "player_id": "P6722",
          "name": "Trevor Dimanche",
          "team_id": "NEW",
          "value": 2.520569620253165
        }
      ],
      "so": [
        {
          "player_id": "P2496",
          "name": "Pedro Ramirez",
          "team_id": "JAC",
          "value": 220.0
        },
        {
          "player_id": "D20470120",
          "name": "Cedric Wright",
          "team_id": "SAN1",
          "value": 215.0
        },
        {
          "player_id": "P6722",
          "name": "Trevor Dimanche",
          "team_id": "NEW",
          "value": 213.0
        }
      ],
      "wins": [
        {
          "player_id": "P4315",
          "name": "Sung Pham",
          "team_id": "LOS",
          "value": 16.0
        },
        {
          "player_id": "D20450014",
          "name": "Tyron Hogsett",
          "team_id": "OKL",
          "value": 16.0
        },
        {
          "player_id": "P6722",
          "name": "Trevor Dimanche",
          "team_id": "NEW",
          "value": 15.0
        }
      ],
      "saves": [
        {
          "player_id": "D20440046",
          "name": "Carlos Delgado",
          "team_id": "NEW",
          "value": 22.0
        },
        {
          "player_id": "P4515",
          "name": "Mckinley Fariello",
          "team_id": "MIL",
          "value": 21.0
        },
        {
          "player_id": "P7632",
          "name": "Jordon Marchello",
          "team_id": "DET",
          "value": 20.0
        }
      ]
    }
  },
  "year": 2061,
  "season_id": "nexgen-long-run-2061",
  "champion": "OKL",
  "runner_up": "DET"
}