{
  "metrics": {
    "pitches_per_pa": 3.9193102102205537,
    "avg": 0.24177037595157058,
    "obp": 0.31758578785949887,
    "slg": 0.3680791914572995,
    "ops": 0.6856649793167984,
    "iso": 0.12630881550572892,
    "babip": 0.29724783682461847,
    "k_pct": 0.22286134169163824,
    "bb_pct": 0.08809515608675186,
    "k_minus_bb_pct": 0.1347661856048864,
    "swing_pct": 0.4888302359916571,
    "z_swing_pct": 0.6466795838811616,
    "o_swing_pct": 0.32585319964752674,
    "contact_pct": 0.8219403011907401,
    "z_contact_pct": 0.8949991974460951,
    "o_contact_pct": 0.672239580478357,
    "first_pitch_strike_pct": 0.6259314113824499,
    "zone_pct": 0.5079913758758876,
    "pitches_put_in_play_pct": 0.16996613625178691,
    "bip_gb_pct": 0.3934092828458661,
    "bip_ld_pct": 0.20949311456196895,
    "bip_fb_pct": 0.3970976025921649,
    "hr_per_fb_pct": 0.07547851209823041,
    "sb_pct": 0.6717846460618145,
    "sba_per_pa": 0.05757815818780927,
    "bip_double_play_pct": 0.02593888419710105,
    "called_third_strike_share_of_so": 0.2697439596105301
  },
  "mlb_deltas": {
    "pitches_per_pa": 0.05931021022055383,
    "avg": -0.0032296240484294136,
    "obp": 0.004585787859498869,
    "slg": -0.02392080854270051,
    "ops": -0.019335020683201587,
    "iso": -0.038691184494271086,
    "babip": 0.006247836824618491,
    "k_pct": 0.002861341691638236,
    "bb_pct": 0.008095156086751862,
    "k_minus_bb_pct": -0.005233814395113612,
    "swing_pct": 0.018830235991657118,
    "z_swing_pct": -0.0033204161188383763,
    "o_swing_pct": 0.00585319964752673,
    "contact_pct": 0.06194030119074012,
    "z_contact_pct": 0.07499919744609518,
    "o_contact_pct": 0.05223958047835697,
    "first_pitch_strike_pct": 0.02593141138244992,
    "zone_pct": 0.017991375875887616,
    "pitches_put_in_play_pct": -0.005033863748213074,
    "bip_gb_pct": -0.046590717154133876,
    "bip_ld_pct": -0.0005068854380310406,
    "bip_fb_pct": 0.047097602592164944,
    "hr_per_fb_pct": -0.03452148790176959,
    "sb_pct": -0.10821535393818549,
    "sba_per_pa": 0.00757815818780927,
    "bip_double_play_pct": -0.002061115802898951,
    "called_third_strike_share_of_so": 0.039743959610530094
  },
  "flags": [
    {
      "metric": "pitches_per_pa",
      "delta": 0.05931021022055383,
      "tolerance": 0.05
    },
    {
      "metric": "hr_per_fb_pct",
      "delta": -0.03452148790176959,
      "tolerance": 0.02
    },
    {
      "metric": "sb_pct",
      "delta": -0.10821535393818549,
      "tolerance": 0.05
    }
  ],
  "leaders": {
    "batting": {
      "avg": [
        {
          "player_id": "P3473",
          "name": "Nigel Wohlschlegel",
          "team_id": "LOS",
          "value": 0.3236196319018405
        },
        {
          "player_id": "P4767",
          "name": "Jorge Diaz",
          "team_id": "DET",
          "value": 0.3187311178247734
        },
        {
          "player_id": "P7176",
          "name": "Deshawn Walker",
          "team_id": "OKL",
          "value": 0.30493273542600896
        }
      ],
      "hr": [
        {
          "player_id": "P7176",
          "name": "Deshawn Walker",
          "team_id": "OKL",
          "value": 40.0
        },
        {
          "player_id": "P10120",
          "name": "Jackson Marko",
          "team_id": "SAN",
          "value": 40.0
        },
        {
          "player_id": "P9114",
          "name": "Antonio Diaz",
          "team_id": "NAS",
          "value": 39.0
        }
      ],
      "rbi": [
        {
          "player_id": "P10189",
          "name": "Wilford Demetriou",
          "team_id": "SAN1",
          "value": 118.0
        },
        {
          "player_id": "P3473",
          "name": "Nigel Wohlschlegel",
          "team_id": "LOS",
          "value": 111.0
        },
        {
          "player_id": "P7176",
          "name": "Deshawn Walker",
          "team_id": "OKL",
          "value": 106.0
        }
      ],
      "sb": [
        {
          "player_id": "P6965",
          "name": "Miguel Garcia",
          "team_id": "BOS",
          "value": 63.0
        },
        {
          "player_id": "P4740",
          "name": "Glen Temby",
          "team_id": "LOS",
          "value": 62.0
        },
        {
          "player_id": "P4519",
          "name": "Sung Hassan",
          "team_id": "POR",
          "value": 58.0
        }
      ],
      "ops": [
        {
          "player_id": "P4767",
          "name": "Jorge Diaz",
          "team_id": "DET",
          "value": 0.9498489425981873
        },
        {
          "player_id": "P9114",
          "name": "Antonio Diaz",
          "team_id": "NAS",
          "value": 0.9446279634259851
        },
        {
          "player_id": "P3473",
          "name": "Nigel Wohlschlegel",
          "team_id": "LOS",
          "value": 0.9410314205335051
        }
      ]
    },
    "pitching": {
      "era": [
        {
          "player_id": "D20350058",
          "name": "Jamal King",
          "team_id": "MIL",
          "value": 2.1599999999999997
        },
        {
          "player_id": "P6647",
          "name": "Brant Newbold",
          "team_id": "POR",
          "value": 2.3092105263157894
        },
        {
          "player_id": "P6738",
          "name": "Deshawn Scott",
          "team_id": "LAS",
          "value": 2.450769230769231
        }
      ],
      "so": [
        {
          "player_id": "P6647",
          "name": "Brant Newbold",
          "team_id": "POR",
          "value": 213.0
        },
        {
          "player_id": "D20350188",
          "name": "Pedro Flores",
          "team_id": "NEW",
          "value": 204.0
        },
        {
          "player_id": "D20370052",
          "name": "Jorge Martinez",
          "team_id": "LAS",
          "value": 204.0
        }
      ],
      "wins": [
        {
          "player_id": "P8152",
          "name": "Carlos Mendoza",
          "team_id": "LOS",
          "value": 17.0
        },
        {
          "player_id": "D20370038",
          "name": "Doyle Firebaugh",
          "team_id": "NAS",
          "value": 17.0
        },
        {
          "player_id": "D20490010",
          "name": "Malik Scott",
          "team_id": "BOS",
          "value": 16.0
        }
      ],
      "saves": [
        {
          "player_id": "P3900",
          "name": "Guillermo Soula",
          "team_id": "JAC",
          "value": 30.0
        },
        {
          "player_id": "P10023",
          "name": "Russ Mefferd",
          "team_id": "DEN",
          "value": 27.0
        },
        {
          "player_id": "D20500006",
          "name": "Emile Kimmes",
          "team_id": "LOS",
          "value": 25.0
        }
      ]
    }
  },
  "year": 2057,
  "season_id": "nexgen-long-run-2057",
  "champion": "LOS",
  "runner_up": "BOS"
}