{
  "metrics": {
    "pitches_per_pa": 3.921310874718027,
    "avg": 0.24461989213856047,
    "obp": 0.32011403377154,
    "slg": 0.38577317983820786,
    "ops": 0.7058872136097478,
    "iso": 0.14115328769964738,
    "babip": 0.29641676536618994,
    "k_pct": 0.21876538686148103,
    "bb_pct": 0.08826190012710264,
    "k_minus_bb_pct": 0.1305034867343784,
    "swing_pct": 0.4875164986625863,
    "z_swing_pct": 0.645164811176599,
    "o_swing_pct": 0.3245275398814544,
    "contact_pct": 0.8293990452288396,
    "z_contact_pct": 0.899322405150077,
    "o_contact_pct": 0.6856813440210827,
    "first_pitch_strike_pct": 0.6262610069734688,
    "zone_pct": 0.5083281744594863,
    "pitches_put_in_play_pct": 0.17085606157943303,
    "bip_gb_pct": 0.39521449324901725,
    "bip_ld_pct": 0.21439070244402667,
    "bip_fb_pct": 0.39039480430695606,
    "hr_per_fb_pct": 0.08423204907188389,
    "sb_pct": 0.6966312376148441,
    "sba_per_pa": 0.063562766944155,
    "bip_double_play_pct": 0.024218082379080498,
    "called_third_strike_share_of_so": 0.2821774404606124
  },
  "mlb_deltas": {
    "pitches_per_pa": 0.0613108747180271,
    "avg": -0.00038010786143952147,
    "obp": 0.007114033771540018,
    "slg": -0.006226820161792157,
    "ops": 0.0008872136097478611,
    "iso": -0.023846712300352624,
    "babip": 0.005416765366189957,
    "k_pct": -0.0012346131385189696,
    "bb_pct": 0.008261900127102637,
    "k_minus_bb_pct": -0.00949651326562162,
    "swing_pct": 0.01751649866258631,
    "z_swing_pct": -0.00483518882340106,
    "o_swing_pct": 0.004527539881454379,
    "contact_pct": 0.06939904522883955,
    "z_contact_pct": 0.07932240515007705,
    "o_contact_pct": 0.06568134402108272,
    "first_pitch_strike_pct": 0.02626100697346878,
    "zone_pct": 0.018328174459486313,
    "pitches_put_in_play_pct": -0.004143938420566956,
    "bip_gb_pct": -0.04478550675098275,
    "bip_ld_pct": 0.004390702444026673,
    "bip_fb_pct": 0.04039480430695608,
    "hr_per_fb_pct": -0.02576795092811611,
    "sb_pct": -0.08336876238515589,
    "sba_per_pa": 0.013562766944154994,
    "bip_double_play_pct": -0.0037819176209195025,
    "called_third_strike_share_of_so": 0.05217744046061237
  },
  "flags": [
    {
      "metric": "pitches_per_pa",
      "delta": 0.0613108747180271,
      "tolerance": 0.05
    },
    {
      "metric": "hr_per_fb_pct",
      "delta": -0.02576795092811611,
      "tolerance": 0.02
    },
    {
      "metric": "sb_pct",
      "delta": -0.08336876238515589,
      "tolerance": 0.05
    },
    {
      "metric": "sba_per_pa",
      "delta": 0.013562766944154994,
      "tolerance": 0.01
    }
  ],
  "leaders": {
    "batting": {
      "avg": [
        {
          "player_id": "P7268",
          "name": "Fernando Guerrero",
          "team_id": "JAC",
          "value": 0.3415384615384615
        },
        {
          "player_id": "P6878",
          "name": "Carlos Lopez",
          "team_id": "NEW",
          "value": 0.3317901234567901
        },
        {
          "player_id": "P7846",
          "name": "Rory Dash",
          "team_id": "SAN",
          "value": 0.3289902280130293
        }
      ],
      "hr": [
        {
          "player_id": "P6257",
          "name": "Johnathan Claes",
          "team_id": "JAC",
          "value": 44.0
        },
        {
          "player_id": "P7176",
          "name": "Deshawn Walker",
          "team_id": "LAS",
          "value": 44.0
        },
        {
          "player_id": "P6878",
          "name": "Carlos Lopez",
          "team_id": "NEW",
          "value": 44.0
        }
      ],
      "rbi": [
        {
          "player_id": "P6257",
          "name": "Johnathan Claes",
          "team_id": "JAC",
          "value": 135.0
        },
        {
          "player_id": "P7176",
          "name": "Deshawn Walker",
          "team_id": "LAS",
          "value": 133.0
        },
        {
          "player_id": "P7846",
          "name": "Rory Dash",
          "team_id": "SAN",
          "value": 128.0
        }
      ],
      "sb": [
        {
          "player_id": "P4519",
          "name": "Sung Hassan",
          "team_id": "WAS",
          "value": 69.0
        },
        {
          "player_id": "P6752",
          "name": "Juan Cruz",
          "team_id": "LOS",
          "value": 66.0
        },
        {
          "player_id": "P6871",
          "name": "Leroy Carter",
          "team_id": "WAS",
          "value": 64.0
        }
      ],
      "ops": [
        {
          "player_id": "P7268",
          "name": "Fernando Guerrero",
          "team_id": "JAC",
          "value": 1.0330031612223394
        },
        {
          "player_id": "P6878",
          "name": "Carlos Lopez",
          "team_id": "NEW",
          "value": 1.009567901234568
        },
        {
          "player_id": "P7846",
          "name": "Rory Dash",
          "team_id": "SAN",
          "value": 0.9814341475117883
        }
      ]
    },
    "pitching": {
      "era": [
        {
          "player_id": "P1922",
          "name": "Cristopher Kole",
          "team_id": "DEN",
          "value": 2.253913043478261
        },
        {
          "player_id": "P1038",
          "name": "Jermaine Walker",
          "team_id": "NAS",
          "value": 2.3275862068965516
        },
        {
          "player_id": "P7706",
          "name": "Jan Birdo",
          "team_id": "SAN",
          "value": 2.367622259696459
        }
      ],
      "so": [
        {
          "player_id": "P2544",
          "name": "Rufus Gaines",
          "team_id": "LOS",
          "value": 225.0
        },
        {
          "player_id": "P8381",
          "name": "Lane Ominelli",
          "team_id": "MIL",
          "value": 214.0
        },
        {
          "player_id": "P5292",
          "name": "Charley Liverman",
          "team_id": "NEW",
          "value": 212.0
        }
      ],
      "wins": [
        {
          "player_id": "P7706",
          "name": "Jan Birdo",
          "team_id": "SAN",
          "value": 17.0
        },
        {
          "player_id": "P7942",
          "name": "Alex Segundo",
          "team_id": "LAS",
          "value": 16.0
        },
        {
          "player_id": "P8713",
          "name": "Rubin Sexson",
          "team_id": "SAN",
          "value": 16.0
        }
      ],
      "saves": [
        {
          "player_id": "P6034",
          "name": "Ronny Kerksiek",
          "team_id": "DEN",
          "value": 52.0
        },
        {
          "player_id": "P5645",
          "name": "Raul Flores",
          "team_id": "DET",
          "value": 46.0
        },
        {
          "player_id": "P9127",
          "name": "Darwin Ophus",
          "team_id": "NAS",
          "value": 44.0
        }
      ]
    }
  },
  "year": 2031,
  "season_id": "nexgen-long-run-2031",
  "champion": "LAS",
  "runner_up": "JAC"
}