{
  "metrics": {
    "pitches_per_pa": 3.9246086240043945,
    "avg": 0.24840483477719563,
    "obp": 0.32277575141973314,
    "slg": 0.3946672200031125,
    "ops": 0.7174429714228456,
    "iso": 0.14626238522591686,
    "babip": 0.29871982250083645,
    "k_pct": 0.21568021605785956,
    "bb_pct": 0.08755607433855168,
    "k_minus_bb_pct": 0.1281241417193079,
    "swing_pct": 0.48804191889149373,
    "z_swing_pct": 0.6450288771772703,
    "o_swing_pct": 0.32600940970123604,
    "contact_pct": 0.8322489290387338,
    "z_contact_pct": 0.9007075786569356,
    "o_contact_pct": 0.692446108546294,
    "first_pitch_strike_pct": 0.6258353932069944,
    "zone_pct": 0.5079079044053326,
    "pitches_put_in_play_pct": 0.17155078904090415,
    "bip_gb_pct": 0.3929427362194687,
    "bip_ld_pct": 0.21387656587289447,
    "bip_fb_pct": 0.3931806979076369,
    "hr_per_fb_pct": 0.0864860595529579,
    "sb_pct": 0.7160342717258262,
    "sba_per_pa": 0.06544676370960359,
    "bip_double_play_pct": 0.024085122295310454,
    "called_third_strike_share_of_so": 0.2796200986894466
  },
  "mlb_deltas": {
    "pitches_per_pa": 0.0646086240043946,
    "avg": 0.0034048347771956367,
    "obp": 0.009775751419733136,
    "slg": 0.0026672200031124804,
    "ops": 0.012442971422845672,
    "iso": -0.018737614774083144,
    "babip": 0.007719822500836471,
    "k_pct": -0.004319783942140443,
    "bb_pct": 0.007556074338551683,
    "k_minus_bb_pct": -0.011875858280692125,
    "swing_pct": 0.018041918891493758,
    "z_swing_pct": -0.004971122822729712,
    "o_swing_pct": 0.006009409701236035,
    "contact_pct": 0.07224892903873381,
    "z_contact_pct": 0.08070757865693567,
    "o_contact_pct": 0.07244610854629396,
    "first_pitch_strike_pct": 0.02583539320699446,
    "zone_pct": 0.01790790440533263,
    "pitches_put_in_play_pct": -0.0034492109590958386,
    "bip_gb_pct": -0.04705726378053132,
    "bip_ld_pct": 0.0038765658728944774,
    "bip_fb_pct": 0.0431806979076369,
    "hr_per_fb_pct": -0.023513940447042095,
    "sb_pct": -0.0639657282741738,
    "sba_per_pa": 0.015446763709603586,
    "bip_double_play_pct": -0.003914877704689547,
    "called_third_strike_share_of_so": 0.049620098689446585
  },
  "flags": [
    {
      "metric": "pitches_per_pa",
      "delta": 0.0646086240043946,
      "tolerance": 0.05
    },
    {
      "metric": "hr_per_fb_pct",
      "delta": -0.023513940447042095,
      "tolerance": 0.02
    },
    {
      "metric": "sb_pct",
      "delta": -0.0639657282741738,
      "tolerance": 0.05
    },
    {
      "metric": "sba_per_pa",
      "delta": 0.015446763709603586,
      "tolerance": 0.01
    }
  ],
  "leaders": {
    "batting": {
      "avg": [
        {
          "player_id": "P8652",
          "name": "Pedro Rivera",
          "team_id": "SAN1",
          "value": 0.3590551181102362
        },
        {
          "player_id": "P9114",
          "name": "Antonio Diaz",
          "team_id": "NAS",
          "value": 0.3338509316770186
        },
        {
          "player_id": "P6878",
          "name": "Carlos Lopez",
          "team_id": "NEW",
          "value": 0.32901134521880065
        }
      ],
      "hr": [
        {
          "player_id": "P8652",
          "name": "Pedro Rivera",
          "team_id": "SAN1",
          "value": 51.0
        },
        {
          "player_id": "P2346",
          "name": "Carlos Rodriguez",
          "team_id": "SAN1",
          "value": 48.0
        },
        {
          "player_id": "P6878",
          "name": "Carlos Lopez",
          "team_id": "NEW",
          "value": 47.0
        }
      ],
      "rbi": [
        {
          "player_id": "P8652",
          "name": "Pedro Rivera",
          "team_id": "SAN1",
          "value": 151.0
        },
        {
          "player_id": "P7846",
          "name": "Rory Dash",
          "team_id": "SAN",
          "value": 138.0
        },
        {
          "player_id": "P9114",
          "name": "Antonio Diaz",
          "team_id": "NAS",
          "value": 135.0
        }
      ],
      "sb": [
        {
          "player_id": "P4857",
          "name": "Marcos Hickinbotham",
          "team_id": "BOS",
          "value": 74.0
        },
        {
          "player_id": "P4740",
          "name": "Glen Temby",
          "team_id": "SAN",
          "value": 70.0
        },
        {
          "player_id": "P6752",
          "name": "Juan Cruz",
          "team_id": "LOS",
          "value": 69.0
        }
      ],
      "ops": [
        {
          "player_id": "P8652",
          "name": "Pedro Rivera",
          "team_id": "SAN1",
          "value": 1.1258583530717197
        },
        {
          "player_id": "P6878",
          "name": "Carlos Lopez",
          "team_id": "NEW",
          "value": 1.0353094319938896
        },
        {
          "player_id": "P9114",
          "name": "Antonio Diaz",
          "team_id": "NAS",
          "value": 1.0236725548884928
        }
      ]
    },
    "pitching": {
      "era": [
        {
          "player_id": "P9017",
          "name": "Francisco Gonzalez",
          "team_id": "WAS",
          "value": 2.313014827018122
        },
        {
          "player_id": "P8713",
          "name": "Rubin Sexson",
          "team_id": "SAN",
          "value": 2.59811320754717
        },
        {
          "player_id": "P1342",
          "name": "Dion Mcclary",
          "team_id": "DEN",
          "value": 2.6745283018867925
        }
      ],
      "so": [
        {
          "player_id": "P3531",
          "name": "Jose Reyes",
          "team_id": "JAC",
          "value": 230.0
        },
        {
          "player_id": "P1342",
          "name": "Dion Mcclary",
          "team_id": "DEN",
          "value": 218.0
        },
        {
          "player_id": "P8825",
          "name": "Manuel Vargas",
          "team_id": "MIL",
          "value": 218.0
        }
      ],
      "wins": [
        {
          "player_id": "P9017",
          "name": "Francisco Gonzalez",
          "team_id": "WAS",
          "value": 18.0
        },
        {
          "player_id": "P8079",
          "name": "Xavier Washington",
          "team_id": "WAS",
          "value": 18.0
        },
        {
          "player_id": "P4798",
          "name": "Augustine Kaai",
          "team_id": "SAN1",
          "value": 17.0
        }
      ],
      "saves": [
        {
          "player_id": "P6034",
          "name": "Ronny Kerksiek",
          "team_id": "DEN",
          "value": 47.0
        },
        {
          "player_id": "P5871",
          "name": "Manuel Hernandez",
          "team_id": "SAN1",
          "value": 45.0
        },
        {
          "player_id": "P9127",
          "name": "Darwin Ophus",
          "team_id": "NAS",
          "value": 44.0
        }
      ]
    }
  },
  "year": 2026,
  "season_id": "nexgen-long-run-2026",
  "champion": "SAN",
  "runner_up": "SAN1"
}