{
  "metrics": {
    "pitches_per_pa": 3.9174284838229783,
    "avg": 0.24502410998255875,
    "obp": 0.31925683410412564,
    "slg": 0.37016517902944496,
    "ops": 0.6894220131335707,
    "iso": 0.1251410690468862,
    "babip": 0.30345895351701324,
    "k_pct": 0.2257287893069262,
    "bb_pct": 0.0864894329809101,
    "k_minus_bb_pct": 0.1392393563260161,
    "swing_pct": 0.48885803158074775,
    "z_swing_pct": 0.6455182505115631,
    "o_swing_pct": 0.3276353946695058,
    "contact_pct": 0.8193732024787262,
    "z_contact_pct": 0.8918148331798541,
    "o_contact_pct": 0.6724896317707679,
    "first_pitch_strike_pct": 0.6262988745925935,
    "zone_pct": 0.5071762567508414,
    "pitches_put_in_play_pct": 0.1697168052829773,
    "bip_gb_pct": 0.3935946707660774,
    "bip_ld_pct": 0.21315227602698777,
    "bip_fb_pct": 0.3932530532069348,
    "hr_per_fb_pct": 0.07467545516659298,
    "sb_pct": 0.660235999250796,
    "sba_per_pa": 0.06063118207524672,
    "bip_double_play_pct": 0.02423776582116321,
    "called_third_strike_share_of_so": 0.2689540675152186
  },
  "mlb_deltas": {
    "pitches_per_pa": 0.05742848382297838,
    "avg": 2.4109982558750964e-05,
    "obp": 0.0062568341041256414,
    "slg": -0.021834820970555058,
    "ops": -0.015577986866429305,
    "iso": -0.0398589309531138,
    "babip": 0.01245895351701326,
    "k_pct": 0.005728789306926191,
    "bb_pct": 0.006489432980910093,
    "k_minus_bb_pct": -0.0007606436739839018,
    "swing_pct": 0.01885803158074778,
    "z_swing_pct": -0.004481749488436937,
    "o_swing_pct": 0.007635394669505802,
    "contact_pct": 0.05937320247872624,
    "z_contact_pct": 0.07181483317985415,
    "o_contact_pct": 0.05248963177076793,
    "first_pitch_strike_pct": 0.026298874592593502,
    "zone_pct": 0.017176256750841445,
    "pitches_put_in_play_pct": -0.005283194717022682,
    "bip_gb_pct": -0.0464053292339226,
    "bip_ld_pct": 0.0031522760269877825,
    "bip_fb_pct": 0.043253053206934844,
    "hr_per_fb_pct": -0.03532454483340702,
    "sb_pct": -0.11976400074920401,
    "sba_per_pa": 0.010631182075246715,
    "bip_double_play_pct": -0.0037622341788367923,
    "called_third_strike_share_of_so": 0.0389540675152186
  },
  "flags": [
    {
      "metric": "pitches_per_pa",
      "delta": 0.05742848382297838,
      "tolerance": 0.05
    },
    {
      "metric": "hr_per_fb_pct",
      "delta": -0.03532454483340702,
      "tolerance": 0.02
    },
    {
      "metric": "sb_pct",
      "delta": -0.11976400074920401,
      "tolerance": 0.05
    },
    {
      "metric": "sba_per_pa",
      "delta": 0.010631182075246715,
      "tolerance": 0.01
    }
  ],
  "leaders": {
    "batting": {
      "avg": [
        {
          "player_id": "P7176",
          "name": "Deshawn Walker",
          "team_id": "OKL",
          "value": 0.3473684210526316
        },
        {
          "player_id": "P5793",
          "name": "Alejandro Hernandez",
          "team_id": "DET",
          "value": 0.3284313725490196
        },
        {
          "player_id": "P9114",
          "name": "Antonio Diaz",
          "team_id": "NEW",
          "value": 0.3198707592891761
        }
      ],
      "hr": [
        {
          "player_id": "P7846",
          "name": "Rory Dash",
          "team_id": "POR",
          "value": 39.0
        },
        {
          "player_id": "P10147",
          "name": "Miguel Ramos",
          "team_id": "LOS",
          "value": 37.0
        },
        {
          "player_id": "P9114",
          "name": "Antonio Diaz",
          "team_id": "NEW",
          "value": 35.0
        }
      ],
      "rbi": [
        {
          "player_id": "P5793",
          "name": "Alejandro Hernandez",
          "team_id": "DET",
          "value": 121.0
        },
        {
          "player_id": "P6257",
          "name": "Johnathan Claes",
          "team_id": "DET",
          "value": 105.0
        },
        {
          "player_id": "P3223",
          "name": "Roberto Hernandez",
          "team_id": "BOS",
          "value": 105.0
        }
      ],
      "sb": [
        {
          "player_id": "P7199",
          "name": "Danilo Briggerman",
          "team_id": "SAN1",
          "value": 67.0
        },
        {
          "player_id": "P6871",
          "name": "Leroy Carter",
          "team_id": "DET",
          "value": 59.0
        },
        {
          "player_id": "P4857",
          "name": "Marcos Hickinbotham",
          "team_id": "NEW",
          "value": 58.0
        }
      ],
      "ops": [
        {
          "player_id": "P5793",
          "name": "Alejandro Hernandez",
          "team_id": "DET",
          "value": 0.9963164456534059
        },
        {
          "player_id": "P7176",
          "name": "Deshawn Walker",
          "team_id": "OKL",
          "value": 0.9945098595545467
        },
        {
          "player_id": "P9114",
          "name": "Antonio Diaz",
          "team_id": "NEW",
          "value": 0.9637423217692105
        }
      ]
    },
    "pitching": {
      "era": [
        {
          "player_id": "P10006",
          "name": "Ira Chomka",
          "team_id": "NAS",
          "value": 2.1686746987951806
        },
        {
          "player_id": "D20270145",
          "name": "Ben Lafoe",
          "team_id": "NEW",
          "value": 2.2462562396006653
        },
        {
          "player_id": "D20300144",
          "name": "Malik Scott",
          "team_id": "OKL",
          "value": 2.5786516853932584
        }
      ],
      "so": [
        {
          "player_id": "P6414",
          "name": "Darnell Green",
          "team_id": "JAC",
          "value": 228.0
        },
        {
          "player_id": "P4315",
          "name": "Sung Pham",
          "team_id": "DET",
          "value": 215.0
        },
        {
          "player_id": "P10085",
          "name": "Leroy Mitchell",
          "team_id": "OKL",
          "value": 215.0
        }
      ],
      "wins": [
        {
          "player_id": "D20350058",
          "name": "Jamal King",
          "team_id": "MIL",
          "value": 18.0
        },
        {
          "player_id": "P5267",
          "name": "Rafael Hernandez",
          "team_id": "JAC",
          "value": 16.0
        },
        {
          "player_id": "D20290034",
          "name": "Tommy Voeltner",
          "team_id": "SAN1",
          "value": 16.0
        }
      ],
      "saves": [
        {
          "player_id": "P8838",
          "name": "Rodrick Michalek",
          "team_id": "LOS",
          "value": 26.0
        },
        {
          "player_id": "P10156",
          "name": "Luis Perez",
          "team_id": "JAC",
          "value": 25.0
        },
        {
          "player_id": "P6641",
          "name": "Sung Huang",
          "team_id": "DET",
          "value": 24.0
        }
      ]
    }
  },
  "year": 2049,
  "season_id": "nexgen-long-run-2049",
  "champion": "LOS",
  "runner_up": "MIL"
}