{
  "metrics": {
    "pitches_per_pa": 3.9203491481831323,
    "avg": 0.24881800497275292,
    "obp": 0.3232244358959637,
    "slg": 0.3754943766667096,
    "ops": 0.6987188125626733,
    "iso": 0.12667637169395668,
    "babip": 0.31003314251280506,
    "k_pct": 0.22768603976283416,
    "bb_pct": 0.0877308782192077,
    "k_minus_bb_pct": 0.13995516154362644,
    "swing_pct": 0.4890169383282291,
    "z_swing_pct": 0.6460973086661066,
    "o_swing_pct": 0.3268835980084476,
    "contact_pct": 0.8171424500917137,
    "z_contact_pct": 0.8909214751386592,
    "o_contact_pct": 0.6666245578575037,
    "first_pitch_strike_pct": 0.627180753604716,
    "zone_pct": 0.5079147132676314,
    "pitches_put_in_play_pct": 0.16861401802690973,
    "bip_gb_pct": 0.38712232073685116,
    "bip_ld_pct": 0.21587328914521822,
    "bip_fb_pct": 0.3970043901179306,
    "hr_per_fb_pct": 0.07318837667296331,
    "sb_pct": 0.6484479146829175,
    "sba_per_pa": 0.05975805442068487,
    "bip_double_play_pct": 0.026013600757510545,
    "called_third_strike_share_of_so": 0.26530714250012494
  },
  "mlb_deltas": {
    "pitches_per_pa": 0.06034914818313242,
    "avg": 0.0038180049727529197,
    "obp": 0.010224435895963724,
    "slg": -0.01650562333329042,
    "ops": -0.006281187437326641,
    "iso": -0.03832362830604333,
    "babip": 0.01903314251280508,
    "k_pct": 0.007686039762834163,
    "bb_pct": 0.007730878219207704,
    "k_minus_bb_pct": -4.483845637356931e-05,
    "swing_pct": 0.01901693832822915,
    "z_swing_pct": -0.0039026913338934266,
    "o_swing_pct": 0.006883598008447567,
    "contact_pct": 0.057142450091713703,
    "z_contact_pct": 0.0709214751386592,
    "o_contact_pct": 0.046624557857503746,
    "first_pitch_strike_pct": 0.027180753604716057,
    "zone_pct": 0.017914713267631388,
    "pitches_put_in_play_pct": -0.00638598197309026,
    "bip_gb_pct": -0.05287767926314885,
    "bip_ld_pct": 0.00587328914521823,
    "bip_fb_pct": 0.04700439011793062,
    "hr_per_fb_pct": -0.03681162332703669,
    "sb_pct": -0.1315520853170825,
    "sba_per_pa": 0.009758054420684864,
    "bip_double_play_pct": -0.0019863992424894554,
    "called_third_strike_share_of_so": 0.03530714250012493
  },
  "flags": [
    {
      "metric": "pitches_per_pa",
      "delta": 0.06034914818313242,
      "tolerance": 0.05
    },
    {
      "metric": "babip",
      "delta": 0.01903314251280508,
      "tolerance": 0.015
    },
    {
      "metric": "hr_per_fb_pct",
      "delta": -0.03681162332703669,
      "tolerance": 0.02
    },
    {
      "metric": "sb_pct",
      "delta": -0.1315520853170825,
      "tolerance": 0.05
    }
  ],
  "leaders": {
    "batting": {
      "avg": [
        {
          "player_id": "P4767",
          "name": "Jorge Diaz",
          "team_id": "NAS",
          "value": 0.3397745571658615
        },
        {
          "player_id": "P10119",
          "name": "Cleveland Branine",
          "team_id": "JAC",
          "value": 0.3225331369661267
        },
        {
          "player_id": "P5640",
          "name": "Raul Castillo",
          "team_id": "WAS",
          "value": 0.32142857142857145
        }
      ],
      "hr": [
        {
          "player_id": "P2083",
          "name": "Raul Garcia",
          "team_id": "MIL",
          "value": 40.0
        },
        {
          "player_id": "P6169",
          "name": "Xavier White",
          "team_id": "DET",
          "value": 37.0
        },
        {
          "player_id": "P4767",
          "name": "Jorge Diaz",
          "team_id": "NAS",
          "value": 36.0
        }
      ],
      "rbi": [
        {
          "player_id": "P4767",
          "name": "Jorge Diaz",
          "team_id": "NAS",
          "value": 133.0
        },
        {
          "player_id": "P4402",
          "name": "Carter Hurtgen",
          "team_id": "DEN",
          "value": 115.0
        },
        {
          "player_id": "P6169",
          "name": "Xavier White",
          "team_id": "DET",
          "value": 107.0
        }
      ],
      "sb": [
        {
          "player_id": "P10112",
          "name": "Stacy Legere",
          "team_id": "NAS",
          "value": 73.0
        },
        {
          "player_id": "P4857",
          "name": "Marcos Hickinbotham",
          "team_id": "DEN",
          "value": 70.0
        },
        {
          "player_id": "P7369",
          "name": "Damon Bossick",
          "team_id": "BOS",
          "value": 55.0
        }
      ],
      "ops": [
        {
          "player_id": "P4767",
          "name": "Jorge Diaz",
          "team_id": "NAS",
          "value": 1.0217754190197548
        },
        {
          "player_id": "P6169",
          "name": "Xavier White",
          "team_id": "DET",
          "value": 0.9643605870020964
        },
        {
          "player_id": "P2083",
          "name": "Raul Garcia",
          "team_id": "MIL",
          "value": 0.9583079361209315
        }
      ]
    },
    "pitching": {
      "era": [
        {
          "player_id": "D20450014",
          "name": "Tyron Hogsett",
          "team_id": "OKL",
          "value": 1.6594684385382061
        },
        {
          "player_id": "D20470120",
          "name": "Cedric Wright",
          "team_id": "SAN1",
          "value": 2.0070126227208975
        },
        {
          "player_id": "D20530059",
          "name": "Ernesto Segel",
          "team_id": "OKL",
          "value": 2.213903743315508
        }
      ],
      "so": [
        {
          "player_id": "D20470120",
          "name": "Cedric Wright",
          "team_id": "SAN1",
          "value": 266.0
        },
        {
          "player_id": "D20440195",
          "name": "Manuel Ortiz",
          "team_id": "DET",
          "value": 238.0
        },
        {
          "player_id": "D20440140",
          "name": "Wally Toher",
          "team_id": "POR",
          "value": 233.0
        }
      ],
      "wins": [
        {
          "player_id": "D20450014",
          "name": "Tyron Hogsett",
          "team_id": "OKL",
          "value": 19.0
        },
        {
          "player_id": "P4543",
          "name": "Juan Gomez",
          "team_id": "NEW",
          "value": 17.0
        },
        {
          "player_id": "P9812",
          "name": "Mitchell Gaumond",
          "team_id": "NAS",
          "value": 17.0
        }
      ],
      "saves": [
        {
          "player_id": "P7589",
          "name": "Brenton Jaremka",
          "team_id": "NAS",
          "value": 35.0
        },
        {
          "player_id": "P3167",
          "name": "Percy Washington",
          "team_id": "NEW",
          "value": 22.0
        },
        {
          "player_id": "P2942",
          "name": "Martin Shinnick",
          "team_id": "NEW",
          "value": 21.0
        }
      ]
    }
  },
  "year": 2064,
  "season_id": "nexgen-long-run-2064",
  "champion": "OKL",
  "runner_up": "NAS"
}