{
  "metrics": {
    "pitches_per_pa": 3.905476981705588,
    "avg": 0.24947088929079925,
    "obp": 0.3233299404142411,
    "slg": 0.3805235951308988,
    "ops": 0.7038535355451399,
    "iso": 0.13105270584009954,
    "babip": 0.30660799130389044,
    "k_pct": 0.2224931665324547,
    "bb_pct": 0.08702605224058342,
    "k_minus_bb_pct": 0.1354671142918713,
    "swing_pct": 0.4883633132176731,
    "z_swing_pct": 0.6450203827264255,
    "o_swing_pct": 0.32665443020792145,
    "contact_pct": 0.8221676458695083,
    "z_contact_pct": 0.8959899305063111,
    "o_contact_pct": 0.6716954542169545,
    "first_pitch_strike_pct": 0.6299379600539873,
    "zone_pct": 0.5079339726202439,
    "pitches_put_in_play_pct": 0.1708621080205145,
    "bip_gb_pct": 0.38783037307724993,
    "bip_ld_pct": 0.21534800713860797,
    "bip_fb_pct": 0.3968216197841421,
    "hr_per_fb_pct": 0.07748538011695906,
    "sb_pct": 0.6548334243582742,
    "sba_per_pa": 0.062300808674250585,
    "bip_double_play_pct": 0.02398232344692785,
    "called_third_strike_share_of_so": 0.2671152571748993
  },
  "mlb_deltas": {
    "pitches_per_pa": 0.045476981705588226,
    "avg": 0.0044708892907992515,
    "obp": 0.010329940414241123,
    "slg": -0.011476404869101231,
    "ops": -0.0011464644548601077,
    "iso": -0.03394729415990047,
    "babip": 0.015607991303890456,
    "k_pct": 0.0024931665324547103,
    "bb_pct": 0.007026052240583419,
    "k_minus_bb_pct": -0.004532885708128709,
    "swing_pct": 0.01836331321767315,
    "z_swing_pct": -0.004979617273574544,
    "o_swing_pct": 0.006654430207921447,
    "contact_pct": 0.06216764586950829,
    "z_contact_pct": 0.0759899305063112,
    "o_contact_pct": 0.05169545421695454,
    "first_pitch_strike_pct": 0.0299379600539873,
    "zone_pct": 0.017933972620243877,
    "pitches_put_in_play_pct": -0.004137891979485497,
    "bip_gb_pct": -0.05216962692275007,
    "bip_ld_pct": 0.005348007138607974,
    "bip_fb_pct": 0.04682161978414212,
    "hr_per_fb_pct": -0.03251461988304094,
    "sb_pct": -0.12516657564172584,
    "sba_per_pa": 0.012300808674250582,
    "bip_double_play_pct": -0.004017676553072152,
    "called_third_strike_share_of_so": 0.0371152571748993
  },
  "flags": [
    {
      "metric": "babip",
      "delta": 0.015607991303890456,
      "tolerance": 0.015
    },
    {
      "metric": "hr_per_fb_pct",
      "delta": -0.03251461988304094,
      "tolerance": 0.02
    },
    {
      "metric": "sb_pct",
      "delta": -0.12516657564172584,
      "tolerance": 0.05
    },
    {
      "metric": "sba_per_pa",
      "delta": 0.012300808674250582,
      "tolerance": 0.01
    }
  ],
  "leaders": {
    "batting": {
      "avg": [
        {
          "player_id": "P6183",
          "name": "Jose Cruz",
          "team_id": "DEN",
          "value": 0.31338582677165355
        },
        {
          "player_id": "P4364",
          "name": "Hector Hernandez",
          "team_id": "LOS",
          "value": 0.31164901664145234
        },
        {
          "player_id": "P3774",
          "name": "Rufus Young",
          "team_id": "SAN1",
          "value": 0.30903790087463556
        }
      ],
      "hr": [
        {
          "player_id": "P7268",
          "name": "Fernando Guerrero",
          "team_id": "JAC",
          "value": 40.0
        },
        {
          "player_id": "P7846",
          "name": "Rory Dash",
          "team_id": "SAN",
          "value": 40.0
        },
        {
          "player_id": "P2111",
          "name": "Basil Montore",
          "team_id": "OKL",
          "value": 38.0
        }
      ],
      "rbi": [
        {
          "player_id": "P2111",
          "name": "Basil Montore",
          "team_id": "OKL",
          "value": 116.0
        },
        {
          "player_id": "P3930",
          "name": "Wilfredo Neubaum",
          "team_id": "NAS",
          "value": 114.0
        },
        {
          "player_id": "P3534",
          "name": "Darnell Walker",
          "team_id": "SAN",
          "value": 113.0
        }
      ],
      "sb": [
        {
          "player_id": "P2359",
          "name": "Jerrold Eppes",
          "team_id": "MIL",
          "value": 72.0
        },
        {
          "player_id": "P4857",
          "name": "Marcos Hickinbotham",
          "team_id": "BOS",
          "value": 65.0
        },
        {
          "player_id": "P5390",
          "name": "Luis Rivera",
          "team_id": "NEW",
          "value": 59.0
        }
      ],
      "ops": [
        {
          "player_id": "P7268",
          "name": "Fernando Guerrero",
          "team_id": "JAC",
          "value": 0.9440782153983088
        },
        {
          "player_id": "P7846",
          "name": "Rory Dash",
          "team_id": "SAN",
          "value": 0.932007847905383
        },
        {
          "player_id": "P4364",
          "name": "Hector Hernandez",
          "team_id": "LOS",
          "value": 0.919552193645991
        }
      ]
    },
    "pitching": {
      "era": [
        {
          "player_id": "P2544",
          "name": "Rufus Gaines",
          "team_id": "LOS",
          "value": 2.347826086956522
        },
        {
          "player_id": "P8152",
          "name": "Carlos Mendoza",
          "team_id": "OKL",
          "value": 2.4347826086956523
        },
        {
          "player_id": "P3531",
          "name": "Jose Reyes",
          "team_id": "JAC",
          "value": 2.6129032258064515
        }
      ],
      "so": [
        {
          "player_id": "P4393",
          "name": "Damien Wooden",
          "team_id": "BOS",
          "value": 242.0
        },
        {
          "player_id": "P8101",
          "name": "Fernando Vasquez",
          "team_id": "DET",
          "value": 225.0
        },
        {
          "player_id": "P8513",
          "name": "Jarred Thornburg",
          "team_id": "SAN1",
          "value": 225.0
        }
      ],
      "wins": [
        {
          "player_id": "P8152",
          "name": "Carlos Mendoza",
          "team_id": "OKL",
          "value": 20.0
        },
        {
          "player_id": "P7122",
          "name": "Miguel Martinez",
          "team_id": "JAC",
          "value": 17.0
        },
        {
          "player_id": "P6941",
          "name": "Percy Allen",
          "team_id": "NEW",
          "value": 15.0
        }
      ],
      "saves": [
        {
          "player_id": "P4757",
          "name": "Russel Blackburn",
          "team_id": "LOS",
          "value": 42.0
        },
        {
          "player_id": "P5871",
          "name": "Manuel Hernandez",
          "team_id": "SAN1",
          "value": 38.0
        },
        {
          "player_id": "P4048",
          "name": "Luis Vargas",
          "team_id": "NAS",
          "value": 32.0
        }
      ]
    }
  },
  "year": 2040,
  "season_id": "nexgen-long-run-2040",
  "champion": "NAS",
  "runner_up": "LAS"
}