{
  "seasons": [],
  "metric_totals": {
    "pitches_per_pa": {
      "max_abs_delta": 0.025283865282720974,
      "avg_abs_delta": 0.017987780479113803
    },
    "avg": {
      "max_abs_delta": 0.002711858953735269,
      "avg_abs_delta": 0.00162642479605965
    },
    "obp": {
      "max_abs_delta": 0.003639277382580408,
      "avg_abs_delta": 0.0026130179995886627
    },
    "slg": {
      "max_abs_delta": 0.024885462160119887,
      "avg_abs_delta": 0.020152188277875727
    },
    "ops": {
      "max_abs_delta": 0.028402123654194478,
      "avg_abs_delta": 0.022765206277464457
    },
    "iso": {
      "max_abs_delta": 0.005711715057826056,
      "avg_abs_delta": 0.002988523650179742
    },
    "babip": {
      "max_abs_delta": 0.0033672909179564003,
      "avg_abs_delta": 0.0014934326776423813
    },
    "k_pct": {
      "max_abs_delta": 0.011632594628643411,
      "avg_abs_delta": 0.006392750784839562
    },
    "bb_pct": {
      "max_abs_delta": 0.004575405819996797,
      "avg_abs_delta": 0.003011588295109305
    },
    "k_minus_bb_pct": {
      "max_abs_delta": 0.008256313348221939,
      "avg_abs_delta": 0.003381162489730244
    },
    "swing_pct": {
      "max_abs_delta": 0.01865974476992427,
      "avg_abs_delta": 0.01774189323178661
    },
    "z_swing_pct": {
      "max_abs_delta": 0.008440599715258346,
      "avg_abs_delta": 0.006828162056906217
    },
    "o_swing_pct": {
      "max_abs_delta": 0.007792892365243997,
      "avg_abs_delta": 0.006720970155631623
    },
    "contact_pct": {
      "max_abs_delta": 0.043947761694756005,
      "avg_abs_delta": 0.03924966658691829
    },
    "z_contact_pct": {
      "max_abs_delta": 0.05581551286698083,
      "avg_abs_delta": 0.05144916334859626
    },
    "o_contact_pct": {
      "max_abs_delta": 0.035922808458222155,
      "avg_abs_delta": 0.03201165661512952
    },
    "first_pitch_strike_pct": {
      "max_abs_delta": 0.030131667599264556,
      "avg_abs_delta": 0.02857785902948935
    },
    "zone_pct": {
      "max_abs_delta": 0.020005233049083637,
      "avg_abs_delta": 0.018830105084135608
    },
    "pitches_put_in_play_pct": {
      "max_abs_delta": 0.0028401778575653236,
      "avg_abs_delta": 0.0011677279161575681
    },
    "bip_gb_pct": {
      "max_abs_delta": 0.021069522375804006,
      "avg_abs_delta": 0.01862894902983042
    },
    "bip_ld_pct": {
      "max_abs_delta": 0.009925610149628894,
      "avg_abs_delta": 0.00896196972765249
    },
    "bip_fb_pct": {
      "max_abs_delta": 0.012015875188175762,
      "avg_abs_delta": 0.00966697930217798
    },
    "hr_per_fb_pct": {
      "max_abs_delta": 0.005703522875541905,
      "avg_abs_delta": 0.003842126087257988
    },
    "sb_pct": {
      "max_abs_delta": 0.021387684301821364,
      "avg_abs_delta": 0.011560751413743953
    },
    "sba_per_pa": {
      "max_abs_delta": 0.006013462463081251,
      "avg_abs_delta": 0.005015117824561646
    },
    "bip_double_play_pct": {
      "max_abs_delta": 0.0046979738106965145,
      "avg_abs_delta": 0.004010609522823346
    },
    "called_third_strike_share_of_so": {
      "max_abs_delta": 0.00681087762669963,
      "avg_abs_delta": 0.004091033881344591
    }
  }
}