{
  "metrics": {
    "pitches_per_pa": 3.8532783599610605,
    "avg": 0.24432717678100263,
    "obp": 0.3162052145435256,
    "slg": 0.40920265139326856,
    "ops": 0.7254078659367942,
    "iso": 0.16487547461226593,
    "babip": 0.2943672909179564,
    "k_pct": 0.2316325946286434,
    "bb_pct": 0.08337628128042146,
    "k_minus_bb_pct": 0.14825631334822195,
    "swing_pct": 0.48763111199617176,
    "z_swing_pct": 0.6432510273611746,
    "o_swing_pct": 0.3271224407238125,
    "contact_pct": 0.7930368212211163,
    "z_contact_pct": 0.8661224564085763,
    "o_contact_pct": 0.6448070285534986,
    "first_pitch_strike_pct": 0.6285632480100785,
    "zone_pct": 0.5077322268753957,
    "pitches_put_in_play_pct": 0.17215982214243467,
    "bip_gb_pct": 0.42185314987138095,
    "bip_ld_pct": 0.21913574918426187,
    "bip_fb_pct": 0.3590111009443572,
    "hr_per_fb_pct": 0.1142771956725445,
    "sb_pct": 0.7841216920191707,
    "sba_per_pa": 0.054961919486915194,
    "bip_double_play_pct": 0.024446247604578492,
    "called_third_strike_share_of_so": 0.22318912237330038
  },
  "mlb_deltas": {
    "pitches_per_pa": -0.0067216400389393804,
    "avg": -0.0006728232189973649,
    "obp": 0.003205214543525625,
    "slg": 0.017202651393268542,
    "ops": 0.020407865936794223,
    "iso": -0.00012452538773408128,
    "babip": 0.0033672909179564003,
    "k_pct": 0.011632594628643411,
    "bb_pct": 0.0033762812804214587,
    "k_minus_bb_pct": 0.008256313348221939,
    "swing_pct": 0.01763111199617179,
    "z_swing_pct": -0.006748972638825457,
    "o_swing_pct": 0.007122440723812518,
    "contact_pct": 0.033036821221116286,
    "z_contact_pct": 0.04612245640857637,
    "o_contact_pct": 0.02480702855349859,
    "first_pitch_strike_pct": 0.02856324801007848,
    "zone_pct": 0.017732226875395662,
    "pitches_put_in_play_pct": -0.0028401778575653236,
    "bip_gb_pct": -0.018146850128619052,
    "bip_ld_pct": 0.009135749184261882,
    "bip_fb_pct": 0.009011100944357198,
    "hr_per_fb_pct": 0.004277195672544504,
    "sb_pct": 0.004121692019170675,
    "sba_per_pa": 0.004961919486915191,
    "bip_double_play_pct": -0.0035537523954215083,
    "called_third_strike_share_of_so": -0.00681087762669963
  },
  "flags": [],
  "leaders": {
    "batting": {
      "avg": [
        {
          "player_id": "P3652",
          "name": "Miguel Gomez",
          "team_id": "NEW",
          "value": 0.3384279475982533
        },
        {
          "player_id": "P3486",
          "name": "Jamal Young",
          "team_id": "CHA",
          "value": 0.3317901234567901
        },
        {
          "player_id": "P5279",
          "name": "Jamal Scott",
          "team_id": "COL",
          "value": 0.3270547945205479
        }
      ],
      "hr": [
        {
          "player_id": "P3950",
          "name": "Pedro Flores",
          "team_id": "MEM",
          "value": 54.0
        },
        {
          "player_id": "P3486",
          "name": "Jamal Young",
          "team_id": "CHA",
          "value": 47.0
        },
        {
          "player_id": "P8550",
          "name": "Enoch Rincan",
          "team_id": "LAS",
          "value": 46.0
        }
      ],
      "rbi": [
        {
          "player_id": "P3950",
          "name": "Pedro Flores",
          "team_id": "MEM",
          "value": 133.0
        },
        {
          "player_id": "P3486",
          "name": "Jamal Young",
          "team_id": "CHA",
          "value": 119.0
        },
        {
          "player_id": "P5279",
          "name": "Jamal Scott",
          "team_id": "COL",
          "value": 112.0
        }
      ],
      "sb": [
        {
          "player_id": "P9299",
          "name": "Carlos Guerrero",
          "team_id": "CHA",
          "value": 63.0
        },
        {
          "player_id": "P7909",
          "name": "Scott Bosshardt",
          "team_id": "COL",
          "value": 55.0
        },
        {
          "player_id": "P9028",
          "name": "Jess Dolhon",
          "team_id": "LOU",
          "value": 55.0
        }
      ],
      "ops": [
        {
          "player_id": "P3652",
          "name": "Miguel Gomez",
          "team_id": "NEW",
          "value": 1.0480779149331225
        },
        {
          "player_id": "P3486",
          "name": "Jamal Young",
          "team_id": "CHA",
          "value": 1.0395444870157513
        },
        {
          "player_id": "P5279",
          "name": "Jamal Scott",
          "team_id": "COL",
          "value": 1.0247937952044432
        }
      ]
    },
    "pitching": {
      "era": [
        {
          "player_id": "P2540",
          "name": "Jorge Ramos",
          "team_id": "LOU",
          "value": 2.849246231155779
        },
        {
          "player_id": "P5082",
          "name": "Fredrick Schneidtmille",
          "team_id": "ALB",
          "value": 2.8494809688581317
        },
        {
          "player_id": "P9896",
          "name": "Orville Hagle",
          "team_id": "OKL",
          "value": 2.9628318584070796
        }
      ],
      "so": [
        {
          "player_id": "P8009",
          "name": "Denny Rusch",
          "team_id": "HOU",
          "value": 229.0
        },
        {
          "player_id": "P9251",
          "name": "Jan Birdo",
          "team_id": "LAS",
          "value": 209.0
        },
        {
          "player_id": "P3739",
          "name": "Olin Tijerino",
          "team_id": "LAS",
          "value": 205.0
        }
      ],
      "wins": [
        {
          "player_id": "P2127",
          "name": "Elliot Frentzel",
          "team_id": "MEM",
          "value": 17.0
        },
        {
          "player_id": "P5202",
          "name": "Samuel Tappendorf",
          "team_id": "ELP",
          "value": 16.0
        },
        {
          "player_id": "P7128",
          "name": "Antonio Ramos",
          "team_id": "CHA",
          "value": 16.0
        }
      ],
      "saves": [
        {
          "player_id": "P6957",
          "name": "Winfred Zeme",
          "team_id": "MEM",
          "value": 47.0
        },
        {
          "player_id": "P3281",
          "name": "Ricardo Ramirez",
          "team_id": "LOS",
          "value": 47.0
        },
        {
          "player_id": "P6330",
          "name": "Percy Mitchell",
          "team_id": "ELP",
          "value": 46.0
        }
      ]
    }
  },
  "year": 2025,
  "season_id": "nexgen-long-run-2025",
  "champion": "LOU",
  "runner_up": "MEM"
}