{
  "metrics": {
    "pitches_per_pa": 3.845902877944914,
    "avg": 0.24228814104626473,
    "obp": 0.31497551138000573,
    "slg": 0.41032108615919183,
    "ops": 0.7252965975391976,
    "iso": 0.1680329451129271,
    "babip": 0.2893193435566317,
    "k_pct": 0.2268814250062962,
    "bb_pct": 0.0845754058199968,
    "k_minus_bb_pct": 0.14230601918629943,
    "swing_pct": 0.48668422854251314,
    "z_swing_pct": 0.6415594002847417,
    "o_swing_pct": 0.32674225831044207,
    "contact_pct": 0.7997357862804579,
    "z_contact_pct": 0.8721301894029333,
    "o_contact_pct": 0.6529387800451835,
    "first_pitch_strike_pct": 0.6274354923644023,
    "zone_pct": 0.5080472087035466,
    "pitches_put_in_play_pct": 0.17348156747183402,
    "bip_gb_pct": 0.4233039360351395,
    "bip_ld_pct": 0.21764867368999005,
    "bip_fb_pct": 0.3590473902748705,
    "hr_per_fb_pct": 0.11413089492845653,
    "sb_pct": 0.7817290006131208,
    "sba_per_pa": 0.056013462463081254,
    "bip_double_play_pct": 0.024604509110874712,
    "called_third_strike_share_of_so": 0.23270598920228064
  },
  "mlb_deltas": {
    "pitches_per_pa": -0.014097122055086064,
    "avg": -0.002711858953735269,
    "obp": 0.0019755113800057345,
    "slg": 0.018321086159191813,
    "ops": 0.02029659753919766,
    "iso": 0.0030329451129270935,
    "babip": -0.0016806564433682891,
    "k_pct": 0.00688142500629621,
    "bb_pct": 0.004575405819996797,
    "k_minus_bb_pct": 0.002306019186299413,
    "swing_pct": 0.01668422854251317,
    "z_swing_pct": -0.008440599715258346,
    "o_swing_pct": 0.006742258310442062,
    "contact_pct": 0.03973578628045793,
    "z_contact_pct": 0.05213018940293335,
    "o_contact_pct": 0.03293878004518347,
    "first_pitch_strike_pct": 0.027435492364402347,
    "zone_pct": 0.01804720870354659,
    "pitches_put_in_play_pct": -0.0015184325281659694,
    "bip_gb_pct": -0.016696063964860508,
    "bip_ld_pct": 0.00764867368999006,
    "bip_fb_pct": 0.009047390274870504,
    "hr_per_fb_pct": 0.00413089492845653,
    "sb_pct": 0.001729000613120757,
    "sba_per_pa": 0.006013462463081251,
    "bip_double_play_pct": -0.0033954908891252883,
    "called_third_strike_share_of_so": 0.0027059892022806287
  },
  "flags": [],
  "leaders": {
    "batting": {
      "avg": [
        {
          "player_id": "P1828",
          "name": "Gilberto Desselle",
          "team_id": "CHA",
          "value": 0.3478964401294498
        },
        {
          "player_id": "P3625",
          "name": "Xavier Walker",
          "team_id": "ELP",
          "value": 0.346875
        },
        {
          "player_id": "P6658",
          "name": "Jamal Robinson",
          "team_id": "ALB",
          "value": 0.3462109955423477
        }
      ],
      "hr": [
        {
          "player_id": "P6658",
          "name": "Jamal Robinson",
          "team_id": "ALB",
          "value": 60.0
        },
        {
          "player_id": "P3486",
          "name": "Jamal Young",
          "team_id": "CHA",
          "value": 58.0
        },
        {
          "player_id": "P3950",
          "name": "Pedro Flores",
          "team_id": "MEM",
          "value": 55.0
        }
      ],
      "rbi": [
        {
          "player_id": "P5279",
          "name": "Jamal Scott",
          "team_id": "COL",
          "value": 160.0
        },
        {
          "player_id": "P3625",
          "name": "Xavier Walker",
          "team_id": "ELP",
          "value": 143.0
        },
        {
          "player_id": "P6658",
          "name": "Jamal Robinson",
          "team_id": "ALB",
          "value": 142.0
        }
      ],
      "sb": [
        {
          "player_id": "P1329",
          "name": "Henry Eguchi",
          "team_id": "HOU",
          "value": 72.0
        },
        {
          "player_id": "P8452",
          "name": "Darnell Green",
          "team_id": "DEN",
          "value": 72.0
        },
        {
          "player_id": "P9788",
          "name": "Alejandro Morales",
          "team_id": "LOU",
          "value": 59.0
        }
      ],
      "ops": [
        {
          "player_id": "P1828",
          "name": "Gilberto Desselle",
          "team_id": "CHA",
          "value": 1.1504808788003098
        },
        {
          "player_id": "P6658",
          "name": "Jamal Robinson",
          "team_id": "ALB",
          "value": 1.1036199176464234
        },
        {
          "player_id": "P5279",
          "name": "Jamal Scott",
          "team_id": "COL",
          "value": 1.0552808260406539
        }
      ]
    },
    "pitching": {
      "era": [
        {
          "player_id": "P2602",
          "name": "Emilio Heningburg",
          "team_id": "CHA",
          "value": 2.9454545454545453
        },
        {
          "player_id": "P7714",
          "name": "Manuel Diaz",
          "team_id": "ELP",
          "value": 3.160068846815835
        },
        {
          "player_id": "P5991",
          "name": "Felton Shuptrine",
          "team_id": "COL",
          "value": 3.2245222929936306
        }
      ],
      "so": [
        {
          "player_id": "P5991",
          "name": "Felton Shuptrine",
          "team_id": "COL",
          "value": 213.0
        },
        {
          "player_id": "P4568",
          "name": "Cedric Jefferson",
          "team_id": "ALB",
          "value": 209.0
        },
        {
          "player_id": "P7927",
          "name": "Leroy Gaines",
          "team_id": "COL",
          "value": 205.0
        }
      ],
      "wins": [
        {
          "player_id": "P5999",
          "name": "Jose Castillo",
          "team_id": "MEM",
          "value": 19.0
        },
        {
          "player_id": "P7927",
          "name": "Leroy Gaines",
          "team_id": "COL",
          "value": 17.0
        },
        {
          "player_id": "P8910",
          "name": "Luis Ortiz",
          "team_id": "LOS",
          "value": 17.0
        }
      ],
      "saves": [
        {
          "player_id": "P1009",
          "name": "Billie Mcnight",
          "team_id": "ALB",
          "value": 47.0
        },
        {
          "player_id": "P3568",
          "name": "Hunter Chenevey",
          "team_id": "COL",
          "value": 47.0
        },
        {
          "player_id": "P2075",
          "name": "Marcus Burbridge",
          "team_id": "OKL",
          "value": 47.0
        }
      ]
    }
  },
  "year": 2028,
  "season_id": "nexgen-long-run-2028",
  "champion": "ALB",
  "runner_up": "ELP"
}