{
  "metrics": {
    "pitches_per_pa": 3.8393150684931507,
    "avg": 0.24592600184482935,
    "obp": 0.3166392773825804,
    "slg": 0.4162908680947012,
    "ops": 0.7329301454772816,
    "iso": 0.17036486624987188,
    "babip": 0.2922352523098792,
    "k_pct": 0.22409817351598174,
    "bb_pct": 0.08234018264840183,
    "k_minus_bb_pct": 0.1417579908675799,
    "swing_pct": 0.48865974476992424,
    "z_swing_pct": 0.6443242171786366,
    "o_swing_pct": 0.32663822763763906,
    "contact_pct": 0.802194124662302,
    "z_contact_pct": 0.873704973805409,
    "o_contact_pct": 0.6553716398224005,
    "first_pitch_strike_pct": 0.6296689497716895,
    "zone_pct": 0.5100052330490836,
    "pitches_put_in_play_pct": 0.17506630511054816,
    "bip_gb_pct": 0.42324088384653274,
    "bip_ld_pct": 0.2199256101496289,
    "bip_fb_pct": 0.3568335060038384,
    "hr_per_fb_pct": 0.1157035228755419,
    "sb_pct": 0.7937256510149682,
    "sba_per_pa": 0.05567351598173516,
    "bip_double_play_pct": 0.023302026189303486,
    "called_third_strike_share_of_so": 0.23238755030309205
  },
  "mlb_deltas": {
    "pitches_per_pa": -0.020684931506849136,
    "avg": 0.000926001844829355,
    "obp": 0.003639277382580408,
    "slg": 0.024290868094701212,
    "ops": 0.027930145477281676,
    "iso": 0.005364866249871869,
    "babip": 0.0012352523098791979,
    "k_pct": 0.00409817351598174,
    "bb_pct": 0.0023401826484018284,
    "k_minus_bb_pct": 0.0017579908675798839,
    "swing_pct": 0.01865974476992427,
    "z_swing_pct": -0.005675782821363384,
    "o_swing_pct": 0.006638227637639049,
    "contact_pct": 0.04219412466230199,
    "z_contact_pct": 0.05370497380540906,
    "o_contact_pct": 0.03537163982240055,
    "first_pitch_strike_pct": 0.029668949771689546,
    "zone_pct": 0.020005233049083637,
    "pitches_put_in_play_pct": 6.630511054817045e-05,
    "bip_gb_pct": -0.016759116153467257,
    "bip_ld_pct": 0.009925610149628894,
    "bip_fb_pct": 0.006833506003838419,
    "hr_per_fb_pct": 0.005703522875541905,
    "sb_pct": 0.013725651014968143,
    "sba_per_pa": 0.0056735159817351555,
    "bip_double_play_pct": -0.0046979738106965145,
    "called_third_strike_share_of_so": 0.0023875503030920397
  },
  "flags": [],
  "leaders": {
    "batting": {
      "avg": [
        {
          "player_id": "P7918",
          "name": "Darnell King",
          "team_id": "ELP",
          "value": 0.3422712933753943
        },
        {
          "player_id": "P5279",
          "name": "Jamal Scott",
          "team_id": "COL",
          "value": 0.33665008291873966
        },
        {
          "player_id": "P2310",
          "name": "Leroy Green",
          "team_id": "ALB",
          "value": 0.3354531001589825
        }
      ],
      "hr": [
        {
          "player_id": "P1828",
          "name": "Gilberto Desselle",
          "team_id": "CHA",
          "value": 64.0
        },
        {
          "player_id": "P3652",
          "name": "Miguel Gomez",
          "team_id": "NEW",
          "value": 56.0
        },
        {
          "player_id": "P3950",
          "name": "Pedro Flores",
          "team_id": "MEM",
          "value": 53.0
        }
      ],
      "rbi": [
        {
          "player_id": "P1828",
          "name": "Gilberto Desselle",
          "team_id": "CHA",
          "value": 158.0
        },
        {
          "player_id": "P5279",
          "name": "Jamal Scott",
          "team_id": "COL",
          "value": 139.0
        },
        {
          "player_id": "P3625",
          "name": "Xavier Walker",
          "team_id": "ELP",
          "value": 135.0
        }
      ],
      "sb": [
        {
          "player_id": "P9028",
          "name": "Jess Dolhon",
          "team_id": "LOU",
          "value": 64.0
        },
        {
          "player_id": "P6987",
          "name": "Leigh Boorman",
          "team_id": "SAN",
          "value": 64.0
        },
        {
          "player_id": "P7707",
          "name": "Jermaine Allen",
          "team_id": "SAN",
          "value": 61.0
        }
      ],
      "ops": [
        {
          "player_id": "P1828",
          "name": "Gilberto Desselle",
          "team_id": "CHA",
          "value": 1.1143405591964943
        },
        {
          "player_id": "P5279",
          "name": "Jamal Scott",
          "team_id": "COL",
          "value": 1.0801337383361378
        },
        {
          "player_id": "P7918",
          "name": "Darnell King",
          "team_id": "ELP",
          "value": 1.0645401021354381
        }
      ]
    },
    "pitching": {
      "era": [
        {
          "player_id": "P5845",
          "name": "Lyman Cabal",
          "team_id": "HOU",
          "value": 2.9634146341463414
        },
        {
          "player_id": "P5928",
          "name": "Randolph Mcmath",
          "team_id": "NEW",
          "value": 3.0
        },
        {
          "player_id": "P9471",
          "name": "Carlos Reyes",
          "team_id": "SAN",
          "value": 3.057491289198606
        }
      ],
      "so": [
        {
          "player_id": "P7714",
          "name": "Manuel Diaz",
          "team_id": "ELP",
          "value": 220.0
        },
        {
          "player_id": "P2540",
          "name": "Jorge Ramos",
          "team_id": "LOU",
          "value": 217.0
        },
        {
          "player_id": "P5352",
          "name": "Alejandro Flores",
          "team_id": "LOS",
          "value": 213.0
        }
      ],
      "wins": [
        {
          "player_id": "P9251",
          "name": "Jan Birdo",
          "team_id": "LAS",
          "value": 17.0
        },
        {
          "player_id": "P2755",
          "name": "Deshawn White",
          "team_id": "CHA",
          "value": 17.0
        },
        {
          "player_id": "P5928",
          "name": "Randolph Mcmath",
          "team_id": "NEW",
          "value": 17.0
        }
      ],
      "saves": [
        {
          "player_id": "P3281",
          "name": "Ricardo Ramirez",
          "team_id": "LOS",
          "value": 55.0
        },
        {
          "player_id": "P2780",
          "name": "Percy Allen",
          "team_id": "LAS",
          "value": 46.0
        },
        {
          "player_id": "P3568",
          "name": "Hunter Chenevey",
          "team_id": "COL",
          "value": 46.0
        }
      ]
    }
  },
  "year": 2027,
  "season_id": "nexgen-long-run-2027",
  "champion": "LOS",
  "runner_up": "CHA"
}