{
  "metrics": {
    "pitches_per_pa": 3.834716134717279,
    "avg": 0.24235230713955758,
    "obp": 0.313728425197757,
    "slg": 0.4080608735820972,
    "ops": 0.7217892987798542,
    "iso": 0.16570856644253962,
    "babip": 0.29028053070480886,
    "k_pct": 0.22724099653250632,
    "bb_pct": 0.08279642493391164,
    "k_minus_bb_pct": 0.1444445715985947,
    "swing_pct": 0.4877987639104835,
    "z_swing_pct": 0.6424032249546711,
    "o_swing_pct": 0.327792892365244,
    "contact_pct": 0.7973338390759592,
    "z_contact_pct": 0.8694726842590816,
    "o_contact_pct": 0.6510180261963429,
    "first_pitch_strike_pct": 0.6270899374020118,
    "zone_pct": 0.5085842865626744,
    "pitches_put_in_play_pct": 0.17444917618901248,
    "bip_gb_pct": 0.418930477624196,
    "bip_ld_pct": 0.2190536471876283,
    "bip_fb_pct": 0.36201587518817574,
    "hr_per_fb_pct": 0.11057874164670281,
    "sb_pct": 0.8013876843018214,
    "sba_per_pa": 0.05277914468489294,
    "bip_double_play_pct": 0.024120706172163678,
    "called_third_strike_share_of_so": 0.22435413204411542
  },
  "mlb_deltas": {
    "pitches_per_pa": -0.025283865282720974,
    "avg": -0.002647692860442419,
    "obp": 0.00072842519775701,
    "slg": 0.01606087358209718,
    "ops": 0.016789298779854245,
    "iso": 0.0007085664425396099,
    "babip": -0.0007194692951911219,
    "k_pct": 0.007240996532506316,
    "bb_pct": 0.0027964249339116343,
    "k_minus_bb_pct": 0.004444571598594682,
    "swing_pct": 0.017798763910483517,
    "z_swing_pct": -0.007596775045328963,
    "o_swing_pct": 0.007792892365243997,
    "contact_pct": 0.03733383907595922,
    "z_contact_pct": 0.04947268425908169,
    "o_contact_pct": 0.031018026196342863,
    "first_pitch_strike_pct": 0.02708993740201182,
    "zone_pct": 0.018584286562674412,
    "pitches_put_in_play_pct": -0.0005508238109875052,
    "bip_gb_pct": -0.021069522375804006,
    "bip_ld_pct": 0.0090536471876283,
    "bip_fb_pct": 0.012015875188175762,
    "hr_per_fb_pct": 0.00057874164670281,
    "sb_pct": 0.021387684301821364,
    "sba_per_pa": 0.0027791446848929383,
    "bip_double_play_pct": -0.0038792938278363227,
    "called_third_strike_share_of_so": -0.0056458679558845926
  },
  "flags": [],
  "leaders": {
    "batting": {
      "avg": [
        {
          "player_id": "P3625",
          "name": "Xavier Walker",
          "team_id": "ELP",
          "value": 0.3411580594679186
        },
        {
          "player_id": "P1661",
          "name": "Erich Bonillas",
          "team_id": "ELP",
          "value": 0.3273905996758509
        },
        {
          "player_id": "P8550",
          "name": "Enoch Rincan",
          "team_id": "LAS",
          "value": 0.3204022988505747
        }
      ],
      "hr": [
        {
          "player_id": "P6658",
          "name": "Jamal Robinson",
          "team_id": "ALB",
          "value": 58.0
        },
        {
          "player_id": "P3950",
          "name": "Pedro Flores",
          "team_id": "MEM",
          "value": 56.0
        },
        {
          "player_id": "P3625",
          "name": "Xavier Walker",
          "team_id": "ELP",
          "value": 48.0
        }
      ],
      "rbi": [
        {
          "player_id": "P3625",
          "name": "Xavier Walker",
          "team_id": "ELP",
          "value": 150.0
        },
        {
          "player_id": "P5279",
          "name": "Jamal Scott",
          "team_id": "COL",
          "value": 145.0
        },
        {
          "player_id": "P3950",
          "name": "Pedro Flores",
          "team_id": "MEM",
          "value": 132.0
        }
      ],
      "sb": [
        {
          "player_id": "P1329",
          "name": "Henry Eguchi",
          "team_id": "HOU",
          "value": 66.0
        },
        {
          "player_id": "P6999",
          "name": "Yong Li",
          "team_id": "HOU",
          "value": 60.0
        },
        {
          "player_id": "P9028",
          "name": "Jess Dolhon",
          "team_id": "LOU",
          "value": 55.0
        }
      ],
      "ops": [
        {
          "player_id": "P3625",
          "name": "Xavier Walker",
          "team_id": "ELP",
          "value": 1.0467954089028981
        },
        {
          "player_id": "P6658",
          "name": "Jamal Robinson",
          "team_id": "ALB",
          "value": 1.017277801792997
        },
        {
          "player_id": "P1828",
          "name": "Gilberto Desselle",
          "team_id": "CHA",
          "value": 1.0109668109668108
        }
      ]
    },
    "pitching": {
      "era": [
        {
          "player_id": "P5845",
          "name": "Lyman Cabal",
          "team_id": "HOU",
          "value": 2.4294478527607364
        },
        {
          "player_id": "P6422",
          "name": "Manuel Vargas",
          "team_id": "OKL",
          "value": 2.4786885245901638
        },
        {
          "player_id": "P8387",
          "name": "Lindsay Pachlin",
          "team_id": "COL",
          "value": 2.5260736196319016
        }
      ],
      "so": [
        {
          "player_id": "P8387",
          "name": "Lindsay Pachlin",
          "team_id": "COL",
          "value": 231.0
        },
        {
          "player_id": "P9995",
          "name": "Jorge Perez",
          "team_id": "ALB",
          "value": 217.0
        },
        {
          "player_id": "P6422",
          "name": "Manuel Vargas",
          "team_id": "OKL",
          "value": 216.0
        }
      ],
      "wins": [
        {
          "player_id": "P5967",
          "name": "Jermaine King",
          "team_id": "ELP",
          "value": 18.0
        },
        {
          "player_id": "P7927",
          "name": "Leroy Gaines",
          "team_id": "COL",
          "value": 16.0
        },
        {
          "player_id": "P9995",
          "name": "Jorge Perez",
          "team_id": "ALB",
          "value": 15.0
        }
      ],
      "saves": [
        {
          "player_id": "P3281",
          "name": "Ricardo Ramirez",
          "team_id": "LOS",
          "value": 48.0
        },
        {
          "player_id": "P6957",
          "name": "Winfred Zeme",
          "team_id": "MEM",
          "value": 46.0
        },
        {
          "player_id": "P1009",
          "name": "Billie Mcnight",
          "team_id": "ALB",
          "value": 44.0
        }
      ]
    }
  },
  "year": 2029,
  "season_id": "nexgen-long-run-2029",
  "champion": "ELP",
  "runner_up": "LOU"
}