{
  "metrics": {
    "pitches_per_pa": 3.8368486564880264,
    "avg": 0.24617374710229384,
    "obp": 0.31651666149407454,
    "slg": 0.4168854621601199,
    "ops": 0.7334021236541944,
    "iso": 0.17071171505782606,
    "babip": 0.2914644944218169,
    "k_pct": 0.22211056424077014,
    "bb_pct": 0.08196964679281481,
    "k_minus_bb_pct": 0.14014091744795532,
    "swing_pct": 0.4879356169398403,
    "z_swing_pct": 0.6443213199362451,
    "o_swing_pct": 0.3253090317410205,
    "contact_pct": 0.803947761694756,
    "z_contact_pct": 0.8758155128669808,
    "o_contact_pct": 0.6559228084582222,
    "first_pitch_strike_pct": 0.6301316675992645,
    "zone_pct": 0.5097815702299777,
    "pitches_put_in_play_pct": 0.17586290027352086,
    "bip_gb_pct": 0.4195268074735987,
    "bip_ld_pct": 0.2190461684267533,
    "bip_fb_pct": 0.361427024099648,
    "hr_per_fb_pct": 0.11452027531304419,
    "sb_pct": 0.7968397291196389,
    "sba_per_pa": 0.0556475465061837,
    "bip_double_play_pct": 0.023473463308962904,
    "called_third_strike_share_of_so": 0.23290488431876608
  },
  "mlb_deltas": {
    "pitches_per_pa": -0.023151343511973455,
    "avg": 0.0011737471022938428,
    "obp": 0.0035166614940745355,
    "slg": 0.024885462160119887,
    "ops": 0.028402123654194478,
    "iso": 0.005711715057826056,
    "babip": 0.0004644944218168967,
    "k_pct": 0.0021105642407701353,
    "bb_pct": 0.0019696467928148054,
    "k_minus_bb_pct": 0.00014091744795530214,
    "swing_pct": 0.017935616939840304,
    "z_swing_pct": -0.005678680063754937,
    "o_swing_pct": 0.005309031741020487,
    "contact_pct": 0.043947761694756005,
    "z_contact_pct": 0.05581551286698083,
    "o_contact_pct": 0.035922808458222155,
    "first_pitch_strike_pct": 0.030131667599264556,
    "zone_pct": 0.01978157022997773,
    "pitches_put_in_play_pct": 0.0008629002735208724,
    "bip_gb_pct": -0.020473192526401285,
    "bip_ld_pct": 0.00904616842675332,
    "bip_fb_pct": 0.01142702409964802,
    "hr_per_fb_pct": 0.004520275313044192,
    "sb_pct": 0.016839729119638824,
    "sba_per_pa": 0.0056475465061836955,
    "bip_double_play_pct": -0.004526536691037097,
    "called_third_strike_share_of_so": 0.0029048843187660656
  },
  "flags": [],
  "leaders": {
    "batting": {
      "avg": [
        {
          "player_id": "P5279",
          "name": "Jamal Scott",
          "team_id": "COL",
          "value": 0.35294117647058826
        },
        {
          "player_id": "P1828",
          "name": "Gilberto Desselle",
          "team_id": "CHA",
          "value": 0.3510971786833856
        },
        {
          "player_id": "P3652",
          "name": "Miguel Gomez",
          "team_id": "NEW",
          "value": 0.33620689655172414
        }
      ],
      "hr": [
        {
          "player_id": "P1828",
          "name": "Gilberto Desselle",
          "team_id": "CHA",
          "value": 61.0
        },
        {
          "player_id": "P7918",
          "name": "Darnell King",
          "team_id": "ELP",
          "value": 58.0
        },
        {
          "player_id": "P3625",
          "name": "Xavier Walker",
          "team_id": "ELP",
          "value": 52.0
        }
      ],
      "rbi": [
        {
          "player_id": "P7918",
          "name": "Darnell King",
          "team_id": "ELP",
          "value": 164.0
        },
        {
          "player_id": "P3625",
          "name": "Xavier Walker",
          "team_id": "ELP",
          "value": 146.0
        },
        {
          "player_id": "P1828",
          "name": "Gilberto Desselle",
          "team_id": "CHA",
          "value": 146.0
        }
      ],
      "sb": [
        {
          "player_id": "P1329",
          "name": "Henry Eguchi",
          "team_id": "HOU",
          "value": 65.0
        },
        {
          "player_id": "P6898",
          "name": "Ricardo Rodriguez",
          "team_id": "OKL",
          "value": 62.0
        },
        {
          "player_id": "P9028",
          "name": "Jess Dolhon",
          "team_id": "LOU",
          "value": 61.0
        }
      ],
      "ops": [
        {
          "player_id": "P1828",
          "name": "Gilberto Desselle",
          "team_id": "CHA",
          "value": 1.1413784172404862
        },
        {
          "player_id": "P5279",
          "name": "Jamal Scott",
          "team_id": "COL",
          "value": 1.100113398214337
        },
        {
          "player_id": "P3625",
          "name": "Xavier Walker",
          "team_id": "ELP",
          "value": 1.067767816091954
        }
      ]
    },
    "pitching": {
      "era": [
        {
          "player_id": "P2755",
          "name": "Deshawn White",
          "team_id": "CHA",
          "value": 2.4200351493848857
        },
        {
          "player_id": "P7358",
          "name": "Stefan Merrill",
          "team_id": "LOS",
          "value": 2.7045840407470285
        },
        {
          "player_id": "P7797",
          "name": "Leroy Wright",
          "team_id": "OKL",
          "value": 2.8469387755102042
        }
      ],
      "so": [
        {
          "player_id": "P2540",
          "name": "Jorge Ramos",
          "team_id": "LOU",
          "value": 204.0
        },
        {
          "player_id": "P7529",
          "name": "Francisco Castillo",
          "team_id": "ALB",
          "value": 197.0
        },
        {
          "player_id": "P4568",
          "name": "Cedric Jefferson",
          "team_id": "ALB",
          "value": 197.0
        }
      ],
      "wins": [
        {
          "player_id": "P1153",
          "name": "Milford Langen",
          "team_id": "LOS",
          "value": 17.0
        },
        {
          "player_id": "P7358",
          "name": "Stefan Merrill",
          "team_id": "LOS",
          "value": 16.0
        },
        {
          "player_id": "P4288",
          "name": "Leonel Bittel",
          "team_id": "SAN",
          "value": 16.0
        }
      ],
      "saves": [
        {
          "player_id": "P3281",
          "name": "Ricardo Ramirez",
          "team_id": "LOS",
          "value": 50.0
        },
        {
          "player_id": "P2075",
          "name": "Marcus Burbridge",
          "team_id": "OKL",
          "value": 45.0
        },
        {
          "player_id": "P1946",
          "name": "Antonio Vasquez",
          "team_id": "SAN",
          "value": 43.0
        }
      ]
    }
  },
  "year": 2026,
  "season_id": "nexgen-long-run-2026",
  "champion": "LOS",
  "runner_up": "MEM"
}