{
  "stochastic": {
    "pitches_per_pa": 2.8676731793960926,
    "swing_rate": 0.4509682473175086,
    "take_rate": 0.5490317526824914,
    "strikeout_pct": 0.17667955281579772,
    "walk_pct": 0.06467453766586563,
    "first_pitch_strike_pct": 0.37071033691457184,
    "called_strike_pct": 0.14173027526278395,
    "foul_share_est": 0.18989670814129306,
    "swinging_strike_pct": 0.046344706975388485,
    "contact_rate_pa": 0.8233204471842023,
    "bip_final_pct": 0.6995089332358165
  },
  "deterministic": {
    "pitches_per_pa": 2.7668341708542714,
    "swing_rate": 0.456229567744279,
    "take_rate": 0.5437704322557211,
    "strikeout_pct": 0.17587939698492464,
    "walk_pct": 0.062311557788944726,
    "first_pitch_strike_pct": 0.347,
    "called_strike_pct": 0.1416636396658191,
    "foul_share_est": 0.17835088993824919,
    "swinging_strike_pct": 0.05158009444242644,
    "contact_rate_pa": 0.8241206030150754,
    "bip_final_pct": 0.7025125628140704
  },
  "stochastic_bucket_share": {
    "zone": 0.728470512106124,
    "waste": 0.27152948789387593
  },
  "deterministic_bucket_share": {
    "zone": 0.7361505681818182,
    "waste": 0.2638494318181818
  }
}