{
  "stochastic": {
    "pitches": 38078.0,
    "swing_rate": 0.34923052681338307,
    "take_rate": 0.6507694731866169,
    "contact_rate": 0.24877882241714375,
    "swing_contact_rate": 0.7123627613174913,
    "foul_rate": 0.030069856610116078,
    "ball_in_play_rate": 0.12834182467566574,
    "ball_rate": 0.4521771101423394,
    "called_strike_rate": 0.1475392615158359,
    "walk_rate": 0.03574242344660959,
    "strikeout_rate": 0.07495141551552077
  },
  "deterministic": {
    "pitches": 1861.0,
    "swing_rate": 0.3750671681891456,
    "take_rate": 0.6249328318108544,
    "contact_rate": 0.25147770016120363,
    "swing_contact_rate": 0.670487106017192,
    "foul_rate": 0.03707684040838259,
    "ball_in_play_rate": 0.13809779688339602,
    "ball_rate": 0.44760881246641593,
    "called_strike_rate": 0.14078452444922085,
    "walk_rate": 0.03600214938205266,
    "strikeout_rate": 0.07092960773777539
  }
}