{
  "stochastic": {
    "pitches": 50292.0,
    "swing_rate": 0.4552413902807604,
    "take_rate": 0.5447586097192396,
    "contact_rate": 0.23287998091147696,
    "swing_contact_rate": 0.5115527407730945,
    "foul_rate": 0.016523502743975186,
    "ball_in_play_rate": 0.21635647816750178,
    "ball_rate": 0.31181897717330787,
    "called_strike_rate": 0.23293963254593175,
    "walk_rate": 0.006382724886661894,
    "strikeout_rate": 0.1396047085023463
  },
  "deterministic": {
    "pitches": 2416.0,
    "swing_rate": 0.4507450331125828,
    "take_rate": 0.5492549668874173,
    "contact_rate": 0.22640728476821192,
    "swing_contact_rate": 0.5022956841138659,
    "foul_rate": 0.013245033112582781,
    "ball_in_play_rate": 0.21316225165562913,
    "ball_rate": 0.3120860927152318,
    "called_strike_rate": 0.23716887417218543,
    "walk_rate": 0.0074503311258278145,
    "strikeout_rate": 0.14610927152317882
  }
}