{
  "stochastic": {
    "pitches": 31416.0,
    "swing_rate": 0.40247007894066716,
    "take_rate": 0.5975299210593328,
    "contact_rate": 0.31764069264069267,
    "swing_contact_rate": 0.7892280923758305,
    "foul_rate": 0.10150878533231475,
    "ball_in_play_rate": 0.1516743060860708,
    "ball_rate": 0.3106060606060606,
    "called_strike_rate": 0.28666921313980137,
    "walk_rate": 0.009772090654443595,
    "strikeout_rate": 0.10268652915711739
  },
  "deterministic": {
    "pitches": 1510.0,
    "swing_rate": 0.38543046357615895,
    "take_rate": 0.614569536423841,
    "contact_rate": 0.28741721854304636,
    "swing_contact_rate": 0.7457044673539519,
    "foul_rate": 0.07947019867549669,
    "ball_in_play_rate": 0.14304635761589404,
    "ball_rate": 0.3119205298013245,
    "called_strike_rate": 0.30264900662251654,
    "walk_rate": 0.009271523178807948,
    "strikeout_rate": 0.10397350993377484
  }
}