{
  "stochastic": {
    "pitches": 46358.0,
    "swing_rate": 0.5110660511670047,
    "take_rate": 0.4889339488329954,
    "contact_rate": 0.25156391561327063,
    "swing_contact_rate": 0.4922336653722776,
    "foul_rate": 0.018572846110703655,
    "ball_in_play_rate": 0.23299106950256698,
    "ball_rate": 0.21944432460416757,
    "called_strike_rate": 0.26948962422882783,
    "walk_rate": 0.004271107467966694,
    "strikeout_rate": 0.1580956900642823
  },
  "deterministic": {
    "pitches": 2293.0,
    "swing_rate": 0.5137374618403838,
    "take_rate": 0.48626253815961623,
    "contact_rate": 0.24465765372873965,
    "swing_contact_rate": 0.4762308998302207,
    "foul_rate": 0.01744439598778892,
    "ball_in_play_rate": 0.22721325774095072,
    "ball_rate": 0.21456607064980376,
    "called_strike_rate": 0.27169646750981247,
    "walk_rate": 0.0030527692978630614,
    "strikeout_rate": 0.16572176188399476
  }
}