{
  "stochastic": {
    "pitches": 45130.0,
    "swing_rate": 0.49171282960336804,
    "take_rate": 0.508287170396632,
    "contact_rate": 0.24442721028140926,
    "swing_contact_rate": 0.497093416249831,
    "foul_rate": 0.016574340793263906,
    "ball_in_play_rate": 0.22785286948814537,
    "ball_rate": 0.2515178373587414,
    "called_strike_rate": 0.2567693330378905,
    "walk_rate": 0.020518502105029913,
    "strikeout_rate": 0.1538001329492577
  },
  "deterministic": {
    "pitches": 2162.0,
    "swing_rate": 0.49537465309898243,
    "take_rate": 0.5046253469010176,
    "contact_rate": 0.24606845513413506,
    "swing_contact_rate": 0.49673202614379086,
    "foul_rate": 0.019888991674375578,
    "ball_in_play_rate": 0.22617946345975948,
    "ball_rate": 0.2488436632747456,
    "called_strike_rate": 0.25578168362627196,
    "walk_rate": 0.017113783533765033,
    "strikeout_rate": 0.16188714153561518
  }
}