{
  "stochastic": {
    "pitches": 34502.0,
    "swing_rate": 0.3097501594110486,
    "take_rate": 0.6902498405889513,
    "contact_rate": 0.25010144339458584,
    "swing_contact_rate": 0.8074295873491157,
    "foul_rate": 0.04130195350994145,
    "ball_in_play_rate": 0.11729754796823373,
    "ball_rate": 0.4988406469190192,
    "called_strike_rate": 0.1661932641585995,
    "walk_rate": 0.038896295866906266,
    "strikeout_rate": 0.056895252449133384
  },
  "deterministic": {
    "pitches": 1989.0,
    "swing_rate": 0.30015082956259426,
    "take_rate": 0.6998491704374057,
    "contact_rate": 0.2498743086978381,
    "swing_contact_rate": 0.8324958123953099,
    "foul_rate": 0.0457516339869281,
    "ball_in_play_rate": 0.12066365007541478,
    "ball_rate": 0.5143288084464555,
    "called_strike_rate": 0.1568627450980392,
    "walk_rate": 0.04725992961287079,
    "strikeout_rate": 0.05128205128205128
  }
}