{
  "stochastic": {
    "pitches": 51908.0,
    "swing_rate": 0.44756106958464975,
    "take_rate": 0.5524389304153502,
    "contact_rate": 0.22703629498343222,
    "swing_contact_rate": 0.5072744490358126,
    "foul_rate": 0.015450412267858519,
    "ball_in_play_rate": 0.21158588271557371,
    "ball_rate": 0.33247283655698545,
    "called_strike_rate": 0.2199660938583648,
    "walk_rate": 0.008707713647222007,
    "strikeout_rate": 0.1338907297526393
  },
  "deterministic": {
    "pitches": 2452.0,
    "swing_rate": 0.44779771615008157,
    "take_rate": 0.5522022838499184,
    "contact_rate": 0.22145187601957586,
    "swing_contact_rate": 0.49453551912568305,
    "foul_rate": 0.01631321370309951,
    "ball_in_play_rate": 0.20513866231647634,
    "ball_rate": 0.3254486133768352,
    "called_strike_rate": 0.2267536704730832,
    "walk_rate": 0.010603588907014683,
    "strikeout_rate": 0.13866231647634583
  }
}