pitch,alive_prob,resolved_prob
1,1.0,0.15853658536585366
2,0.8414634146341463,0.15853658536585366
3,0.6829268292682927,0.2804878048780488
4,0.4024390243902439,0.24390243902439024
5,0.15853658536585366,0.08536585365853659
6,0.07317073170731707,0.07317073170731707
