pitch,alive_prob,resolved_prob
1,1.0,0.16624685138539042
2,0.8337531486146096,0.13350125944584382
3,0.7002518891687658,0.2770780856423174
4,0.42317380352644834,0.23173803526448364
5,0.19143576826196473,0.1486146095717884
6,0.042821158690176324,0.042821158690176324
