{
  "stochastic": {
    "pitches": 52486.0,
    "swing_rate": 0.44756697023968295,
    "take_rate": 0.552433029760317,
    "contact_rate": 0.2278131311206798,
    "swing_contact_rate": 0.5090034481290707,
    "foul_rate": 0.01486110581869451,
    "ball_in_play_rate": 0.2129520253019853,
    "ball_rate": 0.33540372670807456,
    "called_strike_rate": 0.2170293030522425,
    "walk_rate": 0.009774034980756774,
    "strikeout_rate": 0.1311206798003277
  },
  "deterministic": {
    "pitches": 2411.0,
    "swing_rate": 0.44255495644960596,
    "take_rate": 0.557445043550394,
    "contact_rate": 0.22148486105350476,
    "swing_contact_rate": 0.5004686035613871,
    "foul_rate": 0.018249688925756947,
    "ball_in_play_rate": 0.20323517212774783,
    "ball_rate": 0.32476150974699297,
    "called_strike_rate": 0.23268353380340107,
    "walk_rate": 0.009124844462878473,
    "strikeout_rate": 0.13521360431356283
  }
}