{
  "stochastic": {
    "pitches": 50566.0,
    "swing_rate": 0.44298540521298896,
    "take_rate": 0.557014594787011,
    "contact_rate": 0.22962069374678637,
    "swing_contact_rate": 0.5183482142857143,
    "foul_rate": 0.015504489182454614,
    "ball_in_play_rate": 0.21411620456433175,
    "ball_rate": 0.33310920381283865,
    "called_strike_rate": 0.22390539097417236,
    "walk_rate": 0.009512320531582486,
    "strikeout_rate": 0.1352885337974133
  },
  "deterministic": {
    "pitches": 2409.0,
    "swing_rate": 0.44956413449564137,
    "take_rate": 0.5504358655043586,
    "contact_rate": 0.22706517227065173,
    "swing_contact_rate": 0.5050784856879039,
    "foul_rate": 0.0157741801577418,
    "ball_in_play_rate": 0.21129099211290991,
    "ball_rate": 0.3171440431714404,
    "called_strike_rate": 0.23329182233291823,
    "walk_rate": 0.007471980074719801,
    "strikeout_rate": 0.14653383146533833
  }
}