{
  "stochastic": {
    "pitches": 53462.0,
    "swing_rate": 0.5538139239085705,
    "take_rate": 0.4461860760914294,
    "contact_rate": 0.27690696195428527,
    "swing_contact_rate": 0.5,
    "foul_rate": 0.010736597957427705,
    "ball_in_play_rate": 0.26617036399685756,
    "ball_rate": 0.3506976918184879,
    "called_strike_rate": 0.09548838427294153,
    "walk_rate": 0.014870375219782276,
    "strikeout_rate": 0.09503946728517451
  },
  "deterministic": {
    "pitches": 2507.0,
    "swing_rate": 0.5432788193059434,
    "take_rate": 0.45672118069405665,
    "contact_rate": 0.2736338252891903,
    "swing_contact_rate": 0.5036710719530103,
    "foul_rate": 0.005983246908655764,
    "ball_in_play_rate": 0.2676505783805345,
    "ball_rate": 0.35540486637415236,
    "called_strike_rate": 0.10131631431990427,
    "walk_rate": 0.01316314319904268,
    "strikeout_rate": 0.0953330674112485
  }
}