{
  "stochastic": {
    "pitches": 37258.0,
    "swing_rate": 0.3651564764614311,
    "take_rate": 0.6348435235385689,
    "contact_rate": 0.2697407268237694,
    "swing_contact_rate": 0.7386990077177509,
    "foul_rate": 0.02839658596811423,
    "ball_in_play_rate": 0.13275001341993667,
    "ball_rate": 0.42423103762950237,
    "called_strike_rate": 0.13908422352246497,
    "walk_rate": 0.03022169735358849,
    "strikeout_rate": 0.08336464651886843
  },
  "deterministic": {
    "pitches": 1715.0,
    "swing_rate": 0.37201166180758016,
    "take_rate": 0.6279883381924198,
    "contact_rate": 0.27463556851311954,
    "swing_contact_rate": 0.7382445141065831,
    "foul_rate": 0.03498542274052478,
    "ball_in_play_rate": 0.12361516034985423,
    "ball_rate": 0.4145772594752187,
    "called_strike_rate": 0.1358600583090379,
    "walk_rate": 0.029737609329446066,
    "strikeout_rate": 0.09096209912536443
  }
}