{
  "stochastic": {
    "pitches": 50403.0,
    "swing_rate": 0.45423883498998074,
    "take_rate": 0.5457611650100193,
    "contact_rate": 0.2289943058944904,
    "swing_contact_rate": 0.5041275387639222,
    "foul_rate": 0.01597127155129655,
    "ball_in_play_rate": 0.21302303434319386,
    "ball_rate": 0.3239489712913914,
    "called_strike_rate": 0.22181219371862787,
    "walk_rate": 0.008570918397714422,
    "strikeout_rate": 0.13743229569668472
  },
  "deterministic": {
    "pitches": 2469.0,
    "swing_rate": 0.4414742810854597,
    "take_rate": 0.5585257189145403,
    "contact_rate": 0.22154718509518023,
    "swing_contact_rate": 0.501834862385321,
    "foul_rate": 0.012150668286755772,
    "ball_in_play_rate": 0.20939651680842447,
    "ball_rate": 0.3288780882948562,
    "called_strike_rate": 0.22964763061968407,
    "walk_rate": 0.011340623734305387,
    "strikeout_rate": 0.14054272985014177
  }
}