{
  "stochastic": {
    "pitches_per_pa": 2.4500876753507015,
    "swing_rate": 0.5193364517036014,
    "take_rate": 0.48066354829639857,
    "strikeout_pct": 0.20710170340681364,
    "walk_pct": 0.02555110220440882,
    "first_pitch_strike_pct": 0.42264951929079786,
    "called_strike_pct": 0.23643381131303837,
    "foul_share_est": 0.20732050200649235,
    "swinging_strike_pct": 0.04999616593819493,
    "contact_rate_pa": 0.7928982965931863,
    "bip_final_pct": 0.7673471943887775
  },
  "deterministic": {
    "pitches_per_pa": 2.400250941028858,
    "swing_rate": 0.527443805541035,
    "take_rate": 0.472556194458965,
    "strikeout_pct": 0.2120451693851945,
    "walk_pct": 0.02383939774153074,
    "first_pitch_strike_pct": 0.41530740276035133,
    "called_strike_pct": 0.24673288029273394,
    "foul_share_est": 0.1991636173549399,
    "swinging_strike_pct": 0.05384213277574491,
    "contact_rate_pa": 0.7879548306148055,
    "bip_final_pct": 0.7641154328732748
  },
  "stochastic_bucket_share": {
    "zone": 0.7019673291862641,
    "waste": 0.2980326708137359
  },
  "deterministic_bucket_share": {
    "zone": 0.6972193614830072,
    "waste": 0.3027806385169928
  }
}