{
  "stochastic": {
    "pitches": 49082.0,
    "swing_rate": 0.25536856688806486,
    "take_rate": 0.7446314331119351,
    "contact_rate": 0.21307200195591053,
    "swing_contact_rate": 0.8343705122067975,
    "foul_rate": 0.06646020944541788,
    "ball_in_play_rate": 0.07941811662116458,
    "ball_rate": 0.3262499490648303,
    "called_strike_rate": 0.1060470233486818,
    "walk_rate": 0.01179658530622224,
    "strikeout_rate": 0.15439468644309523
  },
  "deterministic": {
    "pitches": 2437.0,
    "swing_rate": 0.24948707427164546,
    "take_rate": 0.7505129257283545,
    "contact_rate": 0.21460812474353713,
    "swing_contact_rate": 0.8601973684210527,
    "foul_rate": 0.0644234714813295,
    "ball_in_play_rate": 0.08411981945014362,
    "ball_rate": 0.32868280672958555,
    "called_strike_rate": 0.10586787033237587,
    "walk_rate": 0.01107919573245794,
    "strikeout_rate": 0.15059499384489125
  }
}