{
  "version": 1,
  "teams": {
    "AUS": {
      "seasons": {
        "nexgen-long-run-2025": {
          "l": 67,
          "g": 162,
          "r": 685,
          "ra": 538,
          "lob": 1180,
          "opp_pa": 6160,
          "opp_h": 1214,
          "opp_bb": 551,
          "opp_so": 1716,
          "opp_hbp": 85,
          "opp_hr": 139,
          "opp_roe": 49,
          "der": 0.6557645134914145,
          "rpg": 4.228395061728395,
          "rag": 3.3209876543209877,
          "w": 95
        },
        "nexgen-long-run-2026": {
          "l": 136,
          "g": 324,
          "r": 1301,
          "ra": 1103,
          "lob": 2357,
          "opp_pa": 12360,
          "opp_h": 2445,
          "opp_bb": 1091,
          "opp_so": 3341,
          "opp_hbp": 163,
          "opp_hr": 304,
          "opp_roe": 93,
          "der": 0.6598311218335344,
          "rpg": 4.015432098765432,
          "rag": 3.404320987654321,
          "w": 188
        }
      },
      "totals": {
        "l": 203,
        "g": 486,
        "r": 1986,
        "ra": 1641,
        "lob": 3537,
        "opp_pa": 18520,
        "opp_h": 3659,
        "opp_bb": 1642,
        "opp_so": 5057,
        "opp_hbp": 248,
        "opp_hr": 443,
        "opp_roe": 142,
        "der": 1.315595635324949,
        "rpg": 8.243827160493826,
        "rag": 6.7253086419753085,
        "w": 283
      }
    },
    "JAC": {
      "seasons": {
        "nexgen-long-run-2025": {
          "w": 84,
          "g": 162,
          "r": 575,
          "ra": 607,
          "lob": 1161,
          "opp_pa": 6296,
          "opp_h": 1259,
          "opp_bb": 644,
          "opp_so": 1662,
          "opp_hbp": 94,
          "opp_hr": 156,
          "opp_roe": 43,
          "der": 0.6518716577540107,
          "rpg": 3.549382716049383,
          "rag": 3.746913580246914,
          "l": 78
        },
        "nexgen-long-run-2026": {
          "w": 162,
          "g": 324,
          "r": 1197,
          "ra": 1208,
          "lob": 2356,
          "opp_pa": 12551,
          "opp_h": 2525,
          "opp_bb": 1191,
          "opp_so": 3349,
          "opp_hbp": 174,
          "opp_hr": 310,
          "opp_roe": 84,
          "der": 0.6533811611531819,
          "rpg": 3.6944444444444446,
          "rag": 3.728395061728395,
          "l": 162
        }
      },
      "totals": {
        "w": 246,
        "g": 486,
        "r": 1772,
        "ra": 1815,
        "lob": 3517,
        "opp_pa": 18847,
        "opp_h": 3784,
        "opp_bb": 1835,
        "opp_so": 5011,
        "opp_hbp": 268,
        "opp_hr": 466,
        "opp_roe": 127,
        "der": 1.3052528189071926,
        "rpg": 7.243827160493828,
        "rag": 7.4753086419753085,
        "l": 240
      }
    },
    "DAL": {
      "seasons": {
        "nexgen-long-run-2025": {
          "w": 91,
          "g": 162,
          "r": 694,
          "ra": 602,
          "lob": 1177,
          "opp_pa": 6195,
          "opp_h": 1295,
          "opp_bb": 510,
          "opp_so": 1690,
          "opp_hbp": 78,
          "opp_hr": 143,
          "opp_roe": 50,
          "der": 0.6436142024377318,
          "rpg": 4.283950617283951,
          "rag": 3.7160493827160495,
          "l": 71
        },
        "nexgen-long-run-2026": {
          "w": 182,
          "g": 324,
          "r": 1400,
          "ra": 1209,
          "lob": 2297,
          "opp_pa": 12497,
          "opp_h": 2600,
          "opp_bb": 1038,
          "opp_so": 3371,
          "opp_hbp": 153,
          "opp_hr": 298,
          "opp_roe": 92,
          "der": 0.6475055650124395,
          "rpg": 4.320987654320987,
          "rag": 3.7314814814814814,
          "l": 142
        }
      },
      "totals": {
        "w": 273,
        "g": 486,
        "r": 2094,
        "ra": 1811,
        "lob": 3474,
        "opp_pa": 18692,
        "opp_h": 3895,
        "opp_bb": 1548,
        "opp_so": 5061,
        "opp_hbp": 231,
        "opp_hr": 441,
        "opp_roe": 142,
        "der": 1.2911197674501713,
        "rpg": 8.604938271604938,
        "rag": 7.447530864197531,
        "l": 213
      }
    },
    "SEA": {
      "seasons": {
        "nexgen-long-run-2025": {
          "l": 87,
          "g": 162,
          "r": 550,
          "ra": 566,
          "lob": 1129,
          "opp_pa": 6050,
          "opp_h": 1228,
          "opp_bb": 501,
          "opp_so": 1675,
          "opp_hbp": 72,
          "opp_hr": 154,
          "opp_roe": 30,
          "der": 0.6551535087719298,
          "rpg": 3.3950617283950617,
          "rag": 3.493827160493827,
          "w": 75
        },
        "nexgen-long-run-2026": {
          "l": 165,
          "g": 324,
          "r": 1116,
          "ra": 1133,
          "lob": 2237,
          "opp_pa": 12233,
          "opp_h": 2440,
          "opp_bb": 1022,
          "opp_so": 3347,
          "opp_hbp": 158,
          "opp_hr": 307,
          "opp_roe": 78,
          "der": 0.6596837410460873,
          "rpg": 3.4444444444444446,
          "rag": 3.496913580246914,
          "w": 159
        }
      },
      "totals": {
        "l": 252,
        "g": 486,
        "r": 1666,
        "ra": 1699,
        "lob": 3366,
        "opp_pa": 18283,
        "opp_h": 3668,
        "opp_bb": 1523,
        "opp_so": 5022,
        "opp_hbp": 230,
        "opp_hr": 461,
        "opp_roe": 108,
        "der": 1.3148372498180172,
        "rpg": 6.839506172839506,
        "rag": 6.9907407407407405,
        "w": 234
      }
    },
    "ELP": {
      "seasons": {
        "nexgen-long-run-2025": {
          "w": 80,
          "g": 162,
          "r": 534,
          "ra": 579,
          "lob": 1223,
          "opp_pa": 6233,
          "opp_h": 1240,
          "opp_bb": 568,
          "opp_so": 1623,
          "opp_hbp": 76,
          "opp_hr": 163,
          "opp_roe": 45,
          "der": 0.6621088614251907,
          "rpg": 3.2962962962962963,
          "rag": 3.574074074074074,
          "l": 82
        },
        "nexgen-long-run-2026": {
          "w": 163,
          "g": 324,
          "r": 1085,
          "ra": 1137,
          "lob": 2413,
          "opp_pa": 12379,
          "opp_h": 2456,
          "opp_bb": 1123,
          "opp_so": 3319,
          "opp_hbp": 158,
          "opp_hr": 326,
          "opp_roe": 65,
          "der": 0.6617469475379042,
          "rpg": 3.3487654320987654,
          "rag": 3.509259259259259,
          "l": 161
        }
      },
      "totals": {
        "w": 243,
        "g": 486,
        "r": 1619,
        "ra": 1716,
        "lob": 3636,
        "opp_pa": 18612,
        "opp_h": 3696,
        "opp_bb": 1691,
        "opp_so": 4942,
        "opp_hbp": 234,
        "opp_hr": 489,
        "opp_roe": 110,
        "der": 1.3238558089630947,
        "rpg": 6.645061728395062,
        "rag": 7.083333333333333,
        "l": 243
      }
    },
    "DET": {
      "seasons": {
        "nexgen-long-run-2025": {
          "l": 71,
          "g": 162,
          "r": 651,
          "ra": 580,
          "lob": 1148,
          "opp_pa": 6217,
          "opp_h": 1260,
          "opp_bb": 563,
          "opp_so": 1724,
          "opp_hbp": 103,
          "opp_hr": 143,
          "opp_roe": 30,
          "der": 0.6498371335504887,
          "rpg": 4.018518518518518,
          "rag": 3.580246913580247,
          "w": 91
        },
        "nexgen-long-run-2026": {
          "l": 142,
          "g": 324,
          "r": 1263,
          "ra": 1134,
          "lob": 2349,
          "opp_pa": 12341,
          "opp_h": 2439,
          "opp_bb": 1109,
          "opp_so": 3409,
          "opp_hbp": 179,
          "opp_hr": 276,
          "opp_roe": 79,
          "der": 0.6582519001085776,
          "rpg": 3.8981481481481484,
          "rag": 3.5,
          "w": 182
        }
      },
      "totals": {
        "l": 213,
        "g": 486,
        "r": 1914,
        "ra": 1714,
        "lob": 3497,
        "opp_pa": 18558,
        "opp_h": 3699,
        "opp_bb": 1672,