{
  "stochastic": {
    "pitches": 51975.0,
    "swing_rate": 0.4471380471380471,
    "take_rate": 0.5528619528619528,
    "contact_rate": 0.22695526695526697,
    "swing_contact_rate": 0.5075731497418244,
    "foul_rate": 0.014641654641654641,
    "ball_in_play_rate": 0.21231361231361232,
    "ball_rate": 0.3330832130832131,
    "called_strike_rate": 0.21977873977873977,
    "walk_rate": 0.010062530062530063,
    "strikeout_rate": 0.13327561327561327
  },
  "deterministic": {
    "pitches": 2413.0,
    "swing_rate": 0.4401160381268131,
    "take_rate": 0.5598839618731869,
    "contact_rate": 0.22295897223373395,
    "swing_contact_rate": 0.5065913370998116,
    "foul_rate": 0.01740571902196436,
    "ball_in_play_rate": 0.2055532532117696,
    "ball_rate": 0.3282221301284708,
    "called_strike_rate": 0.23166183174471613,
    "walk_rate": 0.011603812681309573,
    "strikeout_rate": 0.1326150020721094
  }
}