{
  "metrics": {
    "pitches_per_pa": 3.8349732021438285,
    "avg": 0.24940361677568296,
    "obp": 0.3202209690413166,
    "slg": 0.41916121585225086,
    "ops": 0.7393821848935674,
    "iso": 0.1697575990765679,
    "babip": 0.29724819663371627,
    "k_pct": 0.22409635800564526,
    "bb_pct": 0.0828048041870936,
    "k_minus_bb_pct": 0.14129155381855166,
    "swing_pct": 0.4871970606727913,
    "z_swing_pct": 0.6429461928815167,
    "o_swing_pct": 0.325666520979021,
    "contact_pct": 0.8023694624366197,
    "z_contact_pct": 0.8737983395237054,
    "o_contact_pct": 0.6561166098156536,
    "first_pitch_strike_pct": 0.6270698344132469,
    "zone_pct": 0.5091109011970071,
    "pitches_put_in_play_pct": 0.1751438524138301,
    "bip_gb_pct": 0.42233224445351847,
    "bip_ld_pct": 0.21845651286239282,
    "bip_fb_pct": 0.3592112426840887,
    "hr_per_fb_pct": 0.11550062840385421,
    "sb_pct": 0.7569178373776075,
    "sba_per_pa": 0.05368713360074051,
    "bip_double_play_pct": 0.025112290730910574,
    "called_third_strike_share_of_so": 0.23182049974502805
  },
  "mlb_deltas": {
    "pitches_per_pa": -0.025026797856171346,
    "avg": 0.004403616775682961,
    "obp": 0.007220969041316583,
    "slg": 0.027161215852250842,
    "ops": 0.03438218489356748,
    "iso": 0.004757599076567892,
    "babip": 0.006248196633716285,
    "k_pct": 0.004096358005645256,
    "bb_pct": 0.0028048041870935986,
    "k_minus_bb_pct": 0.001291553818551644,
    "swing_pct": 0.01719706067279131,
    "z_swing_pct": -0.007053807118483357,
    "o_swing_pct": 0.005666520979020984,
    "contact_pct": 0.042369462436619654,
    "z_contact_pct": 0.053798339523705496,
    "o_contact_pct": 0.036116609815653566,
    "first_pitch_strike_pct": 0.02706983441324695,
    "zone_pct": 0.01911090119700709,
    "pitches_put_in_play_pct": 0.00014385241383010894,
    "bip_gb_pct": -0.017667755546481534,
    "bip_ld_pct": 0.008456512862392823,
    "bip_fb_pct": 0.009211242684088738,
    "hr_per_fb_pct": 0.0055006284038542075,
    "sb_pct": -0.023082162622392488,
    "sba_per_pa": 0.003687133600740508,
    "bip_double_play_pct": -0.0028877092690894265,
    "called_third_strike_share_of_so": 0.0018204997450280425
  },
  "flags": [],
  "leaders": {
    "batting": {
      "avg": [
        {
          "player_id": "P5219",
          "name": "Edgardo Craker",
          "team_id": "LOU",
          "value": 0.3387334315169367
        },
        {
          "player_id": "P8441",
          "name": "Antonio Diaz",
          "team_id": "SEA",
          "value": 0.33853354134165364
        },
        {
          "player_id": "P6106",
          "name": "Fernando Vasquez",
          "team_id": "PHI",
          "value": 0.32947976878612717
        }
      ],
      "hr": [
        {
          "player_id": "P6106",
          "name": "Fernando Vasquez",
          "team_id": "PHI",
          "value": 73.0
        },
        {
          "player_id": "P3495",
          "name": "Edwin Eapen",
          "team_id": "SEA",
          "value": 57.0
        },
        {
          "player_id": "P6717",
          "name": "Sung Zhang",
          "team_id": "LOU",
          "value": 55.0
        }
      ],
      "rbi": [
        {
          "player_id": "P6106",
          "name": "Fernando Vasquez",
          "team_id": "PHI",
          "value": 143.0
        },
        {
          "player_id": "P8441",
          "name": "Antonio Diaz",
          "team_id": "SEA",
          "value": 132.0
        },
        {
          "player_id": "P8906",
          "name": "David Thurgood",
          "team_id": "BAL",
          "value": 131.0
        }
      ],
      "sb": [
        {
          "player_id": "P9282",
          "name": "Dylan Hoylton",
          "team_id": "LAS",
          "value": 71.0
        },
        {
          "player_id": "P6984",
          "name": "Parker Bressman",
          "team_id": "SAN",
          "value": 64.0
        },
        {
          "player_id": "P6969",
          "name": "Sung Tran",
          "team_id": "PHI",
          "value": 54.0
        }
      ],
      "ops": [
        {
          "player_id": "P6106",
          "name": "Fernando Vasquez",
          "team_id": "PHI",
          "value": 1.1315219798260552
        },
        {
          "player_id": "P3495",
          "name": "Edwin Eapen",
          "team_id": "SEA",
          "value": 1.0766832092638543
        },
        {
          "player_id": "P2959",
          "name": "Raul Lopez",
          "team_id": "OKL",
          "value": 1.065641001420818
        }
      ]
    },
    "pitching": {
      "era": [
        {
          "player_id": "P4965",
          "name": "Miguel Gomez",
          "team_id": "BAL",
          "value": 2.667802385008518
        },
        {
          "player_id": "P8315",
          "name": "Malik White",
          "team_id": "OKL",
          "value": 2.715370018975332
        },
        {
          "player_id": "P9732",
          "name": "Emmett Ritzert",
          "team_id": "SEA",
          "value": 2.7559171597633134
        }
      ],
      "so": [
        {
          "player_id": "P5266",
          "name": "Billy Sartell",
          "team_id": "CHI",
          "value": 234.0
        },
        {
          "player_id": "P2534",
          "name": "Pedro Hernandez",
          "team_id": "BAL",
          "value": 231.0
        },
        {
          "player_id": "P9732",
          "name": "Emmett Ritzert",
          "team_id": "SEA",
          "value": 228.0
        }
      ],
      "wins": [
        {
          "player_id": "P9732",
          "name": "Emmett Ritzert",
          "team_id": "SEA",
          "value": 19.0
        },
        {
          "player_id": "P7648",
          "name": "Donn Dunavant",
          "team_id": "LOU",
          "value": 18.0
        },
        {
          "player_id": "P3188",
          "name": "Jose Flores",
          "team_id": "PHI",
          "value": 18.0
        }
      ],
      "saves": [
        {
          "player_id": "P8351",
          "name": "Juan Hernandez",
          "team_id": "BAL",
          "value": 53.0
        },
        {
          "player_id": "P5746",
          "name": "Jamal Wright",
          "team_id": "PHI",
          "value": 51.0
        },
        {
          "player_id": "P8411",
          "name": "Hector Rivera",
          "team_id": "LAS",
          "value": 50.0
        }
      ]
    }
  },
  "year": 2035,
  "season_id": "nexgen-long-run-2035",
  "champion": "SEA",
  "runner_up": "LOU"
}