{
  "metrics": {
    "pitches_per_pa": 3.842897449316253,
    "avg": 0.2550422901756669,
    "obp": 0.3245805061434073,
    "slg": 0.42392233406049473,
    "ops": 0.748502840203902,
    "iso": 0.16888004388482786,
    "babip": 0.3061959782049234,
    "k_pct": 0.22569341737013357,
    "bb_pct": 0.08200414116362147,
    "k_minus_bb_pct": 0.1436892762065121,
    "swing_pct": 0.4899684116725827,
    "z_swing_pct": 0.6458117106506046,
    "o_swing_pct": 0.32923184248350684,
    "contact_pct": 0.7995021238285711,
    "z_contact_pct": 0.8742032178262519,
    "o_contact_pct": 0.6483697141291442,
    "first_pitch_strike_pct": 0.6260665771689913,
    "zone_pct": 0.50772833446325,
    "pitches_put_in_play_pct": 0.1744640790093048,
    "bip_gb_pct": 0.42363102611528736,
    "bip_ld_pct": 0.21910369754458603,
    "bip_fb_pct": 0.3572652763401266,
    "hr_per_fb_pct": 0.1151550811128856,
    "sb_pct": 0.7524416135881105,
    "sba_per_pa": 0.053584836970124464,
    "bip_double_play_pct": 0.024859581544518165,
    "called_third_strike_share_of_so": 0.22426655912894444
  },
  "mlb_deltas": {
    "pitches_per_pa": -0.017102550683746998,
    "avg": 0.01004229017566688,
    "obp": 0.011580506143407276,
    "slg": 0.03192233406049472,
    "ops": 0.04350284020390205,
    "iso": 0.0038800438848278496,
    "babip": 0.01519597820492341,
    "k_pct": 0.005693417370133569,
    "bb_pct": 0.0020041411636214645,
    "k_minus_bb_pct": 0.0036892762065120766,
    "swing_pct": 0.01996841167258273,
    "z_swing_pct": -0.004188289349395413,
    "o_swing_pct": 0.009231842483506836,
    "contact_pct": 0.0395021238285711,
    "z_contact_pct": 0.054203217826251926,
    "o_contact_pct": 0.02836971412914424,
    "first_pitch_strike_pct": 0.0260665771689913,
    "zone_pct": 0.01772833446325006,
    "pitches_put_in_play_pct": -0.0005359209906951878,
    "bip_gb_pct": -0.016368973884712645,
    "bip_ld_pct": 0.009103697544586037,
    "bip_fb_pct": 0.007265276340126636,
    "hr_per_fb_pct": 0.0051550811128855956,
    "sb_pct": -0.02755838641188957,
    "sba_per_pa": 0.003584836970124461,
    "bip_double_play_pct": -0.0031404184554818353,
    "called_third_strike_share_of_so": -0.005733440871055567
  },
  "flags": [
    {
      "metric": "babip",
      "delta": 0.01519597820492341,
      "tolerance": 0.015
    }
  ],
  "leaders": {
    "batting": {
      "avg": [
        {
          "player_id": "P9346",
          "name": "Millard Kappe",
          "team_id": "BAL",
          "value": 0.3389830508474576
        },
        {
          "player_id": "P2121",
          "name": "Hector Castillo",
          "team_id": "POR",
          "value": 0.33181818181818185
        },
        {
          "player_id": "P5219",
          "name": "Edgardo Craker",
          "team_id": "LOU",
          "value": 0.33093525179856115
        }
      ],
      "hr": [
        {
          "player_id": "P6106",
          "name": "Fernando Vasquez",
          "team_id": "PHI",
          "value": 61.0
        },
        {
          "player_id": "P7397",
          "name": "Xavier Green",
          "team_id": "ELP",
          "value": 59.0
        },
        {
          "player_id": "P2592",
          "name": "Sung Li",
          "team_id": "ELP",
          "value": 49.0
        }
      ],
      "rbi": [
        {
          "player_id": "P7397",
          "name": "Xavier Green",
          "team_id": "ELP",
          "value": 150.0
        },
        {
          "player_id": "P8906",
          "name": "David Thurgood",
          "team_id": "BAL",
          "value": 144.0
        },
        {
          "player_id": "P2592",
          "name": "Sung Li",
          "team_id": "ELP",
          "value": 139.0
        }
      ],
      "sb": [
        {
          "player_id": "P6984",
          "name": "Parker Bressman",
          "team_id": "SAN",
          "value": 75.0
        },
        {
          "player_id": "P4005",
          "name": "Sung Kim",
          "team_id": "ELP",
          "value": 64.0
        },
        {
          "player_id": "P2155",
          "name": "Deshawn Taylor",
          "team_id": "SEA",
          "value": 58.0
        }
      ],
      "ops": [
        {
          "player_id": "P7397",
          "name": "Xavier Green",
          "team_id": "ELP",
          "value": 1.069038112522686
        },
        {
          "player_id": "P6106",
          "name": "Fernando Vasquez",
          "team_id": "PHI",
          "value": 1.0680450313920762
        },
        {
          "player_id": "P9346",
          "name": "Millard Kappe",
          "team_id": "BAL",
          "value": 1.0575544882119168
        }
      ]
    },
    "pitching": {
      "era": [
        {
          "player_id": "P2534",
          "name": "Pedro Hernandez",
          "team_id": "BAL",
          "value": 2.6309904153354635
        },
        {
          "player_id": "P4039",
          "name": "Luis Diaz",
          "team_id": "IND",
          "value": 2.760902255639098
        },
        {
          "player_id": "P4843",
          "name": "Isreal Touton",
          "team_id": "CHI",
          "value": 2.9176672384219553
        }
      ],
      "so": [
        {
          "player_id": "P9247",
          "name": "Xavier Washington",
          "team_id": "LAS",
          "value": 244.0
        },
        {
          "player_id": "P1179",
          "name": "Luis Delgado",
          "team_id": "PHI",
          "value": 224.0
        },
        {
          "player_id": "P2534",
          "name": "Pedro Hernandez",
          "team_id": "BAL",
          "value": 223.0
        }
      ],
      "wins": [
        {
          "player_id": "P5393",
          "name": "Carlos Cruz",
          "team_id": "CHI",
          "value": 17.0
        },
        {
          "player_id": "P4039",
          "name": "Luis Diaz",
          "team_id": "IND",
          "value": 17.0
        },
        {
          "player_id": "P9732",
          "name": "Emmett Ritzert",
          "team_id": "SEA",
          "value": 16.0
        }
      ],
      "saves": [
        {
          "player_id": "P5746",
          "name": "Jamal Wright",
          "team_id": "PHI",
          "value": 43.0
        },
        {
          "player_id": "P1955",
          "name": "Tyrone Scott",
          "team_id": "ELP",
          "value": 34.0
        },
        {
          "player_id": "P7927",
          "name": "Terrence Aucter",
          "team_id": "ALB",
          "value": 32.0
        }
      ]
    }
  },
  "year": 2038,
  "season_id": "nexgen-long-run-2038",
  "champion": "CHI",
  "runner_up": "BAL"
}