{
  "metrics": {
    "pitches_per_pa": 3.83669469702149,
    "avg": 0.25155847979416546,
    "obp": 0.32259137737191107,
    "slg": 0.42674824951037493,
    "ops": 0.7493396268822861,
    "iso": 0.17518976971620948,
    "babip": 0.2982238231275618,
    "k_pct": 0.22215765365420115,
    "bb_pct": 0.08378341423395091,
    "k_minus_bb_pct": 0.13837423942025023,
    "swing_pct": 0.48833735254635957,
    "z_swing_pct": 0.6446609872797292,
    "o_swing_pct": 0.32629917259399044,
    "contact_pct": 0.8044529316248152,
    "z_contact_pct": 0.8758983363805869,
    "o_contact_pct": 0.6581400952751673,
    "first_pitch_strike_pct": 0.6270253640527791,
    "zone_pct": 0.5089749224866059,
    "pitches_put_in_play_pct": 0.17534658287696456,
    "bip_gb_pct": 0.42324108261915244,
    "bip_ld_pct": 0.21647301920666645,
    "bip_fb_pct": 0.3602858981741811,
    "hr_per_fb_pct": 0.11796657959115976,
    "sb_pct": 0.7496812579685508,
    "sba_per_pa": 0.053622296665983,
    "bip_double_play_pct": 0.025608888587784966,
    "called_third_strike_share_of_so": 0.2317279581474073
  },
  "mlb_deltas": {
    "pitches_per_pa": -0.023305302978509967,
    "avg": 0.0065584797941654616,
    "obp": 0.00959137737191107,
    "slg": 0.03474824951037492,
    "ops": 0.0443396268822861,
    "iso": 0.010189769716209468,
    "babip": 0.0072238231275618126,
    "k_pct": 0.002157653654201147,
    "bb_pct": 0.003783414233950913,
    "k_minus_bb_pct": -0.0016257605797497798,
    "swing_pct": 0.018337352546359598,
    "z_swing_pct": -0.005339012720270819,
    "o_swing_pct": 0.006299172593990432,
    "contact_pct": 0.04445293162481523,
    "z_contact_pct": 0.055898336380586944,
    "o_contact_pct": 0.03814009527516726,
    "first_pitch_strike_pct": 0.02702536405277911,
    "zone_pct": 0.018974922486605927,
    "pitches_put_in_play_pct": 0.00034658287696456846,
    "bip_gb_pct": -0.01675891738084756,
    "bip_ld_pct": 0.006473019206666458,
    "bip_fb_pct": 0.01028589817418113,
    "hr_per_fb_pct": 0.007966579591159761,
    "sb_pct": -0.030318742031449242,
    "sba_per_pa": 0.003622296665982995,
    "bip_double_play_pct": -0.0023911114122150343,
    "called_third_strike_share_of_so": 0.0017279581474072825
  },
  "flags": [],
  "leaders": {
    "batting": {
      "avg": [
        {
          "player_id": "P6106",
          "name": "Fernando Vasquez",
          "team_id": "PHI",
          "value": 0.3435225618631732
        },
        {
          "player_id": "P2121",
          "name": "Hector Castillo",
          "team_id": "CHI",
          "value": 0.33636363636363636
        },
        {
          "player_id": "P5219",
          "name": "Edgardo Craker",
          "team_id": "LOU",
          "value": 0.33482810164424515
        }
      ],
      "hr": [
        {
          "player_id": "P6106",
          "name": "Fernando Vasquez",
          "team_id": "PHI",
          "value": 68.0
        },
        {
          "player_id": "P6717",
          "name": "Sung Zhang",
          "team_id": "LOU",
          "value": 62.0
        },
        {
          "player_id": "P1457",
          "name": "Rafael Rodriguez",
          "team_id": "SAN1",
          "value": 59.0
        }
      ],
      "rbi": [
        {
          "player_id": "P2453",
          "name": "Fausto Joplin",
          "team_id": "SAN",
          "value": 145.0
        },
        {
          "player_id": "P5072",
          "name": "Tyrone Jefferson",
          "team_id": "ELP",
          "value": 135.0
        },
        {
          "player_id": "P2592",
          "name": "Sung Li",
          "team_id": "ELP",
          "value": 134.0
        }
      ],
      "sb": [
        {
          "player_id": "P6984",
          "name": "Parker Bressman",
          "team_id": "SAN",
          "value": 69.0
        },
        {
          "player_id": "P4005",
          "name": "Sung Kim",
          "team_id": "ELP",
          "value": 66.0
        },
        {
          "player_id": "P6969",
          "name": "Sung Tran",
          "team_id": "PHI",
          "value": 57.0
        }
      ],
      "ops": [
        {
          "player_id": "P6106",
          "name": "Fernando Vasquez",
          "team_id": "PHI",
          "value": 1.1605818585765724
        },
        {
          "player_id": "P6717",
          "name": "Sung Zhang",
          "team_id": "LOU",
          "value": 1.060912343470483
        },
        {
          "player_id": "P2453",
          "name": "Fausto Joplin",
          "team_id": "SAN",
          "value": 1.0594352890849326
        }
      ]
    },
    "pitching": {
      "era": [
        {
          "player_id": "P4965",
          "name": "Miguel Gomez",
          "team_id": "BAL",
          "value": 2.686106346483705
        },
        {
          "player_id": "P2925",
          "name": "Cyrus Plamondin",
          "team_id": "MEM",
          "value": 2.6956521739130435
        },
        {
          "player_id": "P3462",
          "name": "Manuel Flores",
          "team_id": "POR",
          "value": 2.7948243992606283
        }
      ],
      "so": [
        {
          "player_id": "P9732",
          "name": "Emmett Ritzert",
          "team_id": "SEA",
          "value": 269.0
        },
        {
          "player_id": "P2534",
          "name": "Pedro Hernandez",
          "team_id": "BAL",
          "value": 248.0
        },
        {
          "player_id": "P5266",
          "name": "Billy Sartell",
          "team_id": "CHI",
          "value": 236.0
        }
      ],
      "wins": [
        {
          "player_id": "P4100",
          "name": "Mel Deckard",
          "team_id": "SEA",
          "value": 19.0
        },
        {
          "player_id": "P4704",
          "name": "Sung Chen",
          "team_id": "LOU",
          "value": 18.0
        },
        {
          "player_id": "P3959",
          "name": "Rubin Ridep",
          "team_id": "LOU",
          "value": 17.0
        }
      ],
      "saves": [
        {
          "player_id": "P3339",
          "name": "Darnell Gaines",
          "team_id": "SAN1",
          "value": 46.0
        },
        {
          "player_id": "P8411",
          "name": "Hector Rivera",
          "team_id": "LAS",
          "value": 43.0
        },
        {
          "player_id": "P9188",
          "name": "Juan Ortiz",
          "team_id": "POR",
          "value": 40.0
        }
      ]
    }
  },
  "year": 2034,
  "season_id": "nexgen-long-run-2034",
  "champion": "LOU",
  "runner_up": "BAL"
}