{
  "metrics": {
    "pitches_per_pa": 3.838788609928755,
    "avg": 0.24769495632213223,
    "obp": 0.3175858433044515,
    "slg": 0.40168335139960465,
    "ops": 0.7192691947040561,
    "iso": 0.15398839507747242,
    "babip": 0.30255413262940106,
    "k_pct": 0.23261557371451982,
    "bb_pct": 0.08147633897070539,
    "k_minus_bb_pct": 0.15113923474381444,
    "swing_pct": 0.48712566595216705,
    "z_swing_pct": 0.6411484367271648,
    "o_swing_pct": 0.3271420627629225,
    "contact_pct": 0.7919504342480844,
    "z_contact_pct": 0.8643335572053511,
    "o_contact_pct": 0.6446004618937644,
    "first_pitch_strike_pct": 0.6291512075205427,
    "zone_pct": 0.5094915786883447,
    "pitches_put_in_play_pct": 0.17313718688759824,
    "bip_gb_pct": 0.4250757718454083,
    "bip_ld_pct": 0.21716125276117743,
    "bip_fb_pct": 0.3577629753934143,
    "hr_per_fb_pct": 0.10533978503832483,
    "sb_pct": 0.7380848272846524,
    "sba_per_pa": 0.05205654064143127,
    "bip_double_play_pct": 0.02575386564838439,
    "called_third_strike_share_of_so": 0.22452174763931698
  },
  "mlb_deltas": {
    "pitches_per_pa": -0.02121139007124473,
    "avg": 0.002694956322132236,
    "obp": 0.004585843304451498,
    "slg": 0.009683351399604634,
    "ops": 0.014269194704056187,
    "iso": -0.01101160492252759,
    "babip": 0.011554132629401082,
    "k_pct": 0.012615573714519823,
    "bb_pct": 0.0014763389707053848,
    "k_minus_bb_pct": 0.011139234743814425,
    "swing_pct": 0.01712566595216708,
    "z_swing_pct": -0.008851563272835206,
    "o_swing_pct": 0.0071420627629225075,
    "contact_pct": 0.031950434248084414,
    "z_contact_pct": 0.04433355720535115,
    "o_contact_pct": 0.024600461893764414,
    "first_pitch_strike_pct": 0.029151207520542677,
    "zone_pct": 0.019491578688344724,
    "pitches_put_in_play_pct": -0.0018628131124017455,
    "bip_gb_pct": -0.014924228154591712,
    "bip_ld_pct": 0.0071612527611774335,
    "bip_fb_pct": 0.007762975393414306,
    "hr_per_fb_pct": -0.004660214961675166,
    "sb_pct": -0.041915172715347615,
    "sba_per_pa": 0.002056540641431265,
    "bip_double_play_pct": -0.002246134351615612,
    "called_third_strike_share_of_so": -0.005478252360683028
  },
  "flags": [],
  "leaders": {
    "batting": {
      "avg": [
        {
          "player_id": "P9786",
          "name": "Jose Garcia",
          "team_id": "ALB",
          "value": 0.3584637268847795
        },
        {
          "player_id": "P6106",
          "name": "Fernando Vasquez",
          "team_id": "PHI",
          "value": 0.3537117903930131
        },
        {
          "player_id": "P10156",
          "name": "Stefan Goslee",
          "team_id": "SEA",
          "value": 0.3343065693430657
        }
      ],
      "hr": [
        {
          "player_id": "P6106",
          "name": "Fernando Vasquez",
          "team_id": "PHI",
          "value": 71.0
        },
        {
          "player_id": "P9786",
          "name": "Jose Garcia",
          "team_id": "ALB",
          "value": 65.0
        },
        {
          "player_id": "P7397",
          "name": "Xavier Green",
          "team_id": "LOU",
          "value": 53.0
        }
      ],
      "rbi": [
        {
          "player_id": "P9786",
          "name": "Jose Garcia",
          "team_id": "ALB",
          "value": 146.0
        },
        {
          "player_id": "P6106",
          "name": "Fernando Vasquez",
          "team_id": "PHI",
          "value": 136.0
        },
        {
          "player_id": "P7534",
          "name": "Juan Morales",
          "team_id": "ALB",
          "value": 128.0
        }
      ],
      "sb": [
        {
          "player_id": "P6386",
          "name": "Jose Vargas",
          "team_id": "LAS",
          "value": 72.0
        },
        {
          "player_id": "P9282",
          "name": "Dylan Hoylton",
          "team_id": "IND",
          "value": 66.0
        },
        {
          "player_id": "P4005",
          "name": "Sung Kim",
          "team_id": "SAN",
          "value": 65.0
        }
      ],
      "ops": [
        {
          "player_id": "P6106",
          "name": "Fernando Vasquez",
          "team_id": "PHI",
          "value": 1.2051075072920345
        },
        {
          "player_id": "P9786",
          "name": "Jose Garcia",
          "team_id": "ALB",
          "value": 1.1575619727425979
        },
        {
          "player_id": "P10156",
          "name": "Stefan Goslee",
          "team_id": "SEA",
          "value": 1.0602862082212832
        }
      ]
    },
    "pitching": {
      "era": [
        {
          "player_id": "P10153",
          "name": "Pedro Mendoza",
          "team_id": "CHI",
          "value": 2.4324324324324325
        },
        {
          "player_id": "P2024",
          "name": "Lionel Kelton",
          "team_id": "LAS",
          "value": 2.730337078651685
        },
        {
          "player_id": "P5339",
          "name": "Hector Vargas",
          "team_id": "ALB",
          "value": 2.7364864864864864
        }
      ],
      "so": [
        {
          "player_id": "P2024",
          "name": "Lionel Kelton",
          "team_id": "LAS",
          "value": 254.0
        },
        {
          "player_id": "D20470044",
          "name": "Luis Rivera",
          "team_id": "CHI",
          "value": 242.0
        },
        {
          "player_id": "D20490057",
          "name": "Hung Teffeteller",
          "team_id": "SEA",
          "value": 239.0
        }
      ],
      "wins": [
        {
          "player_id": "P10153",
          "name": "Pedro Mendoza",
          "team_id": "CHI",
          "value": 17.0
        },
        {
          "player_id": "D20380112",
          "name": "Malik Harris",
          "team_id": "MEM",
          "value": 17.0
        },
        {
          "player_id": "D20390182",
          "name": "Carmelo Yurkanin",
          "team_id": "ALB",
          "value": 17.0
        }
      ],
      "saves": [
        {
          "player_id": "P4967",
          "name": "Ricardo Guerrero",
          "team_id": "OKL",
          "value": 35.0
        },
        {
          "player_id": "P2599",
          "name": "Jorge Guerrero",
          "team_id": "SAN1",
          "value": 28.0
        },
        {
          "player_id": "P2534",
          "name": "Pedro Hernandez",
          "team_id": "CHI",
          "value": 24.0
        }
      ]
    }
  },
  "year": 2053,
  "season_id": "nexgen-long-run-2053",
  "champion": "PHI",
  "runner_up": "ALB"
}