{
  "metrics": {
    "pitches_per_pa": 3.838066292005964,
    "avg": 0.2502731538016582,
    "obp": 0.31988629141292163,
    "slg": 0.40910084195642393,
    "ops": 0.7289871333693456,
    "iso": 0.15882768815476572,
    "babip": 0.3042687974660764,
    "k_pct": 0.2316320678976947,
    "bb_pct": 0.08185571739878426,
    "k_minus_bb_pct": 0.14977635049891042,
    "swing_pct": 0.48770473432723427,
    "z_swing_pct": 0.6430124716420016,
    "o_swing_pct": 0.3270616128149792,
    "contact_pct": 0.7914108549930763,
    "z_contact_pct": 0.8658483081366652,
    "o_contact_pct": 0.6400371747211896,
    "first_pitch_strike_pct": 0.6258745268952861,
    "zone_pct": 0.508443376633467,
    "pitches_put_in_play_pct": 0.17327524122865998,
    "bip_gb_pct": 0.42114339915495386,
    "bip_ld_pct": 0.21874622747262223,
    "bip_fb_pct": 0.3601103733724239,
    "hr_per_fb_pct": 0.109324347380993,
    "sb_pct": 0.7272524033087413,
    "sba_per_pa": 0.05130175478839316,
    "bip_double_play_pct": 0.026127446753470725,
    "called_third_strike_share_of_so": 0.21930085165379282
  },
  "mlb_deltas": {
    "pitches_per_pa": -0.021933707994036045,
    "avg": 0.005273153801658215,
    "obp": 0.00688629141292163,
    "slg": 0.017100841956423918,
    "ops": 0.02398713336934566,
    "iso": -0.006172311845234285,
    "babip": 0.013268797466076399,
    "k_pct": 0.011632067897694692,
    "bb_pct": 0.0018557173987842623,
    "k_minus_bb_pct": 0.009776350498910402,
    "swing_pct": 0.017704734327234295,
    "z_swing_pct": -0.006987528357998429,
    "o_swing_pct": 0.00706161281497919,
    "contact_pct": 0.031410854993076276,
    "z_contact_pct": 0.045848308136665294,
    "o_contact_pct": 0.0200371747211896,
    "first_pitch_strike_pct": 0.025874526895286132,
    "zone_pct": 0.018443376633466957,
    "pitches_put_in_play_pct": -0.0017247587713400125,
    "bip_gb_pct": -0.018856600845046145,
    "bip_ld_pct": 0.008746227472622242,
    "bip_fb_pct": 0.01011037337242393,
    "hr_per_fb_pct": -0.0006756526190069972,
    "sb_pct": -0.052747596691258725,
    "sba_per_pa": 0.0013017547883931585,
    "bip_double_play_pct": -0.0018725532465292752,
    "called_third_strike_share_of_so": -0.010699148346207193
  },
  "flags": [
    {
      "metric": "sb_pct",
      "delta": -0.052747596691258725,
      "tolerance": 0.05
    }
  ],
  "leaders": {
    "batting": {
      "avg": [
        {
          "player_id": "P10120",
          "name": "Dante Ashman",
          "team_id": "LAS",
          "value": 0.34534534534534533
        },
        {
          "player_id": "P2892",
          "name": "Darnell Green",
          "team_id": "OKL",
          "value": 0.32540861812778604
        },
        {
          "player_id": "P1714",
          "name": "Nathan Sanghani",
          "team_id": "LOU",
          "value": 0.32075471698113206
        }
      ],
      "hr": [
        {
          "player_id": "P10120",
          "name": "Dante Ashman",
          "team_id": "LAS",
          "value": 68.0
        },
        {
          "player_id": "P10193",
          "name": "Kurt Vangompel",
          "team_id": "OKL",
          "value": 47.0
        },
        {
          "player_id": "P2892",
          "name": "Darnell Green",
          "team_id": "OKL",
          "value": 46.0
        }
      ],
      "rbi": [
        {
          "player_id": "P10120",
          "name": "Dante Ashman",
          "team_id": "LAS",
          "value": 168.0
        },
        {
          "player_id": "P2892",
          "name": "Darnell Green",
          "team_id": "OKL",
          "value": 120.0
        },
        {
          "player_id": "P9612",
          "name": "Cornelius Crummie",
          "team_id": "SEA",
          "value": 117.0
        }
      ],
      "sb": [
        {
          "player_id": "P2357",
          "name": "Rufus Harris",
          "team_id": "LOU",
          "value": 69.0
        },
        {
          "player_id": "P9282",
          "name": "Dylan Hoylton",
          "team_id": "POR",
          "value": 62.0
        },
        {
          "player_id": "P10013",
          "name": "Clair Verone",
          "team_id": "LAS",
          "value": 54.0
        }
      ],
      "ops": [
        {
          "player_id": "P10120",
          "name": "Dante Ashman",
          "team_id": "LAS",
          "value": 1.1630839955236738
        },
        {
          "player_id": "P2892",
          "name": "Darnell Green",
          "team_id": "OKL",
          "value": 0.9937177546013012
        },
        {
          "player_id": "P9612",
          "name": "Cornelius Crummie",
          "team_id": "SEA",
          "value": 0.9710750936862689
        }
      ]
    },
    "pitching": {
      "era": [
        {
          "player_id": "D20370081",
          "name": "Justin Plevin",
          "team_id": "LAS",
          "value": 2.5255102040816326
        },
        {
          "player_id": "P4631",
          "name": "Russ Tomlinson",
          "team_id": "SAN",
          "value": 2.5846153846153848
        },
        {
          "player_id": "D20450147",
          "name": "Jerome Lorance",
          "team_id": "SEA",
          "value": 2.769230769230769
        }
      ],
      "so": [
        {
          "player_id": "P7648",
          "name": "Donn Dunavant",
          "team_id": "LAS",
          "value": 228.0
        },
        {
          "player_id": "D20470044",
          "name": "Luis Rivera",
          "team_id": "CHI",
          "value": 220.0
        },
        {
          "player_id": "P10116",
          "name": "Fernando Guerrero",
          "team_id": "LOU",
          "value": 216.0
        }
      ],
      "wins": [
        {
          "player_id": "D20370081",
          "name": "Justin Plevin",
          "team_id": "LAS",
          "value": 20.0
        },
        {
          "player_id": "D20460150",
          "name": "Carlos Castillo",
          "team_id": "CHI",
          "value": 17.0
        },
        {
          "player_id": "D20440138",
          "name": "Trevor Kientzy",
          "team_id": "OKL",
          "value": 16.0
        }
      ],
      "saves": [
        {
          "player_id": "P4965",
          "name": "Miguel Gomez",
          "team_id": "LAS",
          "value": 34.0
        },
        {
          "player_id": "D20380029",
          "name": "Sung Li",
          "team_id": "ELP",
          "value": 23.0
        },
        {
          "player_id": "P2503",
          "name": "Cesar Lytal",
          "team_id": "LOU",
          "value": 22.0
        }
      ]
    }
  },
  "year": 2056,
  "season_id": "nexgen-long-run-2056",
  "champion": "SAN",
  "runner_up": "MEM"
}