{
  "metrics": {
    "pitches_per_pa": 3.845914636230052,
    "avg": 0.2524014786201251,
    "obp": 0.32335432366401706,
    "slg": 0.4211637098527775,
    "ops": 0.7445180335167946,
    "iso": 0.16876223123265244,
    "babip": 0.3013836968268873,
    "k_pct": 0.2228069575914978,
    "bb_pct": 0.08411076558566563,
    "k_minus_bb_pct": 0.13869619200583216,
    "swing_pct": 0.4881423100503807,
    "z_swing_pct": 0.6441944940841188,
    "o_swing_pct": 0.32755190961266867,
    "contact_pct": 0.8040300708083805,
    "z_contact_pct": 0.8763734271313051,
    "o_contact_pct": 0.6576151771462121,
    "first_pitch_strike_pct": 0.6284272517057946,
    "zone_pct": 0.5071661498271771,
    "pitches_put_in_play_pct": 0.1748368771639877,
    "bip_gb_pct": 0.42652888361849906,
    "bip_ld_pct": 0.2194307978993732,
    "bip_fb_pct": 0.35404031848212775,
    "hr_per_fb_pct": 0.11523644214893528,
    "sb_pct": 0.7502762430939226,
    "sba_per_pa": 0.051544043103350076,
    "bip_double_play_pct": 0.025529391834660343,
    "called_third_strike_share_of_so": 0.23205521472392637
  },
  "mlb_deltas": {
    "pitches_per_pa": -0.014085363769948067,
    "avg": 0.007401478620125079,
    "obp": 0.010354323664017062,
    "slg": 0.029163709852777497,
    "ops": 0.039518033516794615,
    "iso": 0.00376223123265243,
    "babip": 0.010383696826887334,
    "k_pct": 0.002806957591497794,
    "bb_pct": 0.0041107655856656294,
    "k_minus_bb_pct": -0.0013038079941678493,
    "swing_pct": 0.01814231005038075,
    "z_swing_pct": -0.005805505915881248,
    "o_swing_pct": 0.007551909612668661,
    "contact_pct": 0.044030070808380506,
    "z_contact_pct": 0.05637342713130511,
    "o_contact_pct": 0.0376151771462121,
    "first_pitch_strike_pct": 0.02842725170579463,
    "zone_pct": 0.017166149827177124,
    "pitches_put_in_play_pct": -0.0001631228360123027,
    "bip_gb_pct": -0.013471116381500947,
    "bip_ld_pct": 0.009430797899373206,
    "bip_fb_pct": 0.004040318482127769,
    "hr_per_fb_pct": 0.005236442148935275,
    "sb_pct": -0.029723756906077425,
    "sba_per_pa": 0.0015440431033500734,
    "bip_double_play_pct": -0.0024706081653396578,
    "called_third_strike_share_of_so": 0.002055214723926363
  },
  "flags": [],
  "leaders": {
    "batting": {
      "avg": [
        {
          "player_id": "P1457",
          "name": "Rafael Rodriguez",
          "team_id": "SAN1",
          "value": 0.33925925925925926
        },
        {
          "player_id": "P9346",
          "name": "Millard Kappe",
          "team_id": "BAL",
          "value": 0.3233082706766917
        },
        {
          "player_id": "P3779",
          "name": "Emmanuel Cappel",
          "team_id": "LOU",
          "value": 0.321483771251932
        }
      ],
      "hr": [
        {
          "player_id": "P2592",
          "name": "Sung Li",
          "team_id": "ELP",
          "value": 55.0
        },
        {
          "player_id": "P6408",
          "name": "Ricardo Lopez",
          "team_id": "OKL",
          "value": 54.0
        },
        {
          "player_id": "P6106",
          "name": "Fernando Vasquez",
          "team_id": "PHI",
          "value": 53.0
        }
      ],
      "rbi": [
        {
          "player_id": "P9346",
          "name": "Millard Kappe",
          "team_id": "BAL",
          "value": 137.0
        },
        {
          "player_id": "P2592",
          "name": "Sung Li",
          "team_id": "ELP",
          "value": 134.0
        },
        {
          "player_id": "P6106",
          "name": "Fernando Vasquez",
          "team_id": "PHI",
          "value": 128.0
        }
      ],
      "sb": [
        {
          "player_id": "P2357",
          "name": "Rufus Harris",
          "team_id": "IND",
          "value": 62.0
        },
        {
          "player_id": "P4005",
          "name": "Sung Kim",
          "team_id": "ELP",
          "value": 58.0
        },
        {
          "player_id": "P2155",
          "name": "Deshawn Taylor",
          "team_id": "SEA",
          "value": 58.0
        }
      ],
      "ops": [
        {
          "player_id": "P1457",
          "name": "Rafael Rodriguez",
          "team_id": "SAN1",
          "value": 1.048511179607613
        },
        {
          "player_id": "P9346",
          "name": "Millard Kappe",
          "team_id": "BAL",
          "value": 1.0199417833228763
        },
        {
          "player_id": "P6408",
          "name": "Ricardo Lopez",
          "team_id": "OKL",
          "value": 1.0141769262843725
        }
      ]
    },
    "pitching": {
      "era": [
        {
          "player_id": "P1303",
          "name": "Yong Nguyen",
          "team_id": "SAN",
          "value": 2.989455184534271
        },
        {
          "player_id": "P1179",
          "name": "Luis Delgado",
          "team_id": "PHI",
          "value": 3.0906200317965027
        },
        {
          "player_id": "P6184",
          "name": "Johnathan Pezzano",
          "team_id": "BAL",
          "value": 3.1045296167247387
        }
      ],
      "so": [
        {
          "player_id": "P9732",
          "name": "Emmett Ritzert",
          "team_id": "SEA",
          "value": 259.0
        },
        {
          "player_id": "P5266",
          "name": "Billy Sartell",
          "team_id": "CHI",
          "value": 232.0
        },
        {
          "player_id": "P9039",
          "name": "Yong Huang",
          "team_id": "SEA",
          "value": 226.0
        }
      ],
      "wins": [
        {
          "player_id": "P1021",
          "name": "Jose Diaz",
          "team_id": "LOU",
          "value": 18.0
        },
        {
          "player_id": "P8936",
          "name": "Adolfo Gessford",
          "team_id": "CHI",
          "value": 17.0
        },
        {
          "player_id": "P3188",
          "name": "Jose Flores",
          "team_id": "PHI",
          "value": 16.0
        }
      ],
      "saves": [
        {
          "player_id": "P1955",
          "name": "Tyrone Scott",
          "team_id": "ELP",
          "value": 44.0
        },
        {
          "player_id": "P5746",
          "name": "Jamal Wright",
          "team_id": "PHI",
          "value": 39.0
        },
        {
          "player_id": "P7927",
          "name": "Terrence Aucter",
          "team_id": "ALB",
          "value": 39.0
        }
      ]
    }
  },
  "year": 2036,
  "season_id": "nexgen-long-run-2036",
  "champion": "BAL",
  "runner_up": "LOU"
}