{
  "metrics": {
    "pitches_per_pa": 3.8421052631578947,
    "avg": 0.2493346875281231,
    "obp": 0.32098964698286797,
    "slg": 0.403198642376869,
    "ops": 0.7241882893597369,
    "iso": 0.15386395484874588,
    "babip": 0.30354523664722927,
    "k_pct": 0.22857404608126058,
    "bb_pct": 0.08386010718702762,
    "k_minus_bb_pct": 0.14471393889423298,
    "swing_pct": 0.4881850805345923,
    "z_swing_pct": 0.6441567100022808,
    "o_swing_pct": 0.32607572469714374,
    "contact_pct": 0.796532144819586,
    "z_contact_pct": 0.8676835081029552,
    "o_contact_pct": 0.6504427253238885,
    "first_pitch_strike_pct": 0.6295634647977646,
    "zone_pct": 0.5096480560821203,
    "pitches_put_in_play_pct": 0.17337291510187536,
    "bip_gb_pct": 0.4260590015128593,
    "bip_ld_pct": 0.2176110576261862,
    "bip_fb_pct": 0.3563299408609545,
    "hr_per_fb_pct": 0.10470390047946093,
    "sb_pct": 0.7447092893740254,
    "sba_per_pa": 0.05140625715725345,
    "bip_double_play_pct": 0.02702516847751341,
    "called_third_strike_share_of_so": 0.22354709418837676
  },
  "mlb_deltas": {
    "pitches_per_pa": -0.017894736842105186,
    "avg": 0.0043346875281231045,
    "obp": 0.00798964698286797,
    "slg": 0.011198642376868961,
    "ops": 0.019188289359736932,
    "iso": -0.011136045151254131,
    "babip": 0.012545236647229285,
    "k_pct": 0.008574046081260583,
    "bb_pct": 0.003860107187027617,
    "k_minus_bb_pct": 0.004713938894232966,
    "swing_pct": 0.018185080534592335,
    "z_swing_pct": -0.005843289997719214,
    "o_swing_pct": 0.006075724697143736,
    "contact_pct": 0.036532144819586,
    "z_contact_pct": 0.047683508102955297,
    "o_contact_pct": 0.030442725323888475,
    "first_pitch_strike_pct": 0.029563464797764616,
    "zone_pct": 0.01964805608212028,
    "pitches_put_in_play_pct": -0.001627084898124631,
    "bip_gb_pct": -0.013940998487140699,
    "bip_ld_pct": 0.007611057626186218,
    "bip_fb_pct": 0.006329940860954508,
    "hr_per_fb_pct": -0.005296099520539069,
    "sb_pct": -0.035290710625974664,
    "sba_per_pa": 0.0014062571572534474,
    "bip_double_play_pct": -0.0009748315224865911,
    "called_third_strike_share_of_so": -0.00645290581162325
  },
  "flags": [],
  "leaders": {
    "batting": {
      "avg": [
        {
          "player_id": "P9346",
          "name": "Millard Kappe",
          "team_id": "PHI",
          "value": 0.3416536661466459
        },
        {
          "player_id": "P2314",
          "name": "Vince Dahline",
          "team_id": "BAL",
          "value": 0.33865814696485624
        },
        {
          "player_id": "P10120",
          "name": "Dante Ashman",
          "team_id": "ELP",
          "value": 0.33827893175074186
        }
      ],
      "hr": [
        {
          "player_id": "P9786",
          "name": "Jose Garcia",
          "team_id": "ELP",
          "value": 58.0
        },
        {
          "player_id": "P10120",
          "name": "Dante Ashman",
          "team_id": "ELP",
          "value": 58.0
        },
        {
          "player_id": "P2314",
          "name": "Vince Dahline",
          "team_id": "BAL",
          "value": 48.0
        }
      ],
      "rbi": [
        {
          "player_id": "P10120",
          "name": "Dante Ashman",
          "team_id": "ELP",
          "value": 138.0
        },
        {
          "player_id": "P2314",
          "name": "Vince Dahline",
          "team_id": "BAL",
          "value": 127.0
        },
        {
          "player_id": "P1457",
          "name": "Rafael Rodriguez",
          "team_id": "SAN1",
          "value": 126.0
        }
      ],
      "sb": [
        {
          "player_id": "P10095",
          "name": "Tod Lantaff",
          "team_id": "LAS",
          "value": 61.0
        },
        {
          "player_id": "P2155",
          "name": "Deshawn Taylor",
          "team_id": "SAN",
          "value": 57.0
        },
        {
          "player_id": "P4264",
          "name": "Leroy Walker",
          "team_id": "PHI",
          "value": 57.0
        }
      ],
      "ops": [
        {
          "player_id": "P10120",
          "name": "Dante Ashman",
          "team_id": "ELP",
          "value": 1.0960826106420827
        },
        {
          "player_id": "P2314",
          "name": "Vince Dahline",
          "team_id": "BAL",
          "value": 1.0752250943944235
        },
        {
          "player_id": "P9346",
          "name": "Millard Kappe",
          "team_id": "PHI",
          "value": 1.0742977087504553
        }
      ]
    },
    "pitching": {
      "era": [
        {
          "player_id": "D20500036",
          "name": "Tyrone Mitchell",
          "team_id": "LOU",
          "value": 2.3823529411764706
        },
        {
          "player_id": "P10140",
          "name": "Trevor Kientzy",
          "team_id": "SEA",
          "value": 2.4327917282127034
        },
        {
          "player_id": "P3491",
          "name": "Antonio Cruz",
          "team_id": "SAN1",
          "value": 2.601328903654485
        }
      ],
      "so": [
        {
          "player_id": "D20470044",
          "name": "Luis Rivera",
          "team_id": "CHI",
          "value": 254.0
        },
        {
          "player_id": "D20500036",
          "name": "Tyrone Mitchell",
          "team_id": "LOU",
          "value": 243.0
        },
        {
          "player_id": "P6247",
          "name": "Tyrone Carter",
          "team_id": "POR",
          "value": 234.0
        }
      ],
      "wins": [
        {
          "player_id": "P3491",
          "name": "Antonio Cruz",
          "team_id": "SAN1",
          "value": 18.0
        },
        {
          "player_id": "D20410083",
          "name": "Carlos Ramirez",
          "team_id": "BAL",
          "value": 18.0
        },
        {
          "player_id": "D20460118",
          "name": "Rafael Garcia",
          "team_id": "SEA",
          "value": 18.0
        }
      ],
      "saves": [
        {
          "player_id": "P4571",
          "name": "Tyrone Baker",
          "team_id": "BAL",
          "value": 30.0
        },
        {
          "player_id": "D20490057",
          "name": "Hung Teffeteller",
          "team_id": "SEA",
          "value": 24.0
        },
        {
          "player_id": "P2972",
          "name": "Branden Picotte",
          "team_id": "SAN1",
          "value": 21.0
        }
      ]
    }
  },
  "year": 2060,
  "season_id": "nexgen-long-run-2060",
  "champion": "BAL",
  "runner_up": "ELP"
}