{
  "metrics": {
    "pitches_per_pa": 3.842722737316901,
    "avg": 0.24962571498035804,
    "obp": 0.32114133614804785,
    "slg": 0.4034984452776107,
    "ops": 0.7246397814256585,
    "iso": 0.15387273029725265,
    "babip": 0.30565171380912237,
    "k_pct": 0.23302275781944096,
    "bb_pct": 0.0834225573501606,
    "k_minus_bb_pct": 0.14960020046928035,
    "swing_pct": 0.486382822318655,
    "z_swing_pct": 0.6420311216494125,
    "o_swing_pct": 0.3251648875506128,
    "contact_pct": 0.7916874885733439,
    "z_contact_pct": 0.8656673079017095,
    "o_contact_pct": 0.640388969305571,
    "first_pitch_strike_pct": 0.6267398683281318,
    "zone_pct": 0.5087886225131014,
    "pitches_put_in_play_pct": 0.17214436461075147,
    "bip_gb_pct": 0.42378951718437907,
    "bip_ld_pct": 0.2166127143742682,
    "bip_fb_pct": 0.3595977684413527,
    "hr_per_fb_pct": 0.10564858036058412,
    "sb_pct": 0.754657734980113,
    "sba_per_pa": 0.054411463197940636,
    "bip_double_play_pct": 0.025965975618155522,
    "called_third_strike_share_of_so": 0.2203050151529964
  },
  "mlb_deltas": {
    "pitches_per_pa": -0.017277262683098815,
    "avg": 0.004625714980358048,
    "obp": 0.00814133614804785,
    "slg": 0.01149844527761068,
    "ops": 0.019639781425658587,
    "iso": -0.011127269702747355,
    "babip": 0.01465171380912239,
    "k_pct": 0.013022757819440955,
    "bb_pct": 0.0034225573501606016,
    "k_minus_bb_pct": 0.00960020046928034,
    "swing_pct": 0.01638282231865501,
    "z_swing_pct": -0.007968878350587572,
    "o_swing_pct": 0.0051648875506127845,
    "contact_pct": 0.031687488573343914,
    "z_contact_pct": 0.045667307901709586,
    "o_contact_pct": 0.020388969305570992,
    "first_pitch_strike_pct": 0.0267398683281318,
    "zone_pct": 0.018788622513101427,
    "pitches_put_in_play_pct": -0.0028556353892485176,
    "bip_gb_pct": -0.01621048281562093,
    "bip_ld_pct": 0.006612714374268219,
    "bip_fb_pct": 0.009597768441352739,
    "hr_per_fb_pct": -0.004351419639415877,
    "sb_pct": -0.02534226501988701,
    "sba_per_pa": 0.0044114631979406335,
    "bip_double_play_pct": -0.0020340243818444785,
    "called_third_strike_share_of_so": -0.009694984847003624
  },
  "flags": [],
  "leaders": {
    "batting": {
      "avg": [
        {
          "player_id": "P10156",
          "name": "Stefan Goslee",
          "team_id": "ELP",
          "value": 0.36903039073806077
        },
        {
          "player_id": "P10097",
          "name": "Lynwood Iglehart",
          "team_id": "OKL",
          "value": 0.3620178041543027
        },
        {
          "player_id": "P10101",
          "name": "Alejandro Vargas",
          "team_id": "LAS",
          "value": 0.35093167701863354
        }
      ],
      "hr": [
        {
          "player_id": "P10097",
          "name": "Lynwood Iglehart",
          "team_id": "OKL",
          "value": 61.0
        },
        {
          "player_id": "P2592",
          "name": "Sung Li",
          "team_id": "LAS",
          "value": 58.0
        },
        {
          "player_id": "P10101",
          "name": "Alejandro Vargas",
          "team_id": "LAS",
          "value": 56.0
        }
      ],
      "rbi": [
        {
          "player_id": "P10097",
          "name": "Lynwood Iglehart",
          "team_id": "OKL",
          "value": 160.0
        },
        {
          "player_id": "P9612",
          "name": "Cornelius Crummie",
          "team_id": "ALB",
          "value": 150.0
        },
        {
          "player_id": "P10101",
          "name": "Alejandro Vargas",
          "team_id": "LAS",
          "value": 146.0
        }
      ],
      "sb": [
        {
          "player_id": "P8599",
          "name": "Hector Ortiz",
          "team_id": "SAN1",
          "value": 75.0
        },
        {
          "player_id": "P10145",
          "name": "Brent Iwanski",
          "team_id": "BAL",
          "value": 70.0
        },
        {
          "player_id": "P5965",
          "name": "Josue Decker",
          "team_id": "MEM",
          "value": 63.0
        }
      ],
      "ops": [
        {
          "player_id": "P10097",
          "name": "Lynwood Iglehart",
          "team_id": "OKL",
          "value": 1.1566850803046385
        },
        {
          "player_id": "P10101",
          "name": "Alejandro Vargas",
          "team_id": "LAS",
          "value": 1.1325637181409296
        },
        {
          "player_id": "P10156",
          "name": "Stefan Goslee",
          "team_id": "ELP",
          "value": 1.1275584039694024
        }
      ]
    },
    "pitching": {
      "era": [
        {
          "player_id": "D20440158",
          "name": "Pedro Sanchez",
          "team_id": "MEM",
          "value": 1.6567164179104477
        },
        {
          "player_id": "P2024",
          "name": "Lionel Kelton",
          "team_id": "BAL",
          "value": 1.7043189368770766
        },
        {
          "player_id": "P6184",
          "name": "Johnathan Pezzano",
          "team_id": "PHI",
          "value": 2.396671289875173
        }
      ],
      "so": [
        {
          "player_id": "D20470044",
          "name": "Luis Rivera",
          "team_id": "CHI",
          "value": 263.0
        },
        {
          "player_id": "D20550117",
          "name": "Russel Heiberger",
          "team_id": "OKL",
          "value": 244.0
        },
        {
          "player_id": "D20640126",
          "name": "Sung Lin",
          "team_id": "LOU",
          "value": 244.0
        }
      ],
      "wins": [
        {
          "player_id": "D20470098",
          "name": "Jacques Bustin",
          "team_id": "LAS",
          "value": 19.0
        },
        {
          "player_id": "P2660",
          "name": "Alejandro Perez",
          "team_id": "ELP",
          "value": 18.0
        },
        {
          "player_id": "D20490126",
          "name": "Cecil Koda",
          "team_id": "ELP",
          "value": 17.0
        }
      ],
      "saves": [
        {
          "player_id": "P7227",
          "name": "Yong Tanaka",
          "team_id": "SAN",
          "value": 24.0
        },
        {
          "player_id": "P10183",
          "name": "Lyle Bottenfield",
          "team_id": "ELP",
          "value": 24.0
        },
        {
          "player_id": "P5564",
          "name": "Roberto Hernandez",
          "team_id": "LOU",
          "value": 22.0
        }
      ]
    }
  },
  "year": 2065,
  "season_id": "nexgen-long-run-2065",
  "champion": "BAL",
  "runner_up": "OKL"
}