{
  "metrics": {
    "pitches_per_pa": 3.8497813012575177,
    "avg": 0.24692210332527903,
    "obp": 0.3180988671709114,
    "slg": 0.39655326710901445,
    "ops": 0.7146521342799259,
    "iso": 0.14963116378373542,
    "babip": 0.30333369218071554,
    "k_pct": 0.2344632768361582,
    "bb_pct": 0.08267268088208493,
    "k_minus_bb_pct": 0.15179059595407327,
    "swing_pct": 0.4873809101130244,
    "z_swing_pct": 0.6428795738444718,
    "o_swing_pct": 0.3263263142678167,
    "contact_pct": 0.7904325390802853,
    "z_contact_pct": 0.8647000823179282,
    "o_contact_pct": 0.6388940160212633,
    "first_pitch_strike_pct": 0.628906961909969,
    "zone_pct": 0.5087756671992426,
    "pitches_put_in_play_pct": 0.17164033374755902,
    "bip_gb_pct": 0.42493664994569996,
    "bip_ld_pct": 0.21844133009256866,
    "bip_fb_pct": 0.3566220199617314,
    "hr_per_fb_pct": 0.10426047800484932,
    "sb_pct": 0.7186776163402822,
    "sba_per_pa": 0.05409376708583925,
    "bip_double_play_pct": 0.025012497629759874,
    "called_third_strike_share_of_so": 0.2174018655266226
  },
  "mlb_deltas": {
    "pitches_per_pa": -0.010218698742482157,
    "avg": 0.0019221033252790343,
    "obp": 0.005098867170911403,
    "slg": 0.004553267109014436,
    "ops": 0.00965213427992595,
    "iso": -0.015368836216264586,
    "babip": 0.01233369218071556,
    "k_pct": 0.014463276836158195,
    "bb_pct": 0.0026726808820849296,
    "k_minus_bb_pct": 0.011790595954073252,
    "swing_pct": 0.01738091011302445,
    "z_swing_pct": -0.0071204261555282145,
    "o_swing_pct": 0.006326314267816713,
    "contact_pct": 0.030432539080285315,
    "z_contact_pct": 0.044700082317928214,
    "o_contact_pct": 0.018894016021263282,
    "first_pitch_strike_pct": 0.028906961909968998,
    "zone_pct": 0.01877566719924262,
    "pitches_put_in_play_pct": -0.003359666252440968,
    "bip_gb_pct": -0.01506335005430004,
    "bip_ld_pct": 0.008441330092568672,
    "bip_fb_pct": 0.006622019961731396,
    "hr_per_fb_pct": -0.0057395219951506815,
    "sb_pct": -0.06132238365971787,
    "sba_per_pa": 0.0040937670858392505,
    "bip_double_play_pct": -0.0029875023702401263,
    "called_third_strike_share_of_so": -0.012598134473377404
  },
  "flags": [
    {
      "metric": "sb_pct",
      "delta": -0.06132238365971787,
      "tolerance": 0.05
    }
  ],
  "leaders": {
    "batting": {
      "avg": [
        {
          "player_id": "P2959",
          "name": "Raul Lopez",
          "team_id": "PHI",
          "value": 0.3536231884057971
        },
        {
          "player_id": "P10097",
          "name": "Lynwood Iglehart",
          "team_id": "LOU",
          "value": 0.3398203592814371
        },
        {
          "player_id": "P9786",
          "name": "Jose Garcia",
          "team_id": "ELP",
          "value": 0.3333333333333333
        }
      ],
      "hr": [
        {
          "player_id": "P9786",
          "name": "Jose Garcia",
          "team_id": "ELP",
          "value": 56.0
        },
        {
          "player_id": "P2959",
          "name": "Raul Lopez",
          "team_id": "PHI",
          "value": 53.0
        },
        {
          "player_id": "P10097",
          "name": "Lynwood Iglehart",
          "team_id": "LOU",
          "value": 52.0
        }
      ],
      "rbi": [
        {
          "player_id": "P7397",
          "name": "Xavier Green",
          "team_id": "CHI",
          "value": 140.0
        },
        {
          "player_id": "P8329",
          "name": "Yong Kim",
          "team_id": "LAS",
          "value": 137.0
        },
        {
          "player_id": "P10097",
          "name": "Lynwood Iglehart",
          "team_id": "LOU",
          "value": 132.0
        }
      ],
      "sb": [
        {
          "player_id": "P10032",
          "name": "Karl Randolph",
          "team_id": "SAN1",
          "value": 77.0
        },
        {
          "player_id": "P8699",
          "name": "Wm Decaprio",
          "team_id": "CHI",
          "value": 65.0
        },
        {
          "player_id": "P6520",
          "name": "Malik Robinson",
          "team_id": "SAN",
          "value": 62.0
        }
      ],
      "ops": [
        {
          "player_id": "P2959",
          "name": "Raul Lopez",
          "team_id": "PHI",
          "value": 1.1027835886997983
        },
        {
          "player_id": "P10097",
          "name": "Lynwood Iglehart",
          "team_id": "LOU",
          "value": 1.0674679447688984
        },
        {
          "player_id": "P9786",
          "name": "Jose Garcia",
          "team_id": "ELP",
          "value": 1.0484451718494272
        }
      ]
    },
    "pitching": {
      "era": [
        {
          "player_id": "D20470044",
          "name": "Luis Rivera",
          "team_id": "CHI",
          "value": 1.9823788546255507
        },
        {
          "player_id": "P9732",
          "name": "Emmett Ritzert",
          "team_id": "SAN1",
          "value": 2.3055028462998104
        },
        {
          "player_id": "P10169",
          "name": "Rolland Meraz",
          "team_id": "SAN",
          "value": 2.6808510638297873
        }
      ],
      "so": [
        {
          "player_id": "D20470098",
          "name": "Jacques Bustin",
          "team_id": "LAS",
          "value": 255.0
        },
        {
          "player_id": "D20380112",
          "name": "Malik Harris",
          "team_id": "MEM",
          "value": 250.0
        },
        {
          "player_id": "P6184",
          "name": "Johnathan Pezzano",
          "team_id": "SAN",
          "value": 234.0
        }
      ],
      "wins": [
        {
          "player_id": "D20410037",
          "name": "Alejandro Garcia",
          "team_id": "PHI",
          "value": 18.0
        },
        {
          "player_id": "D20470098",
          "name": "Jacques Bustin",
          "team_id": "LAS",
          "value": 18.0
        },
        {
          "player_id": "D20390032",
          "name": "Roberto Sanchez",
          "team_id": "IND",
          "value": 16.0
        }
      ],
      "saves": [
        {
          "player_id": "P5480",
          "name": "Alejandro Flores",
          "team_id": "CHI",
          "value": 28.0
        },
        {
          "player_id": "P4707",
          "name": "Xavier Mitchell",
          "team_id": "SEA",
          "value": 27.0
        },
        {
          "player_id": "P3642",
          "name": "Manuel Lopez",
          "team_id": "PHI",
          "value": 25.0
        }
      ]
    }
  },
  "year": 2057,
  "season_id": "nexgen-long-run-2057",
  "champion": "PHI",
  "runner_up": "IND"
}