{
  "metrics": {
    "pitches_per_pa": 3.854575703362695,
    "avg": 0.2457325655790147,
    "obp": 0.31742314668136007,
    "slg": 0.3952143314139475,
    "ops": 0.7126374780953075,
    "iso": 0.1494817658349328,
    "babip": 0.30406624332515514,
    "k_pct": 0.2379867133106191,
    "bb_pct": 0.08352610048201282,
    "k_minus_bb_pct": 0.15446061282860626,
    "swing_pct": 0.4880862989481651,
    "z_swing_pct": 0.6447381432984114,
    "o_swing_pct": 0.3262101839996634,
    "contact_pct": 0.7849100258626434,
    "z_contact_pct": 0.8589885866377949,
    "o_contact_pct": 0.633614653202624,
    "first_pitch_strike_pct": 0.6263545927960162,
    "zone_pct": 0.5082006468282357,
    "pitches_put_in_play_pct": 0.17030679997398496,
    "bip_gb_pct": 0.4225728618792203,
    "bip_ld_pct": 0.21666753458660973,
    "bip_fb_pct": 0.36075960353417,
    "hr_per_fb_pct": 0.10154763963340827,
    "sb_pct": 0.7312851579402856,
    "sba_per_pa": 0.052668163223446564,
    "bip_double_play_pct": 0.02584665590445937,
    "called_third_strike_share_of_so": 0.2178597079243476
  },
  "mlb_deltas": {
    "pitches_per_pa": -0.005424296637305037,
    "avg": 0.0007325655790147156,
    "obp": 0.004423146681360068,
    "slg": 0.003214331413947502,
    "ops": 0.0076374780953075705,
    "iso": -0.015518234165067202,
    "babip": 0.013066243325155158,
    "k_pct": 0.0179867133106191,
    "bb_pct": 0.0035261004820128228,
    "k_minus_bb_pct": 0.01446061282860625,
    "swing_pct": 0.018086298948165103,
    "z_swing_pct": -0.00526185670158863,
    "o_swing_pct": 0.006210183999663388,
    "contact_pct": 0.024910025862643348,
    "z_contact_pct": 0.03898858663779492,
    "o_contact_pct": 0.013614653202624005,
    "first_pitch_strike_pct": 0.026354592796016263,
    "zone_pct": 0.018200646828235745,
    "pitches_put_in_play_pct": -0.004693200026015032,
    "bip_gb_pct": -0.017427138120779728,
    "bip_ld_pct": 0.006667534586609736,
    "bip_fb_pct": 0.010759603534170048,
    "hr_per_fb_pct": -0.008452360366591735,
    "sb_pct": -0.048714842059714436,
    "sba_per_pa": 0.002668163223446561,
    "bip_double_play_pct": -0.002153344095540629,
    "called_third_strike_share_of_so": -0.012140292075652398
  },
  "flags": [],
  "leaders": {
    "batting": {
      "avg": [
        {
          "player_id": "P6106",
          "name": "Fernando Vasquez",
          "team_id": "SEA",
          "value": 0.3386861313868613
        },
        {
          "player_id": "P7498",
          "name": "Sung Choi",
          "team_id": "PHI",
          "value": 0.33753943217665616
        },
        {
          "player_id": "P2892",
          "name": "Darnell Green",
          "team_id": "MEM",
          "value": 0.3373676248108926
        }
      ],
      "hr": [
        {
          "player_id": "P6106",
          "name": "Fernando Vasquez",
          "team_id": "SEA",
          "value": 63.0
        },
        {
          "player_id": "P9346",
          "name": "Millard Kappe",
          "team_id": "LAS",
          "value": 45.0
        },
        {
          "player_id": "P2892",
          "name": "Darnell Green",
          "team_id": "MEM",
          "value": 44.0
        }
      ],
      "rbi": [
        {
          "player_id": "P6106",
          "name": "Fernando Vasquez",
          "team_id": "SEA",
          "value": 131.0
        },
        {
          "player_id": "P4021",
          "name": "Xavier Gaines",
          "team_id": "ELP",
          "value": 127.0
        },
        {
          "player_id": "P7498",
          "name": "Sung Choi",
          "team_id": "PHI",
          "value": 126.0
        }
      ],
      "sb": [
        {
          "player_id": "P9282",
          "name": "Dylan Hoylton",
          "team_id": "ELP",
          "value": 65.0
        },
        {
          "player_id": "P2357",
          "name": "Rufus Harris",
          "team_id": "BAL",
          "value": 58.0
        },
        {
          "player_id": "P3476",
          "name": "Sung Wang",
          "team_id": "LAS",
          "value": 54.0
        }
      ],
      "ops": [
        {
          "player_id": "P6106",
          "name": "Fernando Vasquez",
          "team_id": "SEA",
          "value": 1.1068335438582957
        },
        {
          "player_id": "P2892",
          "name": "Darnell Green",
          "team_id": "MEM",
          "value": 1.0372741473254368
        },
        {
          "player_id": "P7498",
          "name": "Sung Choi",
          "team_id": "PHI",
          "value": 0.9937968878403096
        }
      ]
    },
    "pitching": {
      "era": [
        {
          "player_id": "P3462",
          "name": "Manuel Flores",
          "team_id": "SAN",
          "value": 2.1348837209302327
        },
        {
          "player_id": "D20370073",
          "name": "Trevor Kientzy",
          "team_id": "PHI",
          "value": 2.5617469879518073
        },
        {
          "player_id": "P1920",
          "name": "Luis Flores",
          "team_id": "MEM",
          "value": 2.6853526220614827
        }
      ],
      "so": [
        {
          "player_id": "D20310067",
          "name": "Percy Jefferson",
          "team_id": "LOU",
          "value": 269.0
        },
        {
          "player_id": "D20360082",
          "name": "Allan Gerl",
          "team_id": "ELP",
          "value": 244.0
        },
        {
          "player_id": "P2427",
          "name": "Eduardo Gomez",
          "team_id": "IND",
          "value": 240.0
        }
      ],
      "wins": [
        {
          "player_id": "D20370081",
          "name": "Justin Plevin",
          "team_id": "LAS",
          "value": 19.0
        },
        {
          "player_id": "D20380055",
          "name": "Emmett Ritzert",
          "team_id": "BAL",
          "value": 18.0
        },
        {
          "player_id": "D20430146",
          "name": "Dylan Hoylton",
          "team_id": "PHI",
          "value": 17.0
        }
      ],
      "saves": [
        {
          "player_id": "D20380029",
          "name": "Sung Li",
          "team_id": "ELP",
          "value": 26.0
        },
        {
          "player_id": "P1125",
          "name": "Rafael Ortiz",
          "team_id": "PHI",
          "value": 25.0
        },
        {
          "player_id": "D20340121",
          "name": "Jere Schares",
          "team_id": "IND",
          "value": 22.0
        }
      ]
    }
  },
  "year": 2051,
  "season_id": "nexgen-long-run-2051",
  "champion": "LAS",
  "runner_up": "IND"
}