{
  "metrics": {
    "pitches_per_pa": 3.8440446466235705,
    "avg": 0.2519431959330542,
    "obp": 0.32271840202043395,
    "slg": 0.43373925960073245,
    "ops": 0.7564576616211665,
    "iso": 0.18179606366767825,
    "babip": 0.2955779125484025,
    "k_pct": 0.2184218627082122,
    "bb_pct": 0.08258941295846588,
    "k_minus_bb_pct": 0.13583244974974631,
    "swing_pct": 0.48772559429359513,
    "z_swing_pct": 0.6437723497687855,
    "o_swing_pct": 0.32579489070064005,
    "contact_pct": 0.8089623215197879,
    "z_contact_pct": 0.8809357952540778,
    "o_contact_pct": 0.6613797837015601,
    "first_pitch_strike_pct": 0.62697951226186,
    "zone_pct": 0.509252146575119,
    "pitches_put_in_play_pct": 0.17606216540862782,
    "bip_gb_pct": 0.4285232977325562,
    "bip_ld_pct": 0.21571038711633705,
    "bip_fb_pct": 0.3557663151511068,
    "hr_per_fb_pct": 0.12285583752128587,
    "sb_pct": 0.7507775243624301,
    "sba_per_pa": 0.05498740180821106,
    "bip_double_play_pct": 0.025100232471951752,
    "called_third_strike_share_of_so": 0.23864704040087692
  },
  "mlb_deltas": {
    "pitches_per_pa": -0.015955353376429393,
    "avg": 0.006943195933054203,
    "obp": 0.009718402020433947,
    "slg": 0.04173925960073244,
    "ops": 0.051457661621166495,
    "iso": 0.016796063667678246,
    "babip": 0.004577912548402507,
    "k_pct": -0.0015781372917877956,
    "bb_pct": 0.0025894129584658754,
    "k_minus_bb_pct": -0.004167550250253699,
    "swing_pct": 0.01772559429359516,
    "z_swing_pct": -0.006227650231214521,
    "o_swing_pct": 0.005794890700640043,
    "contact_pct": 0.048962321519787855,
    "z_contact_pct": 0.060935795254077885,
    "o_contact_pct": 0.04137978370156015,
    "first_pitch_strike_pct": 0.026979512261860017,
    "zone_pct": 0.019252146575118978,
    "pitches_put_in_play_pct": 0.0010621654086278298,
    "bip_gb_pct": -0.011476702267443795,
    "bip_ld_pct": 0.005710387116337062,
    "bip_fb_pct": 0.005766315151106816,
    "hr_per_fb_pct": 0.01285583752128587,
    "sb_pct": -0.029222475637569967,
    "sba_per_pa": 0.004987401808211056,
    "bip_double_play_pct": -0.0028997675280482485,
    "called_third_strike_share_of_so": 0.00864704040087691
  },
  "flags": [],
  "leaders": {
    "batting": {
      "avg": [
        {
          "player_id": "P9786",
          "name": "Jose Garcia",
          "team_id": "ELP",
          "value": 0.34789156626506024
        },
        {
          "player_id": "P6106",
          "name": "Fernando Vasquez",
          "team_id": "PHI",
          "value": 0.3304093567251462
        },
        {
          "player_id": "P3495",
          "name": "Edwin Eapen",
          "team_id": "SEA",
          "value": 0.3271604938271605
        }
      ],
      "hr": [
        {
          "player_id": "P9786",
          "name": "Jose Garcia",
          "team_id": "ELP",
          "value": 60.0
        },
        {
          "player_id": "P2453",
          "name": "Fausto Joplin",
          "team_id": "SAN",
          "value": 57.0
        },
        {
          "player_id": "P5072",
          "name": "Tyrone Jefferson",
          "team_id": "ELP",
          "value": 55.0
        }
      ],
      "rbi": [
        {
          "player_id": "P9786",
          "name": "Jose Garcia",
          "team_id": "ELP",
          "value": 158.0
        },
        {
          "player_id": "P3495",
          "name": "Edwin Eapen",
          "team_id": "SEA",
          "value": 152.0
        },
        {
          "player_id": "P5072",
          "name": "Tyrone Jefferson",
          "team_id": "ELP",
          "value": 143.0
        }
      ],
      "sb": [
        {
          "player_id": "P9853",
          "name": "Francisco Perez",
          "team_id": "POR",
          "value": 67.0
        },
        {
          "player_id": "P8699",
          "name": "Wm Decaprio",
          "team_id": "BAL",
          "value": 60.0
        },
        {
          "player_id": "P4005",
          "name": "Sung Kim",
          "team_id": "ELP",
          "value": 59.0
        }
      ],
      "ops": [
        {
          "player_id": "P9786",
          "name": "Jose Garcia",
          "team_id": "ELP",
          "value": 1.1238192108185148
        },
        {
          "player_id": "P6106",
          "name": "Fernando Vasquez",
          "team_id": "PHI",
          "value": 1.0697449858066919
        },
        {
          "player_id": "P2453",
          "name": "Fausto Joplin",
          "team_id": "SAN",
          "value": 1.0443088846209165
        }
      ]
    },
    "pitching": {
      "era": [
        {
          "player_id": "P6837",
          "name": "Hector Gonzalez",
          "team_id": "ALB",
          "value": 3.015228426395939
        },
        {
          "player_id": "P5174",
          "name": "Jorge Vargas",
          "team_id": "ELP",
          "value": 3.030060120240481
        },
        {
          "player_id": "P1086",
          "name": "Jamal Jackson",
          "team_id": "POR",
          "value": 3.09328968903437
        }
      ],
      "so": [
        {
          "player_id": "P5266",
          "name": "Billy Sartell",
          "team_id": "CHI",
          "value": 238.0
        },
        {
          "player_id": "P9732",
          "name": "Emmett Ritzert",
          "team_id": "SEA",
          "value": 217.0
        },
        {
          "player_id": "P7648",
          "name": "Donn Dunavant",
          "team_id": "LOU",
          "value": 211.0
        }
      ],
      "wins": [
        {
          "player_id": "P4136",
          "name": "Rodger Sadan",
          "team_id": "BAL",
          "value": 20.0
        },
        {
          "player_id": "P9732",
          "name": "Emmett Ritzert",
          "team_id": "SEA",
          "value": 19.0
        },
        {
          "player_id": "P6940",
          "name": "Tyrone Green",
          "team_id": "PHI",
          "value": 17.0
        }
      ],
      "saves": [
        {
          "player_id": "P4967",
          "name": "Ricardo Guerrero",
          "team_id": "OKL",
          "value": 54.0
        },
        {
          "player_id": "P6581",
          "name": "Albert Bertagnolli",
          "team_id": "SEA",
          "value": 51.0
        },
        {
          "player_id": "P8411",
          "name": "Hector Rivera",
          "team_id": "LAS",
          "value": 45.0
        }
      ]
    }
  },
  "year": 2029,
  "season_id": "nexgen-long-run-2029",
  "champion": "SEA",
  "runner_up": "SAN"
}