{
  "metrics": {
    "pitches_per_pa": 3.8383604462798604,
    "avg": 0.25509511304682,
    "obp": 0.3258988589748009,
    "slg": 0.4225581246397233,
    "ops": 0.7484569836145243,
    "iso": 0.16746301159290333,
    "babip": 0.30755623849768615,
    "k_pct": 0.22714412831686784,
    "bb_pct": 0.08309566725227589,
    "k_minus_bb_pct": 0.14404846106459193,
    "swing_pct": 0.4879050593973186,
    "z_swing_pct": 0.6431870939144027,
    "o_swing_pct": 0.32655794532419447,
    "contact_pct": 0.7993932822455867,
    "z_contact_pct": 0.8729653508891246,
    "o_contact_pct": 0.6488262039528626,
    "first_pitch_strike_pct": 0.6290812019439184,
    "zone_pct": 0.5095775761376437,
    "pitches_put_in_play_pct": 0.17397455292260963,
    "bip_gb_pct": 0.42495216618832854,
    "bip_ld_pct": 0.21680675140084735,
    "bip_fb_pct": 0.3582410824108241,
    "hr_per_fb_pct": 0.11410586793967302,
    "sb_pct": 0.7421602787456446,
    "sba_per_pa": 0.052385406922357346,
    "bip_double_play_pct": 0.026257345906792403,
    "called_third_strike_share_of_so": 0.224147456180001
  },
  "mlb_deltas": {
    "pitches_per_pa": -0.02163955372013948,
    "avg": 0.010095113046819981,
    "obp": 0.01289885897480092,
    "slg": 0.030558124639723294,
    "ops": 0.043456983614524325,
    "iso": 0.0024630115929033247,
    "babip": 0.01655623849768617,
    "k_pct": 0.007144128316867837,
    "bb_pct": 0.003095667252275891,
    "k_minus_bb_pct": 0.004048461064591918,
    "swing_pct": 0.017905059397318623,
    "z_swing_pct": -0.00681290608559737,
    "o_swing_pct": 0.0065579453241944585,
    "contact_pct": 0.03939328224558669,
    "z_contact_pct": 0.052965350889124685,
    "o_contact_pct": 0.028826203952862617,
    "first_pitch_strike_pct": 0.02908120194391839,
    "zone_pct": 0.01957757613764366,
    "pitches_put_in_play_pct": -0.0010254470773903568,
    "bip_gb_pct": -0.015047833811671463,
    "bip_ld_pct": 0.006806751400847355,
    "bip_fb_pct": 0.008241082410824108,
    "hr_per_fb_pct": 0.004105867939673019,
    "sb_pct": -0.03783972125435542,
    "sba_per_pa": 0.002385406922357343,
    "bip_double_play_pct": -0.0017426540932075976,
    "called_third_strike_share_of_so": -0.005852543819999001
  },
  "flags": [
    {
      "metric": "babip",
      "delta": 0.01655623849768617,
      "tolerance": 0.015
    }
  ],
  "leaders": {
    "batting": {
      "avg": [
        {
          "player_id": "P2592",
          "name": "Sung Li",
          "team_id": "SEA",
          "value": 0.34416543574593794
        },
        {
          "player_id": "P2121",
          "name": "Hector Castillo",
          "team_id": "ELP",
          "value": 0.3378582202111614
        },
        {
          "player_id": "P5396",
          "name": "Johnnie Erazmus",
          "team_id": "OKL",
          "value": 0.3365231259968102
        }
      ],
      "hr": [
        {
          "player_id": "P2453",
          "name": "Fausto Joplin",
          "team_id": "BAL",
          "value": 63.0
        },
        {
          "player_id": "P2592",
          "name": "Sung Li",
          "team_id": "SEA",
          "value": 56.0
        },
        {
          "player_id": "P3009",
          "name": "Carey Clendenen",
          "team_id": "BAL",
          "value": 54.0
        }
      ],
      "rbi": [
        {
          "player_id": "P2453",
          "name": "Fausto Joplin",
          "team_id": "BAL",
          "value": 151.0
        },
        {
          "player_id": "P2592",
          "name": "Sung Li",
          "team_id": "SEA",
          "value": 133.0
        },
        {
          "player_id": "P5396",
          "name": "Johnnie Erazmus",
          "team_id": "OKL",
          "value": 133.0
        }
      ],
      "sb": [
        {
          "player_id": "P2155",
          "name": "Deshawn Taylor",
          "team_id": "PHI",
          "value": 73.0
        },
        {
          "player_id": "P10134",
          "name": "Granville Lis",
          "team_id": "OKL",
          "value": 66.0
        },
        {
          "player_id": "P8699",
          "name": "Wm Decaprio",
          "team_id": "LOU",
          "value": 63.0
        }
      ],
      "ops": [
        {
          "player_id": "P2592",
          "name": "Sung Li",
          "team_id": "SEA",
          "value": 1.1145535752563498
        },
        {
          "player_id": "P5396",
          "name": "Johnnie Erazmus",
          "team_id": "OKL",
          "value": 1.073902172107743
        },
        {
          "player_id": "P2453",
          "name": "Fausto Joplin",
          "team_id": "BAL",
          "value": 1.0457706271169083
        }
      ]
    },
    "pitching": {
      "era": [
        {
          "player_id": "D20580054",
          "name": "Lucius Cowick",
          "team_id": "IND",
          "value": 2.6650485436893203
        },
        {
          "player_id": "D20600108",
          "name": "Percy Robinson",
          "team_id": "CHI",
          "value": 2.9166666666666665
        },
        {
          "player_id": "P10187",
          "name": "Elbert Ocejo",
          "team_id": "BAL",
          "value": 2.960720130932897
        }
      ],
      "so": [
        {
          "player_id": "D20500036",
          "name": "Tyrone Mitchell",
          "team_id": "LOU",
          "value": 236.0
        },
        {
          "player_id": "P6184",
          "name": "Johnathan Pezzano",
          "team_id": "OKL",
          "value": 231.0
        },
        {
          "player_id": "D20580054",
          "name": "Lucius Cowick",
          "team_id": "IND",
          "value": 224.0
        }
      ],
      "wins": [
        {
          "player_id": "P5530",
          "name": "Juan Diaz",
          "team_id": "BAL",
          "value": 18.0
        },
        {
          "player_id": "P5174",
          "name": "Jorge Vargas",
          "team_id": "LAS",
          "value": 17.0
        },
        {
          "player_id": "P9423",
          "name": "Rafael Vasquez",
          "team_id": "IND",
          "value": 16.0
        }
      ],
      "saves": [
        {
          "player_id": "P6581",
          "name": "Albert Bertagnolli",
          "team_id": "OKL",
          "value": 26.0
        },
        {
          "player_id": "P5109",
          "name": "Deshawn White",
          "team_id": "SEA",
          "value": 24.0
        },
        {
          "player_id": "P1733",
          "name": "Millard Paske",
          "team_id": "IND",
          "value": 23.0
        }
      ]
    }
  },
  "year": 2066,
  "season_id": "nexgen-long-run-2066",
  "champion": "BAL",
  "runner_up": "IND"
}