{
  "metrics": {
    "pitches_per_pa": 3.849223870694684,
    "avg": 0.24898613963039015,
    "obp": 0.3196055617634523,
    "slg": 0.3990246406570842,
    "ops": 0.7186302024205364,
    "iso": 0.15003850102669405,
    "babip": 0.30638168267163535,
    "k_pct": 0.23275871930085448,
    "bb_pct": 0.08232575696914929,
    "k_minus_bb_pct": 0.1504329623317052,
    "swing_pct": 0.4880550842043013,
    "z_swing_pct": 0.6427389759422147,
    "o_swing_pct": 0.3269551606777769,
    "contact_pct": 0.7922694724536022,
    "z_contact_pct": 0.865614152747442,
    "o_contact_pct": 0.6421056537954837,
    "first_pitch_strike_pct": 0.6306493863030622,
    "zone_pct": 0.510158899029132,
    "pitches_put_in_play_pct": 0.17225700810988312,
    "bip_gb_pct": 0.42422151298197186,
    "bip_ld_pct": 0.21525058224790822,
    "bip_fb_pct": 0.3605279047701199,
    "hr_per_fb_pct": 0.09914647814466765,
    "sb_pct": 0.7373648201280071,
    "sba_per_pa": 0.051829651914299765,
    "bip_double_play_pct": 0.02763736737686535,
    "called_third_strike_share_of_so": 0.22424808334971497
  },
  "mlb_deltas": {
    "pitches_per_pa": -0.010776129305315685,
    "avg": 0.003986139630390156,
    "obp": 0.006605561763452283,
    "slg": 0.007024640657084191,
    "ops": 0.013630202420536475,
    "iso": -0.014961498973305953,
    "babip": 0.015381682671635366,
    "k_pct": 0.012758719300854482,
    "bb_pct": 0.002325756969149287,
    "k_minus_bb_pct": 0.010432962331705181,
    "swing_pct": 0.018055084204301353,
    "z_swing_pct": -0.007261024057785281,
    "o_swing_pct": 0.006955160677776906,
    "contact_pct": 0.03226947245360223,
    "z_contact_pct": 0.04561415274744207,
    "o_contact_pct": 0.022105653795483682,
    "first_pitch_strike_pct": 0.030649386303062243,
    "zone_pct": 0.020158899029132038,
    "pitches_put_in_play_pct": -0.0027429918901168693,
    "bip_gb_pct": -0.015778487018028142,
    "bip_ld_pct": 0.005250582247908225,
    "bip_fb_pct": 0.010527904770119945,
    "hr_per_fb_pct": -0.010853521855332351,
    "sb_pct": -0.042635179871992945,
    "sba_per_pa": 0.0018296519142997625,
    "bip_double_play_pct": -0.00036263262313464967,
    "called_third_strike_share_of_so": -0.005751916650285044
  },
  "flags": [
    {
      "metric": "babip",
      "delta": 0.015381682671635366,
      "tolerance": 0.015
    }
  ],
  "leaders": {
    "batting": {
      "avg": [
        {
          "player_id": "P2314",
          "name": "Vince Dahline",
          "team_id": "SAN",
          "value": 0.3367496339677892
        },
        {
          "player_id": "P8441",
          "name": "Antonio Diaz",
          "team_id": "IND",
          "value": 0.336734693877551
        },
        {
          "player_id": "P3495",
          "name": "Edwin Eapen",
          "team_id": "SEA",
          "value": 0.33072100313479624
        }
      ],
      "hr": [
        {
          "player_id": "P5219",
          "name": "Edgardo Craker",
          "team_id": "POR",
          "value": 49.0
        },
        {
          "player_id": "P7397",
          "name": "Xavier Green",
          "team_id": "LOU",
          "value": 47.0
        },
        {
          "player_id": "P8441",
          "name": "Antonio Diaz",
          "team_id": "IND",
          "value": 43.0
        }
      ],
      "rbi": [
        {
          "player_id": "P6686",
          "name": "Jonas Nowaczyk",
          "team_id": "POR",
          "value": 131.0
        },
        {
          "player_id": "P5219",
          "name": "Edgardo Craker",
          "team_id": "POR",
          "value": 119.0
        },
        {
          "player_id": "P3932",
          "name": "Francisco Castillo",
          "team_id": "LAS",
          "value": 118.0
        }
      ],
      "sb": [
        {
          "player_id": "P10134",
          "name": "Granville Lis",
          "team_id": "SEA",
          "value": 68.0
        },
        {
          "player_id": "P9742",
          "name": "Maurice Ellard",
          "team_id": "SAN1",
          "value": 61.0
        },
        {
          "player_id": "P8699",
          "name": "Wm Decaprio",
          "team_id": "PHI",
          "value": 58.0
        }
      ],
      "ops": [
        {
          "player_id": "P8441",
          "name": "Antonio Diaz",
          "team_id": "IND",
          "value": 1.0360253050636596
        },
        {
          "player_id": "P2314",
          "name": "Vince Dahline",
          "team_id": "SAN",
          "value": 1.0130543493069855
        },
        {
          "player_id": "P5219",
          "name": "Edgardo Craker",
          "team_id": "POR",
          "value": 1.0003209831254585
        }
      ]
    },
    "pitching": {
      "era": [
        {
          "player_id": "D20360082",
          "name": "Allan Gerl",
          "team_id": "ELP",
          "value": 2.19375
        },
        {
          "player_id": "D20310098",
          "name": "Yong Singh",
          "team_id": "SAN1",
          "value": 2.380863039399625
        },
        {
          "player_id": "P3188",
          "name": "Jose Flores",
          "team_id": "LAS",
          "value": 2.522491349480969
        }
      ],
      "so": [
        {
          "player_id": "P3462",
          "name": "Manuel Flores",
          "team_id": "POR",
          "value": 230.0
        },
        {
          "player_id": "D20340182",
          "name": "Juan Morales",
          "team_id": "PHI",
          "value": 229.0
        },
        {
          "player_id": "D20390032",
          "name": "Roberto Sanchez",
          "team_id": "IND",
          "value": 226.0
        }
      ],
      "wins": [
        {
          "player_id": "D20370081",
          "name": "Justin Plevin",
          "team_id": "LAS",
          "value": 16.0
        },
        {
          "player_id": "P3188",
          "name": "Jose Flores",
          "team_id": "LAS",
          "value": 15.0
        },
        {
          "player_id": "P6668",
          "name": "Rufus Young",
          "team_id": "POR",
          "value": 15.0
        }
      ],
      "saves": [
        {
          "player_id": "D20320102",
          "name": "Jacques Bustin",
          "team_id": "POR",
          "value": 22.0
        },
        {
          "player_id": "D20430068",
          "name": "Edmundo Derobles",
          "team_id": "SAN1",
          "value": 21.0
        },
        {
          "player_id": "P3772",
          "name": "Hector Perez",
          "team_id": "LOU",
          "value": 19.0
        }
      ]
    }
  },
  "year": 2049,
  "season_id": "nexgen-long-run-2049",
  "champion": "POR",
  "runner_up": "LAS"
}