{
  "metrics": {
    "pitches_per_pa": 3.8509519554608564,
    "avg": 0.24819750928555823,
    "obp": 0.3188158334967754,
    "slg": 0.4036551041653279,
    "ops": 0.7224709376621032,
    "iso": 0.15545759487976968,
    "babip": 0.30442001913115674,
    "k_pct": 0.2348729580498087,
    "bb_pct": 0.08197585171947672,
    "k_minus_bb_pct": 0.152897106330332,
    "swing_pct": 0.48955423675873455,
    "z_swing_pct": 0.6438483535376572,
    "o_swing_pct": 0.3298034656882334,
    "contact_pct": 0.7918466801562851,
    "z_contact_pct": 0.8651589464123524,
    "o_contact_pct": 0.6436636008151126,
    "first_pitch_strike_pct": 0.6314179668705753,
    "zone_pct": 0.5086876980054438,
    "pitches_put_in_play_pct": 0.1716478515014948,
    "bip_gb_pct": 0.4196215035873973,
    "bip_ld_pct": 0.22025233094173513,
    "bip_fb_pct": 0.36012616547086757,
    "hr_per_fb_pct": 0.10527448869752422,
    "sb_pct": 0.734475374732334,
    "sba_per_pa": 0.05349737668110065,
    "bip_double_play_pct": 0.025146442064399848,
    "called_third_strike_share_of_so": 0.2196751694873921
  },
  "mlb_deltas": {
    "pitches_per_pa": -0.00904804453914343,
    "avg": 0.003197509285558231,
    "obp": 0.005815833496775391,
    "slg": 0.01165510416532789,
    "ops": 0.01747093766210328,
    "iso": -0.00954240512023033,
    "babip": 0.013420019131156757,
    "k_pct": 0.014872958049808704,
    "bb_pct": 0.001975851719476715,
    "k_minus_bb_pct": 0.012897106330331976,
    "swing_pct": 0.019554236758734578,
    "z_swing_pct": -0.006151646462342786,
    "o_swing_pct": 0.00980346568823337,
    "contact_pct": 0.03184668015628511,
    "z_contact_pct": 0.04515894641235241,
    "o_contact_pct": 0.02366360081511265,
    "first_pitch_strike_pct": 0.0314179668705753,
    "zone_pct": 0.018687698005443787,
    "pitches_put_in_play_pct": -0.003352148498505181,
    "bip_gb_pct": -0.020378496412602698,
    "bip_ld_pct": 0.010252330941735138,
    "bip_fb_pct": 0.010126165470867587,
    "hr_per_fb_pct": -0.004725511302475782,
    "sb_pct": -0.045524625267665986,
    "sba_per_pa": 0.0034973766811006446,
    "bip_double_play_pct": -0.0028535579356001525,
    "called_third_strike_share_of_so": -0.010324830512607908
  },
  "flags": [],
  "leaders": {
    "batting": {
      "avg": [
        {
          "player_id": "P5072",
          "name": "Tyrone Jefferson",
          "team_id": "MEM",
          "value": 0.34508076358296624
        },
        {
          "player_id": "P10101",
          "name": "Alejandro Vargas",
          "team_id": "LOU",
          "value": 0.34035656401944897
        },
        {
          "player_id": "P3903",
          "name": "Tyrone Gaines",
          "team_id": "LAS",
          "value": 0.33490566037735847
        }
      ],
      "hr": [
        {
          "player_id": "P5072",
          "name": "Tyrone Jefferson",
          "team_id": "MEM",
          "value": 62.0
        },
        {
          "player_id": "P6106",
          "name": "Fernando Vasquez",
          "team_id": "ALB",
          "value": 60.0
        },
        {
          "player_id": "P3903",
          "name": "Tyrone Gaines",
          "team_id": "LAS",
          "value": 58.0
        }
      ],
      "rbi": [
        {
          "player_id": "P3903",
          "name": "Tyrone Gaines",
          "team_id": "LAS",
          "value": 161.0
        },
        {
          "player_id": "P5072",
          "name": "Tyrone Jefferson",
          "team_id": "MEM",
          "value": 145.0
        },
        {
          "player_id": "P9807",
          "name": "Bobbie Honnerlaw",
          "team_id": "SEA",
          "value": 130.0
        }
      ],
      "sb": [
        {
          "player_id": "P10095",
          "name": "Tod Lantaff",
          "team_id": "LOU",
          "value": 65.0
        },
        {
          "player_id": "P2037",
          "name": "Yong Chen",
          "team_id": "BAL",
          "value": 61.0
        },
        {
          "player_id": "P10145",
          "name": "Brent Iwanski",
          "team_id": "ELP",
          "value": 61.0
        }
      ],
      "ops": [
        {
          "player_id": "P5072",
          "name": "Tyrone Jefferson",
          "team_id": "MEM",
          "value": 1.1183078403190814
        },
        {
          "player_id": "P3903",
          "name": "Tyrone Gaines",
          "team_id": "LAS",
          "value": 1.1030581118365808
        },
        {
          "player_id": "P6106",
          "name": "Fernando Vasquez",
          "team_id": "ALB",
          "value": 1.1001589556277056
        }
      ]
    },
    "pitching": {
      "era": [
        {
          "player_id": "P9993",
          "name": "Dexter Batchelor",
          "team_id": "PHI",
          "value": 2.467741935483871
        },
        {
          "player_id": "D20500130",
          "name": "Alejandro Sanchez",
          "team_id": "MEM",
          "value": 2.548951048951049
        },
        {
          "player_id": "D20550117",
          "name": "Russel Heiberger",
          "team_id": "OKL",
          "value": 2.5540540540540544
        }
      ],
      "so": [
        {
          "player_id": "P3462",
          "name": "Manuel Flores",
          "team_id": "LAS",
          "value": 224.0
        },
        {
          "player_id": "P1415",
          "name": "Xavier White",
          "team_id": "SAN",
          "value": 218.0
        },
        {
          "player_id": "P6940",
          "name": "Tyrone Green",
          "team_id": "BAL",
          "value": 214.0
        }
      ],
      "wins": [
        {
          "player_id": "P2696",
          "name": "Jorge Lopez",
          "team_id": "ELP",
          "value": 16.0
        },
        {
          "player_id": "P3491",
          "name": "Antonio Cruz",
          "team_id": "ALB",
          "value": 15.0
        },
        {
          "player_id": "D20410083",
          "name": "Carlos Ramirez",
          "team_id": "BAL",
          "value": 15.0
        }
      ],
      "saves": [
        {
          "player_id": "P3921",
          "name": "Bo Barcroft",
          "team_id": "SAN1",
          "value": 24.0
        },
        {
          "player_id": "P3195",
          "name": "Lacy Lutwin",
          "team_id": "SAN",
          "value": 21.0
        },
        {
          "player_id": "P10075",
          "name": "Fernando Cruz",
          "team_id": "BAL",
          "value": 21.0
        }
      ]
    }
  },
  "year": 2062,
  "season_id": "nexgen-long-run-2062",
  "champion": "PHI",
  "runner_up": "MEM"
}