{
  "metrics": {
    "pitches_per_pa": 3.8370128907986367,
    "avg": 0.2521961511412314,
    "obp": 0.322853174466522,
    "slg": 0.4078383735055303,
    "ops": 0.7306915479720524,
    "iso": 0.15564222236429892,
    "babip": 0.30934429158477755,
    "k_pct": 0.23177222836431607,
    "bb_pct": 0.08264472229504086,
    "k_minus_bb_pct": 0.14912750606927522,
    "swing_pct": 0.4878953684560728,
    "z_swing_pct": 0.6432093938032181,
    "o_swing_pct": 0.32690062371068535,
    "contact_pct": 0.7915360215282894,
    "z_contact_pct": 0.8646063949479186,
    "o_contact_pct": 0.6425042100782797,
    "first_pitch_strike_pct": 0.6302700115116769,
    "zone_pct": 0.5089797058054704,
    "pitches_put_in_play_pct": 0.17293434091395166,
    "bip_gb_pct": 0.42364904325122815,
    "bip_ld_pct": 0.22108282661719744,
    "bip_fb_pct": 0.35526813013157443,
    "hr_per_fb_pct": 0.10432184306253248,
    "sb_pct": 0.716616573636754,
    "sba_per_pa": 0.053090486339856614,
    "bip_double_play_pct": 0.02523274588615205,
    "called_third_strike_share_of_so": 0.2200639291861323
  },
  "mlb_deltas": {
    "pitches_per_pa": -0.022987109201363154,
    "avg": 0.007196151141231399,
    "obp": 0.009853174466522008,
    "slg": 0.0158383735055303,
    "ops": 0.02569154797205242,
    "iso": -0.009357777635701087,
    "babip": 0.018344291584777572,
    "k_pct": 0.011772228364316073,
    "bb_pct": 0.002644722295040855,
    "k_minus_bb_pct": 0.009127506069275204,
    "swing_pct": 0.017895368456072813,
    "z_swing_pct": -0.006790606196781956,
    "o_swing_pct": 0.0069006237106853385,
    "contact_pct": 0.03153602152828938,
    "z_contact_pct": 0.044606394947918626,
    "o_contact_pct": 0.02250421007827974,
    "first_pitch_strike_pct": 0.030270011511676964,
    "zone_pct": 0.01897970580547037,
    "pitches_put_in_play_pct": -0.0020656590860483326,
    "bip_gb_pct": -0.01635095674877185,
    "bip_ld_pct": 0.01108282661719745,
    "bip_fb_pct": 0.0052681301315744555,
    "hr_per_fb_pct": -0.005678156937467524,
    "sb_pct": -0.06338342636324601,
    "sba_per_pa": 0.0030904863398566115,
    "bip_double_play_pct": -0.002767254113847952,
    "called_third_strike_share_of_so": -0.009936070813867715
  },
  "flags": [
    {
      "metric": "babip",
      "delta": 0.018344291584777572,
      "tolerance": 0.015
    },
    {
      "metric": "sb_pct",
      "delta": -0.06338342636324601,
      "tolerance": 0.05
    }
  ],
  "leaders": {
    "batting": {
      "avg": [
        {
          "player_id": "P1457",
          "name": "Rafael Rodriguez",
          "team_id": "SEA",
          "value": 0.3457364341085271
        },
        {
          "player_id": "P2363",
          "name": "Fernando Morales",
          "team_id": "MEM",
          "value": 0.34017595307917886
        },
        {
          "player_id": "P5219",
          "name": "Edgardo Craker",
          "team_id": "OKL",
          "value": 0.33382789317507416
        }
      ],
      "hr": [
        {
          "player_id": "P2363",
          "name": "Fernando Morales",
          "team_id": "MEM",
          "value": 55.0
        },
        {
          "player_id": "P6106",
          "name": "Fernando Vasquez",
          "team_id": "ALB",
          "value": 54.0
        },
        {
          "player_id": "P7397",
          "name": "Xavier Green",
          "team_id": "PHI",
          "value": 51.0
        }
      ],
      "rbi": [
        {
          "player_id": "P7397",
          "name": "Xavier Green",
          "team_id": "PHI",
          "value": 150.0
        },
        {
          "player_id": "P1457",
          "name": "Rafael Rodriguez",
          "team_id": "SEA",
          "value": 146.0
        },
        {
          "player_id": "P9346",
          "name": "Millard Kappe",
          "team_id": "PHI",
          "value": 143.0
        }
      ],
      "sb": [
        {
          "player_id": "P10145",
          "name": "Brent Iwanski",
          "team_id": "PHI",
          "value": 72.0
        },
        {
          "player_id": "P4005",
          "name": "Sung Kim",
          "team_id": "SEA",
          "value": 56.0
        },
        {
          "player_id": "P8699",
          "name": "Wm Decaprio",
          "team_id": "BAL",
          "value": 56.0
        }
      ],
      "ops": [
        {
          "player_id": "P2363",
          "name": "Fernando Morales",
          "team_id": "MEM",
          "value": 1.0965323732170549
        },
        {
          "player_id": "P1457",
          "name": "Rafael Rodriguez",
          "team_id": "SEA",
          "value": 1.089848146968249
        },
        {
          "player_id": "P7397",
          "name": "Xavier Green",
          "team_id": "PHI",
          "value": 1.038816889632107
        }
      ]
    },
    "pitching": {
      "era": [
        {
          "player_id": "P6837",
          "name": "Hector Gonzalez",
          "team_id": "IND",
          "value": 2.3440514469453375
        },
        {
          "player_id": "P8779",
          "name": "Johnnie Carmolli",
          "team_id": "CHI",
          "value": 2.7148080438756854
        },
        {
          "player_id": "P7941",
          "name": "Tracey Peeler",
          "team_id": "POR",
          "value": 2.7184300341296925
        }
      ],
      "so": [
        {
          "player_id": "P10018",
          "name": "Clayton Sirmons",
          "team_id": "BAL",
          "value": 247.0
        },
        {
          "player_id": "P7504",
          "name": "Clement Wampole",
          "team_id": "SAN1",
          "value": 240.0
        },
        {
          "player_id": "P5266",
          "name": "Billy Sartell",
          "team_id": "CHI",
          "value": 238.0
        }
      ],
      "wins": [
        {
          "player_id": "P6837",
          "name": "Hector Gonzalez",
          "team_id": "IND",
          "value": 20.0
        },
        {
          "player_id": "P8936",
          "name": "Adolfo Gessford",
          "team_id": "CHI",
          "value": 16.0
        },
        {
          "player_id": "P6228",
          "name": "Alejandro Vasquez",
          "team_id": "MEM",
          "value": 16.0
        }
      ],
      "saves": [
        {
          "player_id": "P2201",
          "name": "Francisco Lopez",
          "team_id": "SAN",
          "value": 30.0
        },
        {
          "player_id": "P4528",
          "name": "Lawrence Ptaszynski",
          "team_id": "PHI",
          "value": 28.0
        },
        {
          "player_id": "P7829",
          "name": "Malik Gaines",
          "team_id": "CHI",
          "value": 26.0
        }
      ]
    }
  },
  "year": 2045,
  "season_id": "nexgen-long-run-2045",
  "champion": "SEA",
  "runner_up": "IND"
}