{
  "metrics": {
    "pitches_per_pa": 3.840397829603203,
    "avg": 0.24719665271966526,
    "obp": 0.31770321656014144,
    "slg": 0.4014419053749598,
    "ops": 0.7191451219351013,
    "iso": 0.1542452526552945,
    "babip": 0.30093824142641457,
    "k_pct": 0.23103483876888486,
    "bb_pct": 0.08260585272962959,
    "k_minus_bb_pct": 0.14842898603925528,
    "swing_pct": 0.487366292389905,
    "z_swing_pct": 0.6437698838169897,
    "o_swing_pct": 0.32469226081657526,
    "contact_pct": 0.793815886246629,
    "z_contact_pct": 0.8661697519066601,
    "o_contact_pct": 0.6446079351375699,
    "first_pitch_strike_pct": 0.6260654101614032,
    "zone_pct": 0.5098258851361644,
    "pitches_put_in_play_pct": 0.17309329438226412,
    "bip_gb_pct": 0.4245185338579416,
    "bip_ld_pct": 0.21971422654793954,
    "bip_fb_pct": 0.3557672395941189,
    "hr_per_fb_pct": 0.10652682673138597,
    "sb_pct": 0.7348256564786914,
    "sba_per_pa": 0.05329631881431177,
    "bip_double_play_pct": 0.026765375854214124,
    "called_third_strike_share_of_so": 0.22279046673286992
  },
  "mlb_deltas": {
    "pitches_per_pa": -0.019602170396797014,
    "avg": 0.002196652719665265,
    "obp": 0.004703216560141443,
    "slg": 0.009441905374959758,
    "ops": 0.014145121935101312,
    "iso": -0.010754747344705495,
    "babip": 0.009938241426414585,
    "k_pct": 0.011034838768884864,
    "bb_pct": 0.0026058527296295847,
    "k_minus_bb_pct": 0.008428986039255265,
    "swing_pct": 0.017366292389905003,
    "z_swing_pct": -0.006230116183010281,
    "o_swing_pct": 0.0046922608165752555,
    "contact_pct": 0.03381588624662901,
    "z_contact_pct": 0.04616975190666017,
    "o_contact_pct": 0.02460793513756987,
    "first_pitch_strike_pct": 0.02606541016140318,
    "zone_pct": 0.019825885136164456,
    "pitches_put_in_play_pct": -0.001906705617735871,
    "bip_gb_pct": -0.01548146614205842,
    "bip_ld_pct": 0.009714226547939547,
    "bip_fb_pct": 0.0057672395941189,
    "hr_per_fb_pct": -0.00347317326861403,
    "sb_pct": -0.04517434352130867,
    "sba_per_pa": 0.0032963188143117703,
    "bip_double_play_pct": -0.0012346241457858766,
    "called_third_strike_share_of_so": -0.007209533267130086
  },
  "flags": [],
  "leaders": {
    "batting": {
      "avg": [
        {
          "player_id": "P5072",
          "name": "Tyrone Jefferson",
          "team_id": "ELP",
          "value": 0.34416543574593794
        },
        {
          "player_id": "P6106",
          "name": "Fernando Vasquez",
          "team_id": "PHI",
          "value": 0.3403954802259887
        },
        {
          "player_id": "P2314",
          "name": "Vince Dahline",
          "team_id": "SEA",
          "value": 0.338855421686747
        }
      ],
      "hr": [
        {
          "player_id": "P6106",
          "name": "Fernando Vasquez",
          "team_id": "PHI",
          "value": 69.0
        },
        {
          "player_id": "P5072",
          "name": "Tyrone Jefferson",
          "team_id": "ELP",
          "value": 62.0
        },
        {
          "player_id": "P10120",
          "name": "Dante Ashman",
          "team_id": "PHI",
          "value": 57.0
        }
      ],
      "rbi": [
        {
          "player_id": "P5072",
          "name": "Tyrone Jefferson",
          "team_id": "ELP",
          "value": 151.0
        },
        {
          "player_id": "P6106",
          "name": "Fernando Vasquez",
          "team_id": "PHI",
          "value": 144.0
        },
        {
          "player_id": "P6717",
          "name": "Sung Zhang",
          "team_id": "BAL",
          "value": 136.0
        }
      ],
      "sb": [
        {
          "player_id": "P9282",
          "name": "Dylan Hoylton",
          "team_id": "LAS",
          "value": 69.0
        },
        {
          "player_id": "P8599",
          "name": "Hector Ortiz",
          "team_id": "IND",
          "value": 58.0
        },
        {
          "player_id": "P2357",
          "name": "Rufus Harris",
          "team_id": "IND",
          "value": 57.0
        }
      ],
      "ops": [
        {
          "player_id": "P6106",
          "name": "Fernando Vasquez",
          "team_id": "PHI",
          "value": 1.1429174675286855
        },
        {
          "player_id": "P5072",
          "name": "Tyrone Jefferson",
          "team_id": "ELP",
          "value": 1.1004033709004375
        },
        {
          "player_id": "P10120",
          "name": "Dante Ashman",
          "team_id": "PHI",
          "value": 1.0657272614159512
        }
      ]
    },
    "pitching": {
      "era": [
        {
          "player_id": "P8167",
          "name": "Sung Le",
          "team_id": "OKL",
          "value": 2.268533772652389
        },
        {
          "player_id": "P9423",
          "name": "Rafael Vasquez",
          "team_id": "BAL",
          "value": 2.575516693163752
        },
        {
          "player_id": "P10168",
          "name": "Quintin Domingus",
          "team_id": "SAN",
          "value": 2.62095531587057
        }
      ],
      "so": [
        {
          "player_id": "P10140",
          "name": "Trevor Kientzy",
          "team_id": "LAS",
          "value": 263.0
        },
        {
          "player_id": "P2024",
          "name": "Lionel Kelton",
          "team_id": "SAN1",
          "value": 258.0
        },
        {
          "player_id": "P10063",
          "name": "Alejandro Mendoza",
          "team_id": "CHI",
          "value": 249.0
        }
      ],
      "wins": [
        {
          "player_id": "P9423",
          "name": "Rafael Vasquez",
          "team_id": "BAL",
          "value": 18.0
        },
        {
          "player_id": "P3188",
          "name": "Jose Flores",
          "team_id": "PHI",
          "value": 17.0
        },
        {
          "player_id": "P10059",
          "name": "Cyrus Theus",
          "team_id": "SAN",
          "value": 17.0
        }
      ],
      "saves": [
        {
          "player_id": "P9955",
          "name": "Cedric Jackson",
          "team_id": "LAS",
          "value": 25.0
        },
        {
          "player_id": "P3661",
          "name": "Kendrick Denogean",
          "team_id": "PHI",
          "value": 25.0
        },
        {
          "player_id": "P8496",
          "name": "Cameron Slagel",
          "team_id": "SAN1",
          "value": 25.0
        }
      ]
    }
  },
  "year": 2044,
  "season_id": "nexgen-long-run-2044",
  "champion": "PHI",
  "runner_up": "BAL"
}