{
  "metrics": {
    "pitches_per_pa": 3.8322814171658974,
    "avg": 0.24925503493629264,
    "obp": 0.31939909310133957,
    "slg": 0.40470869297163997,
    "ops": 0.7241077860729795,
    "iso": 0.15545365803534733,
    "babip": 0.30388197921714316,
    "k_pct": 0.23138337476088475,
    "bb_pct": 0.0825305552055532,
    "k_minus_bb_pct": 0.14885281955533156,
    "swing_pct": 0.4883160669771223,
    "z_swing_pct": 0.6439276576766895,
    "o_swing_pct": 0.3267681998172403,
    "contact_pct": 0.7939059324731288,
    "z_contact_pct": 0.8676514813228473,
    "o_contact_pct": 0.6430395794105036,
    "first_pitch_strike_pct": 0.6277591321977984,
    "zone_pct": 0.5093585045522205,
    "pitches_put_in_play_pct": 0.17345663882927528,
    "bip_gb_pct": 0.42500689274882825,
    "bip_ld_pct": 0.21741452991452992,
    "bip_fb_pct": 0.35757857733664183,
    "hr_per_fb_pct": 0.10652314316469322,
    "sb_pct": 0.7397817248020544,
    "sba_per_pa": 0.0535274510028522,
    "bip_double_play_pct": 0.026657706093189962,
    "called_third_strike_share_of_so": 0.22301980198019802
  },
  "mlb_deltas": {
    "pitches_per_pa": -0.027718582834102445,
    "avg": 0.004255034936292645,
    "obp": 0.00639909310133957,
    "slg": 0.012708692971639957,
    "ops": 0.019107786072979582,
    "iso": -0.009546341964652677,
    "babip": 0.01288197921714318,
    "k_pct": 0.011383374760884746,
    "bb_pct": 0.0025305552055532032,
    "k_minus_bb_pct": 0.008852819555331543,
    "swing_pct": 0.018316066977122347,
    "z_swing_pct": -0.006072342323310553,
    "o_swing_pct": 0.006768199817240306,
    "contact_pct": 0.033905932473128786,
    "z_contact_pct": 0.047651481322847355,
    "o_contact_pct": 0.023039579410503608,
    "first_pitch_strike_pct": 0.027759132197798464,
    "zone_pct": 0.019358504552220546,
    "pitches_put_in_play_pct": -0.0015433611707247052,
    "bip_gb_pct": -0.014993107251171756,
    "bip_ld_pct": 0.007414529914529927,
    "bip_fb_pct": 0.007578577336641856,
    "hr_per_fb_pct": -0.0034768568353067825,
    "sb_pct": -0.04021827519794563,
    "sba_per_pa": 0.0035274510028521985,
    "bip_double_play_pct": -0.0013422939068100381,
    "called_third_strike_share_of_so": -0.006980198019801986
  },
  "flags": [],
  "leaders": {
    "batting": {
      "avg": [
        {
          "player_id": "P9786",
          "name": "Jose Garcia",
          "team_id": "IND",
          "value": 0.35066864784546803
        },
        {
          "player_id": "P6106",
          "name": "Fernando Vasquez",
          "team_id": "IND",
          "value": 0.3357664233576642
        },
        {
          "player_id": "P5219",
          "name": "Edgardo Craker",
          "team_id": "LOU",
          "value": 0.3308270676691729
        }
      ],
      "hr": [
        {
          "player_id": "P5219",
          "name": "Edgardo Craker",
          "team_id": "LOU",
          "value": 60.0
        },
        {
          "player_id": "P6106",
          "name": "Fernando Vasquez",
          "team_id": "IND",
          "value": 55.0
        },
        {
          "player_id": "P9786",
          "name": "Jose Garcia",
          "team_id": "IND",
          "value": 54.0
        }
      ],
      "rbi": [
        {
          "player_id": "P10193",
          "name": "Kurt Vangompel",
          "team_id": "POR",
          "value": 134.0
        },
        {
          "player_id": "P5219",
          "name": "Edgardo Craker",
          "team_id": "LOU",
          "value": 131.0
        },
        {
          "player_id": "P9786",
          "name": "Jose Garcia",
          "team_id": "IND",
          "value": 128.0
        }
      ],
      "sb": [
        {
          "player_id": "P9282",
          "name": "Dylan Hoylton",
          "team_id": "CHI",
          "value": 68.0
        },
        {
          "player_id": "P8699",
          "name": "Wm Decaprio",
          "team_id": "MEM",
          "value": 60.0
        },
        {
          "player_id": "P2155",
          "name": "Deshawn Taylor",
          "team_id": "CHI",
          "value": 59.0
        }
      ],
      "ops": [
        {
          "player_id": "P9786",
          "name": "Jose Garcia",
          "team_id": "IND",
          "value": 1.0968728347544685
        },
        {
          "player_id": "P6106",
          "name": "Fernando Vasquez",
          "team_id": "IND",
          "value": 1.0906258980401173
        },
        {
          "player_id": "P5219",
          "name": "Edgardo Craker",
          "team_id": "LOU",
          "value": 1.0701404986998326
        }
      ]
    },
    "pitching": {
      "era": [
        {
          "player_id": "D20450069",
          "name": "Marcos Esplain",
          "team_id": "SAN",
          "value": 2.35191637630662
        },
        {
          "player_id": "D20460150",
          "name": "Carlos Castillo",
          "team_id": "CHI",
          "value": 2.5884297520661157
        },
        {
          "player_id": "D20530023",
          "name": "Leroy Taylor",
          "team_id": "SAN",
          "value": 2.6461794019933556
        }
      ],
      "so": [
        {
          "player_id": "P2024",
          "name": "Lionel Kelton",
          "team_id": "OKL",
          "value": 231.0
        },
        {
          "player_id": "D20300147",
          "name": "Felipe Plotz",
          "team_id": "LAS",
          "value": 225.0
        },
        {
          "player_id": "D20470044",
          "name": "Luis Rivera",
          "team_id": "CHI",
          "value": 225.0
        }
      ],
      "wins": [
        {
          "player_id": "D20450069",
          "name": "Marcos Esplain",
          "team_id": "SAN",
          "value": 19.0
        },
        {
          "player_id": "P1257",
          "name": "Lou Schange",
          "team_id": "IND",
          "value": 17.0
        },
        {
          "player_id": "D20500036",
          "name": "Tyrone Mitchell",
          "team_id": "LOU",
          "value": 17.0
        }
      ],
      "saves": [
        {
          "player_id": "P6581",
          "name": "Albert Bertagnolli",
          "team_id": "IND",
          "value": 27.0
        },
        {
          "player_id": "P10063",
          "name": "Alejandro Mendoza",
          "team_id": "LOU",
          "value": 25.0
        },
        {
          "player_id": "D20560034",
          "name": "Yong Khan",
          "team_id": "LAS",
          "value": 25.0
        }
      ]
    }
  },
  "year": 2068,
  "season_id": "nexgen-long-run-2068",
  "champion": "IND",
  "runner_up": "LOU"
}