{
  "metrics": {
    "pitches_per_pa": 3.8430216007560833,
    "avg": 0.24629615414139863,
    "obp": 0.31808696051002155,
    "slg": 0.4010900437552775,
    "ops": 0.7191770042652991,
    "iso": 0.15479388961387888,
    "babip": 0.30127928704901535,
    "k_pct": 0.2343744662438369,
    "bb_pct": 0.08318056045820475,
    "k_minus_bb_pct": 0.15119390578563213,
    "swing_pct": 0.48797029908325384,
    "z_swing_pct": 0.6435386202435002,
    "o_swing_pct": 0.3270912564716093,
    "contact_pct": 0.7879032600841587,
    "z_contact_pct": 0.8609569005334227,
    "o_contact_pct": 0.6392666298138935,
    "first_pitch_strike_pct": 0.6269684927295294,
    "zone_pct": 0.5083911608365087,
    "pitches_put_in_play_pct": 0.1718647221613165,
    "bip_gb_pct": 0.42126405075512036,
    "bip_ld_pct": 0.2212261223363906,
    "bip_fb_pct": 0.3575098269084891,
    "hr_per_fb_pct": 0.10693367786391042,
    "sb_pct": 0.7475183426845058,
    "sba_per_pa": 0.0527664226096264,
    "bip_double_play_pct": 0.026153368733190813,
    "called_third_strike_share_of_so": 0.22081329252295584
  },
  "mlb_deltas": {
    "pitches_per_pa": -0.01697839924391653,
    "avg": 0.0012961541413986366,
    "obp": 0.005086960510021554,
    "slg": 0.0090900437552775,
    "ops": 0.014177004265299109,
    "iso": -0.010206110386121126,
    "babip": 0.010279287049015373,
    "k_pct": 0.014374466243836898,
    "bb_pct": 0.003180560458204751,
    "k_minus_bb_pct": 0.011193905785632119,
    "swing_pct": 0.01797029908325387,
    "z_swing_pct": -0.006461379756499852,
    "o_swing_pct": 0.007091256471609297,
    "contact_pct": 0.027903260084158665,
    "z_contact_pct": 0.04095690053342271,
    "o_contact_pct": 0.019266629813893488,
    "first_pitch_strike_pct": 0.026968492729529392,
    "zone_pct": 0.018391160836508713,
    "pitches_put_in_play_pct": -0.0031352778386834756,
    "bip_gb_pct": -0.018735949244879646,
    "bip_ld_pct": 0.011226122336390615,
    "bip_fb_pct": 0.0075098269084891145,
    "hr_per_fb_pct": -0.0030663221360895804,
    "sb_pct": -0.03248165731549424,
    "sba_per_pa": 0.0027664226096263955,
    "bip_double_play_pct": -0.0018466312668091872,
    "called_third_strike_share_of_so": -0.00918670747704417
  },
  "flags": [],
  "leaders": {
    "batting": {
      "avg": [
        {
          "player_id": "P10120",
          "name": "Dante Ashman",
          "team_id": "POR",
          "value": 0.3505917159763314
        },
        {
          "player_id": "P4021",
          "name": "Xavier Gaines",
          "team_id": "SEA",
          "value": 0.346969696969697
        },
        {
          "player_id": "P6106",
          "name": "Fernando Vasquez",
          "team_id": "ELP",
          "value": 0.34522111269614836
        }
      ],
      "hr": [
        {
          "player_id": "P6106",
          "name": "Fernando Vasquez",
          "team_id": "ELP",
          "value": 67.0
        },
        {
          "player_id": "P10120",
          "name": "Dante Ashman",
          "team_id": "POR",
          "value": 61.0
        },
        {
          "player_id": "P4021",
          "name": "Xavier Gaines",
          "team_id": "SEA",
          "value": 60.0
        }
      ],
      "rbi": [
        {
          "player_id": "P6106",
          "name": "Fernando Vasquez",
          "team_id": "ELP",
          "value": 150.0
        },
        {
          "player_id": "P7534",
          "name": "Juan Morales",
          "team_id": "SAN",
          "value": 145.0
        },
        {
          "player_id": "P10097",
          "name": "Lynwood Iglehart",
          "team_id": "CHI",
          "value": 135.0
        }
      ],
      "sb": [
        {
          "player_id": "P6984",
          "name": "Parker Bressman",
          "team_id": "IND",
          "value": 65.0
        },
        {
          "player_id": "P2089",
          "name": "Hector Ramos",
          "team_id": "BAL",
          "value": 60.0
        },
        {
          "player_id": "P6155",
          "name": "Alejandro Ortiz",
          "team_id": "ELP",
          "value": 57.0
        }
      ],
      "ops": [
        {
          "player_id": "P6106",
          "name": "Fernando Vasquez",
          "team_id": "ELP",
          "value": 1.1325955518762982
        },
        {
          "player_id": "P10120",
          "name": "Dante Ashman",
          "team_id": "POR",
          "value": 1.1311267917602759
        },
        {
          "player_id": "P4021",
          "name": "Xavier Gaines",
          "team_id": "SEA",
          "value": 1.1254154447702835
        }
      ]
    },
    "pitching": {
      "era": [
        {
          "player_id": "P4347",
          "name": "Jermaine Jefferson",
          "team_id": "LAS",
          "value": 2.0614525139664805
        },
        {
          "player_id": "P6893",
          "name": "August Rapley",
          "team_id": "CHI",
          "value": 2.3764044943820224
        },
        {
          "player_id": "D20500130",
          "name": "Alejandro Sanchez",
          "team_id": "MEM",
          "value": 2.437819420783646
        }
      ],
      "so": [
        {
          "player_id": "D20460176",
          "name": "Raul Ortiz",
          "team_id": "SAN",
          "value": 236.0
        },
        {
          "player_id": "P4707",
          "name": "Xavier Mitchell",
          "team_id": "POR",
          "value": 233.0
        },
        {
          "player_id": "D20500036",
          "name": "Tyrone Mitchell",
          "team_id": "LOU",
          "value": 230.0
        }
      ],
      "wins": [
        {
          "player_id": "P6893",
          "name": "August Rapley",
          "team_id": "CHI",
          "value": 17.0
        },
        {
          "player_id": "P4843",
          "name": "Isreal Touton",
          "team_id": "CHI",
          "value": 16.0
        },
        {
          "player_id": "D20440078",
          "name": "Eduardo Morales",
          "team_id": "IND",
          "value": 16.0
        }
      ],
      "saves": [
        {
          "player_id": "P10002",
          "name": "Jimmy Schiedler",
          "team_id": "ALB",
          "value": 26.0
        },
        {
          "player_id": "D20380029",
          "name": "Sung Li",
          "team_id": "ELP",
          "value": 23.0
        },
        {
          "player_id": "P10116",
          "name": "Fernando Guerrero",
          "team_id": "OKL",
          "value": 21.0
        }
      ]
    }
  },
  "year": 2064,
  "season_id": "nexgen-long-run-2064",
  "champion": "CHI",
  "runner_up": "SAN"
}