{
  "metrics": {
    "pitches_per_pa": 3.8359141907452154,
    "avg": 0.2561403955305556,
    "obp": 0.3257446881386507,
    "slg": 0.43418005039578506,
    "ops": 0.7599247385344358,
    "iso": 0.17803965486522944,
    "babip": 0.302774108322325,
    "k_pct": 0.2208873611725601,
    "bb_pct": 0.08243995961383567,
    "k_minus_bb_pct": 0.13844740155872443,
    "swing_pct": 0.4881229815574983,
    "z_swing_pct": 0.6429514508896114,
    "o_swing_pct": 0.3279603857932769,
    "contact_pct": 0.8064768252044835,
    "z_contact_pct": 0.8784443921767292,
    "o_contact_pct": 0.6605268951346591,
    "first_pitch_strike_pct": 0.6293775312255385,
    "zone_pct": 0.50846710752014,
    "pitches_put_in_play_pct": 0.17617380194716856,
    "bip_gb_pct": 0.4209501426892731,
    "bip_ld_pct": 0.22167198254154777,
    "bip_fb_pct": 0.3573778747691791,
    "hr_per_fb_pct": 0.12123338561875671,
    "sb_pct": 0.7592401404088375,
    "sba_per_pa": 0.054941065695583616,
    "bip_double_play_pct": 0.025700856135638744,
    "called_third_strike_share_of_so": 0.23193467207642135
  },
  "mlb_deltas": {
    "pitches_per_pa": -0.02408580925478443,
    "avg": 0.011140395530555625,
    "obp": 0.012744688138650706,
    "slg": 0.04218005039578504,
    "ops": 0.0549247385344358,
    "iso": 0.013039654865229428,
    "babip": 0.011774108322325005,
    "k_pct": 0.0008873611725601083,
    "bb_pct": 0.0024399596138356683,
    "k_minus_bb_pct": -0.0015525984412755878,
    "swing_pct": 0.018122981557498308,
    "z_swing_pct": -0.007048549110388658,
    "o_swing_pct": 0.007960385793276903,
    "contact_pct": 0.046476825204483485,
    "z_contact_pct": 0.058444392176729254,
    "o_contact_pct": 0.040526895134659124,
    "first_pitch_strike_pct": 0.029377531225538545,
    "zone_pct": 0.018467107520140025,
    "pitches_put_in_play_pct": 0.001173801947168568,
    "bip_gb_pct": -0.019049857310726892,
    "bip_ld_pct": 0.011671982541547776,
    "bip_fb_pct": 0.007377874769179116,
    "hr_per_fb_pct": 0.011233385618756711,
    "sb_pct": -0.020759859591162555,
    "sba_per_pa": 0.004941065695583613,
    "bip_double_play_pct": -0.002299143864361256,
    "called_third_strike_share_of_so": 0.0019346720764213399
  },
  "flags": [],
  "leaders": {
    "batting": {
      "avg": [
        {
          "player_id": "P6106",
          "name": "Fernando Vasquez",
          "team_id": "PHI",
          "value": 0.363905325443787
        },
        {
          "player_id": "P5219",
          "name": "Edgardo Craker",
          "team_id": "LOU",
          "value": 0.35135135135135137
        },
        {
          "player_id": "P3495",
          "name": "Edwin Eapen",
          "team_id": "SEA",
          "value": 0.35046728971962615
        }
      ],
      "hr": [
        {
          "player_id": "P6106",
          "name": "Fernando Vasquez",
          "team_id": "PHI",
          "value": 56.0
        },
        {
          "player_id": "P2892",
          "name": "Darnell Green",
          "team_id": "MEM",
          "value": 53.0
        },
        {
          "player_id": "P3495",
          "name": "Edwin Eapen",
          "team_id": "SEA",
          "value": 52.0
        }
      ],
      "rbi": [
        {
          "player_id": "P2592",
          "name": "Sung Li",
          "team_id": "ELP",
          "value": 145.0
        },
        {
          "player_id": "P5072",
          "name": "Tyrone Jefferson",
          "team_id": "ELP",
          "value": 144.0
        },
        {
          "player_id": "P3495",
          "name": "Edwin Eapen",
          "team_id": "SEA",
          "value": 132.0
        }
      ],
      "sb": [
        {
          "player_id": "P6984",
          "name": "Parker Bressman",
          "team_id": "SAN",
          "value": 61.0
        },
        {
          "player_id": "P9282",
          "name": "Dylan Hoylton",
          "team_id": "LAS",
          "value": 61.0
        },
        {
          "player_id": "P6969",
          "name": "Sung Tran",
          "team_id": "PHI",
          "value": 59.0
        }
      ],
      "ops": [
        {
          "player_id": "P6106",
          "name": "Fernando Vasquez",
          "team_id": "PHI",
          "value": 1.1745290344624082
        },
        {
          "player_id": "P3495",
          "name": "Edwin Eapen",
          "team_id": "SEA",
          "value": 1.1012244118744523
        },
        {
          "player_id": "P2592",
          "name": "Sung Li",
          "team_id": "ELP",
          "value": 1.0936214428092794
        }
      ]
    },
    "pitching": {
      "era": [
        {
          "player_id": "P4652",
          "name": "Francisco Torres",
          "team_id": "LAS",
          "value": 2.4210526315789473
        },
        {
          "player_id": "P6247",
          "name": "Tyrone Carter",
          "team_id": "SAN1",
          "value": 2.4586846543001686
        },
        {
          "player_id": "P4965",
          "name": "Miguel Gomez",
          "team_id": "BAL",
          "value": 2.5733736762481088
        }
      ],
      "so": [
        {
          "player_id": "P9732",
          "name": "Emmett Ritzert",
          "team_id": "SEA",
          "value": 239.0
        },
        {
          "player_id": "P4965",
          "name": "Miguel Gomez",
          "team_id": "BAL",
          "value": 236.0
        },
        {
          "player_id": "P2534",
          "name": "Pedro Hernandez",
          "team_id": "BAL",
          "value": 236.0
        }
      ],
      "wins": [
        {
          "player_id": "P6668",
          "name": "Rufus Young",
          "team_id": "CHI",
          "value": 19.0
        },
        {
          "player_id": "P4100",
          "name": "Mel Deckard",
          "team_id": "SEA",
          "value": 18.0
        },
        {
          "player_id": "P9732",
          "name": "Emmett Ritzert",
          "team_id": "SEA",
          "value": 18.0
        }
      ],
      "saves": [
        {
          "player_id": "P3339",
          "name": "Darnell Gaines",
          "team_id": "SAN1",
          "value": 50.0
        },
        {
          "player_id": "P6581",
          "name": "Albert Bertagnolli",
          "team_id": "SEA",
          "value": 47.0
        },
        {
          "player_id": "P1955",
          "name": "Tyrone Scott",
          "team_id": "ELP",
          "value": 46.0
        }
      ]
    }
  },
  "year": 2031,
  "season_id": "nexgen-long-run-2031",
  "champion": "ELP",
  "runner_up": "CHI"
}