{
  "metrics": {
    "pitches_per_pa": 3.8441657903159436,
    "avg": 0.25013132439046265,
    "obp": 0.319618613327806,
    "slg": 0.4043766255397112,
    "ops": 0.7239952388675173,
    "iso": 0.15424530114924856,
    "babip": 0.3067259269879389,
    "k_pct": 0.23319692743816012,
    "bb_pct": 0.08130629600841296,
    "k_minus_bb_pct": 0.15189063142974715,
    "swing_pct": 0.4890292385140781,
    "z_swing_pct": 0.6451845855488064,
    "o_swing_pct": 0.3261236740099882,
    "contact_pct": 0.7920249054492832,
    "z_contact_pct": 0.8660366117850953,
    "o_contact_pct": 0.6392749357278588,
    "first_pitch_strike_pct": 0.6272689863289287,
    "zone_pct": 0.5105782582968336,
    "pitches_put_in_play_pct": 0.1727073502169175,
    "bip_gb_pct": 0.4199063393133845,
    "bip_ld_pct": 0.2187596845838642,
    "bip_fb_pct": 0.3613339761027513,
    "hr_per_fb_pct": 0.10292797606326139,
    "sb_pct": 0.7285086801924283,
    "sba_per_pa": 0.054649993141603036,
    "bip_double_play_pct": 0.025429565097620604,
    "called_third_strike_share_of_so": 0.2195970785745797
  },
  "mlb_deltas": {
    "pitches_per_pa": -0.015834209684056244,
    "avg": 0.005131324390462655,
    "obp": 0.006618613327806,
    "slg": 0.012376625539711195,
    "ops": 0.018995238867517306,
    "iso": -0.010754698850751448,
    "babip": 0.0157259269879389,
    "k_pct": 0.013196927438160116,
    "bb_pct": 0.0013062960084129632,
    "k_minus_bb_pct": 0.01189063142974714,
    "swing_pct": 0.019029238514078117,
    "z_swing_pct": -0.0048154144511936,
    "o_swing_pct": 0.0061236740099882,
    "contact_pct": 0.03202490544928316,
    "z_contact_pct": 0.04603661178509533,
    "o_contact_pct": 0.019274935727858766,
    "first_pitch_strike_pct": 0.027268986328928713,
    "zone_pct": 0.020578258296833574,
    "pitches_put_in_play_pct": -0.0022926497830824955,
    "bip_gb_pct": -0.0200936606866155,
    "bip_ld_pct": 0.008759684583864197,
    "bip_fb_pct": 0.01133397610275133,
    "hr_per_fb_pct": -0.007072023936738614,
    "sb_pct": -0.05149131980757171,
    "sba_per_pa": 0.004649993141603033,
    "bip_double_play_pct": -0.002570434902379397,
    "called_third_strike_share_of_so": -0.01040292142542032
  },
  "flags": [
    {
      "metric": "babip",
      "delta": 0.0157259269879389,
      "tolerance": 0.015
    },
    {
      "metric": "sb_pct",
      "delta": -0.05149131980757171,
      "tolerance": 0.05
    }
  ],
  "leaders": {
    "batting": {
      "avg": [
        {
          "player_id": "P8906",
          "name": "David Thurgood",
          "team_id": "OKL",
          "value": 0.3372262773722628
        },
        {
          "player_id": "P7534",
          "name": "Juan Morales",
          "team_id": "LOU",
          "value": 0.3368580060422961
        },
        {
          "player_id": "P10148",
          "name": "Chet Depeyster",
          "team_id": "ALB",
          "value": 0.3323442136498516
        }
      ],
      "hr": [
        {
          "player_id": "P9786",
          "name": "Jose Garcia",
          "team_id": "LAS",
          "value": 70.0
        },
        {
          "player_id": "P7534",
          "name": "Juan Morales",
          "team_id": "LOU",
          "value": 51.0
        },
        {
          "player_id": "P10148",
          "name": "Chet Depeyster",
          "team_id": "ALB",
          "value": 48.0
        }
      ],
      "rbi": [
        {
          "player_id": "P9786",
          "name": "Jose Garcia",
          "team_id": "LAS",
          "value": 149.0
        },
        {
          "player_id": "P8906",
          "name": "David Thurgood",
          "team_id": "OKL",
          "value": 132.0
        },
        {
          "player_id": "P10101",
          "name": "Alejandro Vargas",
          "team_id": "SAN",
          "value": 132.0
        }
      ],
      "sb": [
        {
          "player_id": "P2357",
          "name": "Rufus Harris",
          "team_id": "IND",
          "value": 71.0
        },
        {
          "player_id": "P10145",
          "name": "Brent Iwanski",
          "team_id": "IND",
          "value": 62.0
        },
        {
          "player_id": "P8699",
          "name": "Wm Decaprio",
          "team_id": "BAL",
          "value": 58.0
        }
      ],
      "ops": [
        {
          "player_id": "P9786",
          "name": "Jose Garcia",
          "team_id": "LAS",
          "value": 1.1361951772131413
        },
        {
          "player_id": "P7534",
          "name": "Juan Morales",
          "team_id": "LOU",
          "value": 1.0808869634612095
        },
        {
          "player_id": "P8906",
          "name": "David Thurgood",
          "team_id": "OKL",
          "value": 1.0455770711313381
        }
      ]
    },
    "pitching": {
      "era": [
        {
          "player_id": "P10110",
          "name": "Ervin Kerens",
          "team_id": "SAN",
          "value": 2.3351351351351353
        },
        {
          "player_id": "D20360082",
          "name": "Allan Gerl",
          "team_id": "ELP",
          "value": 2.4827586206896552
        },
        {
          "player_id": "P5236",
          "name": "Basil Gaver",
          "team_id": "LAS",
          "value": 2.4900542495479203
        }
      ],
      "so": [
        {
          "player_id": "P4375",
          "name": "Jamal Robinson",
          "team_id": "SAN",
          "value": 226.0
        },
        {
          "player_id": "P10082",
          "name": "Donn Maronge",
          "team_id": "POR",
          "value": 219.0
        },
        {
          "player_id": "D20280090",
          "name": "Emory Flom",
          "team_id": "LOU",
          "value": 217.0
        }
      ],
      "wins": [
        {
          "player_id": "P8315",
          "name": "Malik White",
          "team_id": "OKL",
          "value": 21.0
        },
        {
          "player_id": "P4375",
          "name": "Jamal Robinson",
          "team_id": "SAN",
          "value": 20.0
        },
        {
          "player_id": "D20360082",
          "name": "Allan Gerl",
          "team_id": "ELP",
          "value": 18.0
        }
      ],
      "saves": [
        {
          "player_id": "P5746",
          "name": "Jamal Wright",
          "team_id": "PHI",
          "value": 36.0
        },
        {
          "player_id": "P5109",
          "name": "Deshawn White",
          "team_id": "SEA",
          "value": 25.0
        },
        {
          "player_id": "P2534",
          "name": "Pedro Hernandez",
          "team_id": "BAL",
          "value": 22.0
        }
      ]
    }
  },
  "year": 2046,
  "season_id": "nexgen-long-run-2046",
  "champion": "ELP",
  "runner_up": "LAS"
}