{
  "metrics": {
    "pitches_per_pa": 3.850370165999908,
    "avg": 0.2506612647252364,
    "obp": 0.3214678347007973,
    "slg": 0.4222804278544056,
    "ops": 0.743748262555203,
    "iso": 0.1716191631291692,
    "babip": 0.29757612537036376,
    "k_pct": 0.22163976640456154,
    "bb_pct": 0.08195383271255806,
    "k_minus_bb_pct": 0.1396859336920035,
    "swing_pct": 0.4875827023670194,
    "z_swing_pct": 0.6428198678370185,
    "o_swing_pct": 0.32653036395379254,
    "contact_pct": 0.8052036323778848,
    "z_contact_pct": 0.8781001723964937,
    "o_contact_pct": 0.6563210253735237,
    "first_pitch_strike_pct": 0.6286614245643077,
    "zone_pct": 0.5091928010127308,
    "pitches_put_in_play_pct": 0.17514987937994125,
    "bip_gb_pct": 0.4259511795990727,
    "bip_ld_pct": 0.21926564843856539,
    "bip_fb_pct": 0.3547831719623619,
    "hr_per_fb_pct": 0.11689579090291921,
    "sb_pct": 0.759828141783029,
    "sba_per_pa": 0.05351312824757438,
    "bip_double_play_pct": 0.026183008318559936,
    "called_third_strike_share_of_so": 0.23127593360995852
  },
  "mlb_deltas": {
    "pitches_per_pa": -0.009629834000091986,
    "avg": 0.005661264725236426,
    "obp": 0.008467834700797316,
    "slg": 0.0302804278544056,
    "ops": 0.03874826255520303,
    "iso": 0.006619163129169187,
    "babip": 0.006576125370363783,
    "k_pct": 0.0016397664045615379,
    "bb_pct": 0.001953832712558057,
    "k_minus_bb_pct": -0.0003140663079965189,
    "swing_pct": 0.01758270236701942,
    "z_swing_pct": -0.007180132162981523,
    "o_swing_pct": 0.006530363953792528,
    "contact_pct": 0.04520363237788483,
    "z_contact_pct": 0.05810017239649379,
    "o_contact_pct": 0.03632102537352366,
    "first_pitch_strike_pct": 0.028661424564307758,
    "zone_pct": 0.019192801012730798,
    "pitches_put_in_play_pct": 0.00014987937994126455,
    "bip_gb_pct": -0.014048820400927309,
    "bip_ld_pct": 0.009265648438565394,
    "bip_fb_pct": 0.004783171962361943,
    "hr_per_fb_pct": 0.0068957909029192105,
    "sb_pct": -0.020171858216970984,
    "sba_per_pa": 0.003513128247574375,
    "bip_double_play_pct": -0.0018169916814400645,
    "called_third_strike_share_of_so": 0.0012759336099585072
  },
  "flags": [],
  "leaders": {
    "batting": {
      "avg": [
        {
          "player_id": "P9786",
          "name": "Jose Garcia",
          "team_id": "ELP",
          "value": 0.34911242603550297
        },
        {
          "player_id": "P7397",
          "name": "Xavier Green",
          "team_id": "ELP",
          "value": 0.3360258481421648
        },
        {
          "player_id": "P3495",
          "name": "Edwin Eapen",
          "team_id": "SEA",
          "value": 0.33533834586466166
        }
      ],
      "hr": [
        {
          "player_id": "P3495",
          "name": "Edwin Eapen",
          "team_id": "SEA",
          "value": 56.0
        },
        {
          "player_id": "P5072",
          "name": "Tyrone Jefferson",
          "team_id": "ELP",
          "value": 54.0
        },
        {
          "player_id": "P6106",
          "name": "Fernando Vasquez",
          "team_id": "PHI",
          "value": 52.0
        }
      ],
      "rbi": [
        {
          "player_id": "P9786",
          "name": "Jose Garcia",
          "team_id": "ELP",
          "value": 136.0
        },
        {
          "player_id": "P6106",
          "name": "Fernando Vasquez",
          "team_id": "PHI",
          "value": 136.0
        },
        {
          "player_id": "P9346",
          "name": "Millard Kappe",
          "team_id": "BAL",
          "value": 135.0
        }
      ],
      "sb": [
        {
          "player_id": "P2357",
          "name": "Rufus Harris",
          "team_id": "IND",
          "value": 71.0
        },
        {
          "player_id": "P2037",
          "name": "Yong Chen",
          "team_id": "POR",
          "value": 70.0
        },
        {
          "player_id": "P2155",
          "name": "Deshawn Taylor",
          "team_id": "SEA",
          "value": 63.0
        }
      ],
      "ops": [
        {
          "player_id": "P9786",
          "name": "Jose Garcia",
          "team_id": "ELP",
          "value": 1.1118080033174373
        },
        {
          "player_id": "P3495",
          "name": "Edwin Eapen",
          "team_id": "SEA",
          "value": 1.0711022840119166
        },
        {
          "player_id": "P6106",
          "name": "Fernando Vasquez",
          "team_id": "PHI",
          "value": 1.0658768435031802
        }
      ]
    },
    "pitching": {
      "era": [
        {
          "player_id": "P3462",
          "name": "Manuel Flores",
          "team_id": "POR",
          "value": 2.6351999999999998
        },
        {
          "player_id": "P2534",
          "name": "Pedro Hernandez",
          "team_id": "BAL",
          "value": 2.7464183381088825
        },
        {
          "player_id": "P2925",
          "name": "Cyrus Plamondin",
          "team_id": "MEM",
          "value": 2.7568881685575364
        }
      ],
      "so": [
        {
          "player_id": "P9732",
          "name": "Emmett Ritzert",
          "team_id": "SEA",
          "value": 268.0
        },
        {
          "player_id": "P4039",
          "name": "Luis Diaz",
          "team_id": "IND",
          "value": 244.0
        },
        {
          "player_id": "P2534",
          "name": "Pedro Hernandez",
          "team_id": "BAL",
          "value": 233.0
        }
      ],
      "wins": [
        {
          "player_id": "P4982",
          "name": "Paul Mazey",
          "team_id": "PHI",
          "value": 17.0
        },
        {
          "player_id": "P2534",
          "name": "Pedro Hernandez",
          "team_id": "BAL",
          "value": 17.0
        },
        {
          "player_id": "P7554",
          "name": "Leroy Green",
          "team_id": "ELP",
          "value": 16.0
        }
      ],
      "saves": [
        {
          "player_id": "P5236",
          "name": "Basil Gaver",
          "team_id": "SAN",
          "value": 55.0
        },
        {
          "player_id": "P6581",
          "name": "Albert Bertagnolli",
          "team_id": "SEA",
          "value": 51.0
        },
        {
          "player_id": "P1638",
          "name": "Miguel Morales",
          "team_id": "MEM",
          "value": 42.0
        }
      ]
    }
  },
  "year": 2033,
  "season_id": "nexgen-long-run-2033",
  "champion": "ELP",
  "runner_up": "BAL"
}