{
  "metrics": {
    "pitches_per_pa": 3.836072816248853,
    "avg": 0.2577461031289302,
    "obp": 0.32702594810379243,
    "slg": 0.4272139436208189,
    "ops": 0.7542398917246114,
    "iso": 0.16946784049188868,
    "babip": 0.30822929488306666,
    "k_pct": 0.22273072261177884,
    "bb_pct": 0.08179933618043204,
    "k_minus_bb_pct": 0.14093138643134678,
    "swing_pct": 0.4893972011327764,
    "z_swing_pct": 0.6453194848455057,
    "o_swing_pct": 0.32669957397506605,
    "contact_pct": 0.8012104170689323,
    "z_contact_pct": 0.8712585582679141,
    "o_contact_pct": 0.6568341337273734,
    "first_pitch_strike_pct": 0.6292805600552805,
    "zone_pct": 0.510632329013073,
    "pitches_put_in_play_pct": 0.1756689316288533,
    "bip_gb_pct": 0.42511094674556216,
    "bip_ld_pct": 0.2180944055944056,
    "bip_fb_pct": 0.35679464766003227,
    "hr_per_fb_pct": 0.11507191994996874,
    "sb_pct": 0.7279174725983236,
    "sba_per_pa": 0.052709086171936065,
    "bip_double_play_pct": 0.025030258203335126,
    "called_third_strike_share_of_so": 0.23069880988709185
  },
  "mlb_deltas": {
    "pitches_per_pa": -0.023927183751146774,
    "avg": 0.012746103128930208,
    "obp": 0.01402594810379243,
    "slg": 0.035213943620818866,
    "ops": 0.049239891724611407,
    "iso": 0.004467840491888669,
    "babip": 0.01722929488306668,
    "k_pct": 0.002730722611778841,
    "bb_pct": 0.001799336180432043,
    "k_minus_bb_pct": 0.0009313864313467701,
    "swing_pct": 0.01939720113277643,
    "z_swing_pct": -0.0046805151544943024,
    "o_swing_pct": 0.006699573975066042,
    "contact_pct": 0.04121041706893225,
    "z_contact_pct": 0.051258558267914145,
    "o_contact_pct": 0.03683413372737343,
    "first_pitch_strike_pct": 0.02928056005528057,
    "zone_pct": 0.020632329013072992,
    "pitches_put_in_play_pct": 0.0006689316288533143,
    "bip_gb_pct": -0.014889053254437845,
    "bip_ld_pct": 0.008094405594405607,
    "bip_fb_pct": 0.006794647660032294,
    "hr_per_fb_pct": 0.005071919949968737,
    "sb_pct": -0.052082527401676404,
    "sba_per_pa": 0.002709086171936062,
    "bip_double_play_pct": -0.0029697417966648744,
    "called_third_strike_share_of_so": 0.0006988098870918391
  },
  "flags": [
    {
      "metric": "babip",
      "delta": 0.01722929488306668,
      "tolerance": 0.015
    },
    {
      "metric": "sb_pct",
      "delta": -0.052082527401676404,
      "tolerance": 0.05
    }
  ],
  "leaders": {
    "batting": {
      "avg": [
        {
          "player_id": "P6717",
          "name": "Sung Zhang",
          "team_id": "LAS",
          "value": 0.36268656716417913
        },
        {
          "player_id": "P1457",
          "name": "Rafael Rodriguez",
          "team_id": "OKL",
          "value": 0.3545586107091172
        },
        {
          "player_id": "P10101",
          "name": "Alejandro Vargas",
          "team_id": "LOU",
          "value": 0.34755134281200634
        }
      ],
      "hr": [
        {
          "player_id": "P10120",
          "name": "Dante Ashman",
          "team_id": "OKL",
          "value": 68.0
        },
        {
          "player_id": "P1457",
          "name": "Rafael Rodriguez",
          "team_id": "OKL",
          "value": 55.0
        },
        {
          "player_id": "P10101",
          "name": "Alejandro Vargas",
          "team_id": "LOU",
          "value": 53.0
        }
      ],
      "rbi": [
        {
          "player_id": "P10120",
          "name": "Dante Ashman",
          "team_id": "OKL",
          "value": 160.0
        },
        {
          "player_id": "P6717",
          "name": "Sung Zhang",
          "team_id": "LAS",
          "value": 156.0
        },
        {
          "player_id": "P4395",
          "name": "Arden Horr",
          "team_id": "CHI",
          "value": 143.0
        }
      ],
      "sb": [
        {
          "player_id": "P10013",
          "name": "Clair Verone",
          "team_id": "LAS",
          "value": 62.0
        },
        {
          "player_id": "P8699",
          "name": "Wm Decaprio",
          "team_id": "SAN",
          "value": 61.0
        },
        {
          "player_id": "P9853",
          "name": "Francisco Perez",
          "team_id": "MEM",
          "value": 60.0
        }
      ],
      "ops": [
        {
          "player_id": "P10120",
          "name": "Dante Ashman",
          "team_id": "OKL",
          "value": 1.146377875626839
        },
        {
          "player_id": "P6717",
          "name": "Sung Zhang",
          "team_id": "LAS",
          "value": 1.1291378021933633
        },
        {
          "player_id": "P1457",
          "name": "Rafael Rodriguez",
          "team_id": "OKL",
          "value": 1.1279785267058284
        }
      ]
    },
    "pitching": {
      "era": [
        {
          "player_id": "D20580096",
          "name": "Jose Ramirez",
          "team_id": "LOU",
          "value": 2.994263862332696
        },
        {
          "player_id": "D20530023",
          "name": "Leroy Taylor",
          "team_id": "SAN",
          "value": 3.0671256454388987
        },
        {
          "player_id": "P9732",
          "name": "Emmett Ritzert",
          "team_id": "OKL",
          "value": 3.0976027397260277
        }
      ],
      "so": [
        {
          "player_id": "D20480138",
          "name": "Taylor Melanson",
          "team_id": "SEA",
          "value": 254.0
        },
        {
          "player_id": "P3462",
          "name": "Manuel Flores",
          "team_id": "POR",
          "value": 234.0
        },
        {
          "player_id": "P2513",
          "name": "Lyman Cabal",
          "team_id": "IND",
          "value": 230.0
        }
      ],
      "wins": [
        {
          "player_id": "P4843",
          "name": "Isreal Touton",
          "team_id": "SEA",
          "value": 18.0
        },
        {
          "player_id": "D20530023",
          "name": "Leroy Taylor",
          "team_id": "SAN",
          "value": 18.0
        },
        {
          "player_id": "D20480095",
          "name": "Deshawn Young",
          "team_id": "BAL",
          "value": 17.0
        }
      ],
      "saves": [
        {
          "player_id": "P10075",
          "name": "Fernando Cruz",
          "team_id": "LAS",
          "value": 23.0
        },
        {
          "player_id": "P3921",
          "name": "Bo Barcroft",
          "team_id": "CHI",
          "value": 19.0
        },
        {
          "player_id": "P1021",
          "name": "Jose Diaz",
          "team_id": "PHI",
          "value": 18.0
        }
      ]
    }
  },
  "year": 2070,
  "season_id": "nexgen-long-run-2070",
  "champion": "SEA",
  "runner_up": "MEM"
}