{
  "metrics": {
    "pitches_per_pa": 3.838618148110467,
    "avg": 0.25507969262321023,
    "obp": 0.32455950769510766,
    "slg": 0.44060715777746834,
    "ops": 0.765166665472576,
    "iso": 0.1855274651542581,
    "babip": 0.2977948897444872,
    "k_pct": 0.21767784673471927,
    "bb_pct": 0.08185528085823131,
    "k_minus_bb_pct": 0.13582256587648794,
    "swing_pct": 0.4884441407906516,
    "z_swing_pct": 0.6439683886647155,
    "o_swing_pct": 0.3264778554638419,
    "contact_pct": 0.811895574580972,
    "z_contact_pct": 0.8835720816824139,
    "o_contact_pct": 0.6646595219681066,
    "first_pitch_strike_pct": 0.6298368772679486,
    "zone_pct": 0.5101452433680441,
    "pitches_put_in_play_pct": 0.17709560382603778,
    "bip_gb_pct": 0.4212784355460955,
    "bip_ld_pct": 0.218537980577358,
    "bip_fb_pct": 0.3601835838765465,
    "hr_per_fb_pct": 0.12636631307223814,
    "sb_pct": 0.7604714796884866,
    "sba_per_pa": 0.053707283435638305,
    "bip_double_play_pct": 0.02532592789676733,
    "called_third_strike_share_of_so": 0.2362899875363523
  },
  "mlb_deltas": {
    "pitches_per_pa": -0.02138185188953301,
    "avg": 0.010079692623210235,
    "obp": 0.011559507695107663,
    "slg": 0.048607157777468324,
    "ops": 0.060166665472575986,
    "iso": 0.0205274651542581,
    "babip": 0.00679488974448722,
    "k_pct": -0.0023221532652807353,
    "bb_pct": 0.0018552808582313063,
    "k_minus_bb_pct": -0.004177434123512069,
    "swing_pct": 0.018444140790651653,
    "z_swing_pct": -0.006031611335284515,
    "o_swing_pct": 0.006477855463841886,
    "contact_pct": 0.05189557458097194,
    "z_contact_pct": 0.0635720816824139,
    "o_contact_pct": 0.04465952196810663,
    "first_pitch_strike_pct": 0.02983687726794859,
    "zone_pct": 0.02014524336804413,
    "pitches_put_in_play_pct": 0.002095603826037795,
    "bip_gb_pct": -0.018721564453904493,
    "bip_ld_pct": 0.008537980577357995,
    "bip_fb_pct": 0.010183583876546498,
    "hr_per_fb_pct": 0.01636631307223814,
    "sb_pct": -0.01952852031151342,
    "sba_per_pa": 0.003707283435638302,
    "bip_double_play_pct": -0.002674072103232672,
    "called_third_strike_share_of_so": 0.006289987536352293
  },
  "flags": [],
  "leaders": {
    "batting": {
      "avg": [
        {
          "player_id": "P8441",
          "name": "Antonio Diaz",
          "team_id": "SEA",
          "value": 0.3449367088607595
        },
        {
          "player_id": "P8906",
          "name": "David Thurgood",
          "team_id": "BAL",
          "value": 0.3386327503974563
        },
        {
          "player_id": "P9786",
          "name": "Jose Garcia",
          "team_id": "ELP",
          "value": 0.338301043219076
        }
      ],
      "hr": [
        {
          "player_id": "P6106",
          "name": "Fernando Vasquez",
          "team_id": "PHI",
          "value": 76.0
        },
        {
          "player_id": "P9786",
          "name": "Jose Garcia",
          "team_id": "ELP",
          "value": 71.0
        },
        {
          "player_id": "P3495",
          "name": "Edwin Eapen",
          "team_id": "SEA",
          "value": 65.0
        }
      ],
      "rbi": [
        {
          "player_id": "P3495",
          "name": "Edwin Eapen",
          "team_id": "SEA",
          "value": 162.0
        },
        {
          "player_id": "P2592",
          "name": "Sung Li",
          "team_id": "ELP",
          "value": 154.0
        },
        {
          "player_id": "P6106",
          "name": "Fernando Vasquez",
          "team_id": "PHI",
          "value": 150.0
        }
      ],
      "sb": [
        {
          "player_id": "P2357",
          "name": "Rufus Harris",
          "team_id": "IND",
          "value": 66.0
        },
        {
          "player_id": "P6984",
          "name": "Parker Bressman",
          "team_id": "SAN",
          "value": 58.0
        },
        {
          "player_id": "P2037",
          "name": "Yong Chen",
          "team_id": "POR",
          "value": 56.0
        }
      ],
      "ops": [
        {
          "player_id": "P9786",
          "name": "Jose Garcia",
          "team_id": "ELP",
          "value": 1.1472015457477878
        },
        {
          "player_id": "P6106",
          "name": "Fernando Vasquez",
          "team_id": "PHI",
          "value": 1.1252485727115273
        },
        {
          "player_id": "P3495",
          "name": "Edwin Eapen",
          "team_id": "SEA",
          "value": 1.1089271089271089
        }
      ]
    },
    "pitching": {
      "era": [
        {
          "player_id": "P1303",
          "name": "Yong Nguyen",
          "team_id": "SAN",
          "value": 2.690878378378378
        },
        {
          "player_id": "P4039",
          "name": "Luis Diaz",
          "team_id": "IND",
          "value": 2.8469387755102042
        },
        {
          "player_id": "P5266",
          "name": "Billy Sartell",
          "team_id": "CHI",
          "value": 2.862464183381089
        }
      ],
      "so": [
        {
          "player_id": "P9423",
          "name": "Rafael Vasquez",
          "team_id": "BAL",
          "value": 239.0
        },
        {
          "player_id": "P5266",
          "name": "Billy Sartell",
          "team_id": "CHI",
          "value": 238.0
        },
        {
          "player_id": "P2534",
          "name": "Pedro Hernandez",
          "team_id": "BAL",
          "value": 227.0
        }
      ],
      "wins": [
        {
          "player_id": "P4100",
          "name": "Mel Deckard",
          "team_id": "SEA",
          "value": 17.0
        },
        {
          "player_id": "P9732",
          "name": "Emmett Ritzert",
          "team_id": "SEA",
          "value": 17.0
        },
        {
          "player_id": "P5362",
          "name": "Antonio Garcia",
          "team_id": "BAL",
          "value": 17.0
        }
      ],
      "saves": [
        {
          "player_id": "P1955",
          "name": "Tyrone Scott",
          "team_id": "ELP",
          "value": 50.0
        },
        {
          "player_id": "P4967",
          "name": "Ricardo Guerrero",
          "team_id": "OKL",
          "value": 50.0
        },
        {
          "player_id": "P9188",
          "name": "Juan Ortiz",
          "team_id": "POR",
          "value": 44.0
        }
      ]
    }
  },
  "year": 2030,
  "season_id": "nexgen-long-run-2030",
  "champion": "BAL",
  "runner_up": "SEA"
}