{
  "metrics": {
    "pitches_per_pa": 3.840130950757059,
    "avg": 0.25111672665084106,
    "obp": 0.32156687518617816,
    "slg": 0.40892615565255125,
    "ops": 0.7304930308387294,
    "iso": 0.1578094290017102,
    "babip": 0.30701252236135956,
    "k_pct": 0.23276724412313007,
    "bb_pct": 0.08211703723912153,
    "k_minus_bb_pct": 0.15065020688400854,
    "swing_pct": 0.4878220611916264,
    "z_swing_pct": 0.6431874632804183,
    "o_swing_pct": 0.3268399703459042,
    "contact_pct": 0.7893967159795628,
    "z_contact_pct": 0.8632191080843983,
    "o_contact_pct": 0.6388699356409169,
    "first_pitch_strike_pct": 0.626938116673487,
    "zone_pct": 0.5088774036184522,
    "pitches_put_in_play_pct": 0.17240634176375863,
    "bip_gb_pct": 0.4205827309719623,
    "bip_ld_pct": 0.22061020208437065,
    "bip_fb_pct": 0.35880706694366704,
    "hr_per_fb_pct": 0.10738083034341363,
    "sb_pct": 0.7405891980360065,
    "sba_per_pa": 0.055563133724366845,
    "bip_double_play_pct": 0.025359270641965557,
    "called_third_strike_share_of_so": 0.21380084973384772
  },
  "mlb_deltas": {
    "pitches_per_pa": -0.01986904924294075,
    "avg": 0.0061167266508410645,
    "obp": 0.008566875186178158,
    "slg": 0.016926155652551234,
    "ops": 0.025493030838729447,
    "iso": -0.007190570998289819,
    "babip": 0.016012522361359582,
    "k_pct": 0.012767244123130073,
    "bb_pct": 0.0021170372391215303,
    "k_minus_bb_pct": 0.010650206884008528,
    "swing_pct": 0.017822061191626437,
    "z_swing_pct": -0.006812536719581708,
    "o_swing_pct": 0.006839970345904167,
    "contact_pct": 0.029396715979562837,
    "z_contact_pct": 0.04321910808439833,
    "o_contact_pct": 0.01886993564091688,
    "first_pitch_strike_pct": 0.026938116673487,
    "zone_pct": 0.01887740361845225,
    "pitches_put_in_play_pct": -0.0025936582362413585,
    "bip_gb_pct": -0.019417269028037698,
    "bip_ld_pct": 0.010610202084370662,
    "bip_fb_pct": 0.008807066943667063,
    "hr_per_fb_pct": -0.002619169656586373,
    "sb_pct": -0.03941080196399349,
    "sba_per_pa": 0.005563133724366842,
    "bip_double_play_pct": -0.0026407293580344438,
    "called_third_strike_share_of_so": -0.01619915026615229
  },
  "flags": [
    {
      "metric": "babip",
      "delta": 0.016012522361359582,
      "tolerance": 0.015
    }
  ],
  "leaders": {
    "batting": {
      "avg": [
        {
          "player_id": "P3495",
          "name": "Edwin Eapen",
          "team_id": "SAN1",
          "value": 0.34294385432473445
        },
        {
          "player_id": "P2121",
          "name": "Hector Castillo",
          "team_id": "POR",
          "value": 0.34185303514376997
        },
        {
          "player_id": "P8441",
          "name": "Antonio Diaz",
          "team_id": "LAS",
          "value": 0.3282674772036474
        }
      ],
      "hr": [
        {
          "player_id": "P10148",
          "name": "Chet Depeyster",
          "team_id": "SAN1",
          "value": 50.0
        },
        {
          "player_id": "P10193",
          "name": "Kurt Vangompel",
          "team_id": "LAS",
          "value": 50.0
        },
        {
          "player_id": "P3495",
          "name": "Edwin Eapen",
          "team_id": "SAN1",
          "value": 49.0
        }
      ],
      "rbi": [
        {
          "player_id": "P2121",
          "name": "Hector Castillo",
          "team_id": "POR",
          "value": 142.0
        },
        {
          "player_id": "P9268",
          "name": "Deshawn Walker",
          "team_id": "POR",
          "value": 127.0
        },
        {
          "player_id": "P7429",
          "name": "Tyrone Young",
          "team_id": "OKL",
          "value": 126.0
        }
      ],
      "sb": [
        {
          "player_id": "P4005",
          "name": "Sung Kim",
          "team_id": "IND",
          "value": 68.0
        },
        {
          "player_id": "P6984",
          "name": "Parker Bressman",
          "team_id": "CHI",
          "value": 66.0
        },
        {
          "player_id": "P10145",
          "name": "Brent Iwanski",
          "team_id": "ALB",
          "value": 63.0
        }
      ],
      "ops": [
        {
          "player_id": "P3495",
          "name": "Edwin Eapen",
          "team_id": "SAN1",
          "value": 1.0960378574647056
        },
        {
          "player_id": "P2121",
          "name": "Hector Castillo",
          "team_id": "POR",
          "value": 1.0732253681465977
        },
        {
          "player_id": "P8441",
          "name": "Antonio Diaz",
          "team_id": "LAS",
          "value": 1.0133364318001405
        }
      ]
    },
    "pitching": {
      "era": [
        {
          "player_id": "P3921",
          "name": "Bo Barcroft",
          "team_id": "LOU",
          "value": 2.3241758241758244
        },
        {
          "player_id": "D20370164",
          "name": "Wm Bisson",
          "team_id": "MEM",
          "value": 2.742857142857143
        },
        {
          "player_id": "D20340167",
          "name": "Cruz Krammer",
          "team_id": "POR",
          "value": 2.8069306930693068
        }
      ],
      "so": [
        {
          "player_id": "D20300030",
          "name": "Leroy Gaines",
          "team_id": "LAS",
          "value": 252.0
        },
        {
          "player_id": "D20370164",
          "name": "Wm Bisson",
          "team_id": "MEM",
          "value": 232.0
        },
        {
          "player_id": "P10140",
          "name": "Trevor Kientzy",
          "team_id": "CHI",
          "value": 230.0
        }
      ],
      "wins": [
        {
          "player_id": "D20340167",
          "name": "Cruz Krammer",
          "team_id": "POR",
          "value": 22.0
        },
        {
          "player_id": "D20300030",
          "name": "Leroy Gaines",
          "team_id": "LAS",
          "value": 21.0
        },
        {
          "player_id": "P6918",
          "name": "Jermaine King",
          "team_id": "LOU",
          "value": 17.0
        }
      ],
      "saves": [
        {
          "player_id": "P8834",
          "name": "Lynn Dukette",
          "team_id": "CHI",
          "value": 27.0
        },
        {
          "player_id": "D20280090",
          "name": "Emory Flom",
          "team_id": "LOU",
          "value": 24.0
        },
        {
          "player_id": "D20380112",
          "name": "Malik Harris",
          "team_id": "MEM",
          "value": 24.0
        }
      ]
    }
  },
  "year": 2050,
  "season_id": "nexgen-long-run-2050",
  "champion": "POR",
  "runner_up": "LAS"
}