{
  "metrics": {
    "pitches_per_pa": 3.843905777676382,
    "avg": 0.24966023027412365,
    "obp": 0.3208765700233277,
    "slg": 0.41539092750724416,
    "ops": 0.7362674975305719,
    "iso": 0.1657306972331205,
    "babip": 0.29887187895421574,
    "k_pct": 0.22536930359892773,
    "bb_pct": 0.08322591684252552,
    "k_minus_bb_pct": 0.1421433867564022,
    "swing_pct": 0.48842054033521676,
    "z_swing_pct": 0.6453819973496325,
    "o_swing_pct": 0.32613668600124335,
    "contact_pct": 0.8020913078876697,
    "z_contact_pct": 0.8733265793472755,
    "o_contact_pct": 0.6563460043676204,
    "first_pitch_strike_pct": 0.627650715793076,
    "zone_pct": 0.508335905227672,
    "pitches_put_in_play_pct": 0.17412219267841034,
    "bip_gb_pct": 0.42411589262888794,
    "bip_ld_pct": 0.21385598636557307,
    "bip_fb_pct": 0.362028121005539,
    "hr_per_fb_pct": 0.11284664216505179,
    "sb_pct": 0.7412021857923498,
    "sba_per_pa": 0.052187303941139566,
    "bip_double_play_pct": 0.02443971026842778,
    "called_third_strike_share_of_so": 0.22953889760591184
  },
  "mlb_deltas": {
    "pitches_per_pa": -0.016094222323618013,
    "avg": 0.004660230274123656,
    "obp": 0.0078765700233277,
    "slg": 0.02339092750724414,
    "ops": 0.0312674975305719,
    "iso": 0.0007306972331204975,
    "babip": 0.00787187895421576,
    "k_pct": 0.005369303598927733,
    "bb_pct": 0.003225916842525517,
    "k_minus_bb_pct": 0.002143386756402188,
    "swing_pct": 0.018420540335216784,
    "z_swing_pct": -0.004618002650367492,
    "o_swing_pct": 0.006136686001243341,
    "contact_pct": 0.04209130788766968,
    "z_contact_pct": 0.05332657934727558,
    "o_contact_pct": 0.036346004367620366,
    "first_pitch_strike_pct": 0.027650715793075986,
    "zone_pct": 0.018335905227672034,
    "pitches_put_in_play_pct": -0.000877807321589652,
    "bip_gb_pct": -0.015884107371112066,
    "bip_ld_pct": 0.0038559863655730775,
    "bip_fb_pct": 0.012028121005539016,
    "hr_per_fb_pct": 0.002846642165051788,
    "sb_pct": -0.03879781420765027,
    "sba_per_pa": 0.0021873039411395637,
    "bip_double_play_pct": -0.0035602897315722207,
    "called_third_strike_share_of_so": -0.0004611023940881698
  },
  "flags": [],
  "leaders": {
    "batting": {
      "avg": [
        {
          "player_id": "P5072",
          "name": "Tyrone Jefferson",
          "team_id": "ELP",
          "value": 0.3596358118361153
        },
        {
          "player_id": "P6106",
          "name": "Fernando Vasquez",
          "team_id": "PHI",
          "value": 0.3508005822416303
        },
        {
          "player_id": "P9346",
          "name": "Millard Kappe",
          "team_id": "BAL",
          "value": 0.34822804314329736
        }
      ],
      "hr": [
        {
          "player_id": "P6106",
          "name": "Fernando Vasquez",
          "team_id": "PHI",
          "value": 69.0
        },
        {
          "player_id": "P5072",
          "name": "Tyrone Jefferson",
          "team_id": "ELP",
          "value": 59.0
        },
        {
          "player_id": "P3495",
          "name": "Edwin Eapen",
          "team_id": "SEA",
          "value": 55.0
        }
      ],
      "rbi": [
        {
          "player_id": "P5072",
          "name": "Tyrone Jefferson",
          "team_id": "ELP",
          "value": 154.0
        },
        {
          "player_id": "P7397",
          "name": "Xavier Green",
          "team_id": "ELP",
          "value": 154.0
        },
        {
          "player_id": "P6106",
          "name": "Fernando Vasquez",
          "team_id": "PHI",
          "value": 143.0
        }
      ],
      "sb": [
        {
          "player_id": "P9282",
          "name": "Dylan Hoylton",
          "team_id": "LAS",
          "value": 62.0
        },
        {
          "player_id": "P4005",
          "name": "Sung Kim",
          "team_id": "ELP",
          "value": 56.0
        },
        {
          "player_id": "P8599",
          "name": "Hector Ortiz",
          "team_id": "ALB",
          "value": 56.0
        }
      ],
      "ops": [
        {
          "player_id": "P6106",
          "name": "Fernando Vasquez",
          "team_id": "PHI",
          "value": 1.163238311043803
        },
        {
          "player_id": "P5072",
          "name": "Tyrone Jefferson",
          "team_id": "ELP",
          "value": 1.1347235005845917
        },
        {
          "player_id": "P9346",
          "name": "Millard Kappe",
          "team_id": "BAL",
          "value": 1.1097009528002264
        }
      ]
    },
    "pitching": {
      "era": [
        {
          "player_id": "P8834",
          "name": "Lynn Dukette",
          "team_id": "POR",
          "value": 2.4923076923076923
        },
        {
          "player_id": "P6668",
          "name": "Rufus Young",
          "team_id": "CHI",
          "value": 2.5
        },
        {
          "player_id": "P5564",
          "name": "Roberto Hernandez",
          "team_id": "IND",
          "value": 2.6445497630331753
        }
      ],
      "so": [
        {
          "player_id": "P1437",
          "name": "Francisco Flores",
          "team_id": "PHI",
          "value": 233.0
        },
        {
          "player_id": "P3155",
          "name": "Fernando Ortiz",
          "team_id": "POR",
          "value": 232.0
        },
        {
          "player_id": "P9247",
          "name": "Xavier Washington",
          "team_id": "LAS",
          "value": 224.0
        }
      ],
      "wins": [
        {
          "player_id": "P4100",
          "name": "Mel Deckard",
          "team_id": "SEA",
          "value": 18.0
        },
        {
          "player_id": "P6668",
          "name": "Rufus Young",
          "team_id": "CHI",
          "value": 18.0
        },
        {
          "player_id": "P5564",
          "name": "Roberto Hernandez",
          "team_id": "IND",
          "value": 16.0
        }
      ],
      "saves": [
        {
          "player_id": "P1955",
          "name": "Tyrone Scott",
          "team_id": "ELP",
          "value": 38.0
        },
        {
          "player_id": "P7927",
          "name": "Terrence Aucter",
          "team_id": "ALB",
          "value": 38.0
        },
        {
          "player_id": "P5746",
          "name": "Jamal Wright",
          "team_id": "PHI",
          "value": 31.0
        }
      ]
    }
  },
  "year": 2039,
  "season_id": "nexgen-long-run-2039",
  "champion": "ELP",
  "runner_up": "BAL"
}