{
  "metrics": {
    "pitches_per_pa": 3.844488345425026,
    "avg": 0.2548556396930189,
    "obp": 0.32615008231205417,
    "slg": 0.4375758194889607,
    "ops": 0.7637259018010149,
    "iso": 0.1827201797959418,
    "babip": 0.2994881750794211,
    "k_pct": 0.21858146848780044,
    "bb_pct": 0.0841195771881422,
    "k_minus_bb_pct": 0.13446189129965824,
    "swing_pct": 0.487249380557631,
    "z_swing_pct": 0.6440606351760423,
    "o_swing_pct": 0.3238844669561023,
    "contact_pct": 0.810368026765583,
    "z_contact_pct": 0.880125814423725,
    "o_contact_pct": 0.6658537039450413,
    "first_pitch_strike_pct": 0.6289383153377158,
    "zone_pct": 0.5102344578291904,
    "pitches_put_in_play_pct": 0.17576511099757539,
    "bip_gb_pct": 0.4225418374890786,
    "bip_ld_pct": 0.2173701189596075,
    "bip_fb_pct": 0.3600880435513139,
    "hr_per_fb_pct": 0.1223996723996724,
    "sb_pct": 0.7919146316437513,
    "sba_per_pa": 0.05532658923441988,
    "bip_double_play_pct": 0.024430405269171316,
    "called_third_strike_share_of_so": 0.23420943278620404
  },
  "mlb_deltas": {
    "pitches_per_pa": -0.015511654574973832,
    "avg": 0.009855639693018892,
    "obp": 0.013150082312054168,
    "slg": 0.04557581948896067,
    "ops": 0.05872590180101489,
    "iso": 0.017720179795941787,
    "babip": 0.008488175079421123,
    "k_pct": -0.0014185315121995612,
    "bb_pct": 0.0041195771881421955,
    "k_minus_bb_pct": -0.005538108700341771,
    "swing_pct": 0.017249380557631033,
    "z_swing_pct": -0.005939364823957738,
    "o_swing_pct": 0.0038844669561022838,
    "contact_pct": 0.05036802676558294,
    "z_contact_pct": 0.060125814423725,
    "o_contact_pct": 0.04585370394504129,
    "first_pitch_strike_pct": 0.028938315337715848,
    "zone_pct": 0.020234457829190422,
    "pitches_put_in_play_pct": 0.0007651109975753967,
    "bip_gb_pct": -0.017458162510921416,
    "bip_ld_pct": 0.007370118959607513,
    "bip_fb_pct": 0.01008804355131393,
    "hr_per_fb_pct": 0.012399672399672393,
    "sb_pct": 0.011914631643751283,
    "sba_per_pa": 0.005326589234419879,
    "bip_double_play_pct": -0.0035695947308286846,
    "called_third_strike_share_of_so": 0.0042094327862040315
  },
  "flags": [],
  "leaders": {
    "batting": {
      "avg": [
        {
          "player_id": "P9268",
          "name": "Deshawn Walker",
          "team_id": "OKL",
          "value": 0.36930091185410335
        },
        {
          "player_id": "P9786",
          "name": "Jose Garcia",
          "team_id": "ELP",
          "value": 0.3480314960629921
        },
        {
          "player_id": "P2959",
          "name": "Raul Lopez",
          "team_id": "OKL",
          "value": 0.34676258992805753
        }
      ],
      "hr": [
        {
          "player_id": "P6106",
          "name": "Fernando Vasquez",
          "team_id": "PHI",
          "value": 60.0
        },
        {
          "player_id": "P6408",
          "name": "Ricardo Lopez",
          "team_id": "OKL",
          "value": 58.0
        },
        {
          "player_id": "P9786",
          "name": "Jose Garcia",
          "team_id": "ELP",
          "value": 54.0
        }
      ],
      "rbi": [
        {
          "player_id": "P6408",
          "name": "Ricardo Lopez",
          "team_id": "OKL",
          "value": 140.0
        },
        {
          "player_id": "P8906",
          "name": "David Thurgood",
          "team_id": "BAL",
          "value": 139.0
        },
        {
          "player_id": "P5072",
          "name": "Tyrone Jefferson",
          "team_id": "ELP",
          "value": 138.0
        }
      ],
      "sb": [
        {
          "player_id": "P9282",
          "name": "Dylan Hoylton",
          "team_id": "LAS",
          "value": 67.0
        },
        {
          "player_id": "P2037",
          "name": "Yong Chen",
          "team_id": "POR",
          "value": 58.0
        },
        {
          "player_id": "P6984",
          "name": "Parker Bressman",
          "team_id": "SAN",
          "value": 58.0
        }
      ],
      "ops": [
        {
          "player_id": "P9786",
          "name": "Jose Garcia",
          "team_id": "ELP",
          "value": 1.1277340332458443
        },
        {
          "player_id": "P9268",
          "name": "Deshawn Walker",
          "team_id": "OKL",
          "value": 1.127129713299926
        },
        {
          "player_id": "P6408",
          "name": "Ricardo Lopez",
          "team_id": "OKL",
          "value": 1.0761996814628394
        }
      ]
    },
    "pitching": {
      "era": [
        {
          "player_id": "P6668",
          "name": "Rufus Young",
          "team_id": "CHI",
          "value": 2.649746192893401
        },
        {
          "player_id": "P3326",
          "name": "Pedro Ramos",
          "team_id": "ALB",
          "value": 2.854026845637584
        },
        {
          "player_id": "P5609",
          "name": "Jordon Hazelton",
          "team_id": "MEM",
          "value": 2.9232283464566926
        }
      ],
      "so": [
        {
          "player_id": "P5266",
          "name": "Billy Sartell",
          "team_id": "CHI",
          "value": 231.0
        },
        {
          "player_id": "P9423",
          "name": "Rafael Vasquez",
          "team_id": "BAL",
          "value": 216.0
        },
        {
          "player_id": "P6668",
          "name": "Rufus Young",
          "team_id": "CHI",
          "value": 215.0
        }
      ],
      "wins": [
        {
          "player_id": "P2372",
          "name": "Cordell Terzo",
          "team_id": "OKL",
          "value": 18.0
        },
        {
          "player_id": "P7987",
          "name": "Marcellus Aubin",
          "team_id": "ELP",
          "value": 16.0
        },
        {
          "player_id": "P9732",
          "name": "Emmett Ritzert",
          "team_id": "SEA",
          "value": 16.0
        }
      ],
      "saves": [
        {
          "player_id": "P5236",
          "name": "Basil Gaver",
          "team_id": "SAN",
          "value": 49.0
        },
        {
          "player_id": "P1722",
          "name": "Carlos Ortiz",
          "team_id": "LOU",
          "value": 47.0
        },
        {
          "player_id": "P4967",
          "name": "Ricardo Guerrero",
          "team_id": "OKL",
          "value": 47.0
        }
      ]
    }
  },
  "year": 2026,
  "season_id": "nexgen-long-run-2026",
  "champion": "LOU",
  "runner_up": "OKL"
}