{
  "metrics": {
    "pitches_per_pa": 3.8500592492032997,
    "avg": 0.24589739942324354,
    "obp": 0.318092303415041,
    "slg": 0.39584114627112726,
    "ops": 0.7139334496861682,
    "iso": 0.14994374684788372,
    "babip": 0.30330193825230006,
    "k_pct": 0.2363985688153611,
    "bb_pct": 0.0834781008041785,
    "k_minus_bb_pct": 0.15292046801118256,
    "swing_pct": 0.48814137713618067,
    "z_swing_pct": 0.6436407177193569,
    "o_swing_pct": 0.3268727401112748,
    "contact_pct": 0.7854453742416915,
    "z_contact_pct": 0.8583426804913413,
    "o_contact_pct": 0.6365786435248985,
    "first_pitch_strike_pct": 0.6290424638464813,
    "zone_pct": 0.5091065019976034,
    "pitches_put_in_play_pct": 0.1708944542224586,
    "bip_gb_pct": 0.42517922713761147,
    "bip_ld_pct": 0.21816751180276273,
    "bip_fb_pct": 0.3566532610596258,
    "hr_per_fb_pct": 0.10267916061765871,
    "sb_pct": 0.7323484683901803,
    "sba_per_pa": 0.05295613258015899,
    "bip_double_play_pct": 0.026980241300926737,
    "called_third_strike_share_of_so": 0.21573875802997858
  },
  "mlb_deltas": {
    "pitches_per_pa": -0.009940750796700204,
    "avg": 0.0008973994232435445,
    "obp": 0.005092303415041022,
    "slg": 0.0038411462711272493,
    "ops": 0.008933449686168271,
    "iso": -0.015056253152116283,
    "babip": 0.012301938252300082,
    "k_pct": 0.016398568815361086,
    "bb_pct": 0.0034781008041784994,
    "k_minus_bb_pct": 0.012920468011182545,
    "swing_pct": 0.018141377136180692,
    "z_swing_pct": -0.006359282280643086,
    "o_swing_pct": 0.006872740111274811,
    "contact_pct": 0.025445374241691465,
    "z_contact_pct": 0.038342680491341374,
    "o_contact_pct": 0.016578643524898462,
    "first_pitch_strike_pct": 0.029042463846481348,
    "zone_pct": 0.019106501997603442,
    "pitches_put_in_play_pct": -0.004105545777541381,
    "bip_gb_pct": -0.014820772862388532,
    "bip_ld_pct": 0.008167511802762734,
    "bip_fb_pct": 0.006653261059625826,
    "hr_per_fb_pct": -0.007320839382341293,
    "sb_pct": -0.04765153160981972,
    "sba_per_pa": 0.0029561325801589905,
    "bip_double_play_pct": -0.0010197586990732636,
    "called_third_strike_share_of_so": -0.014261241970021432
  },
  "flags": [],
  "leaders": {
    "batting": {
      "avg": [
        {
          "player_id": "P10120",
          "name": "Dante Ashman",
          "team_id": "SAN1",
          "value": 0.3362573099415205
        },
        {
          "player_id": "P2314",
          "name": "Vince Dahline",
          "team_id": "SAN1",
          "value": 0.3291731669266771
        },
        {
          "player_id": "P10142",
          "name": "Alonzo Strait",
          "team_id": "OKL",
          "value": 0.325
        }
      ],
      "hr": [
        {
          "player_id": "P10120",
          "name": "Dante Ashman",
          "team_id": "SAN1",
          "value": 53.0
        },
        {
          "player_id": "P9786",
          "name": "Jose Garcia",
          "team_id": "BAL",
          "value": 49.0
        },
        {
          "player_id": "P2592",
          "name": "Sung Li",
          "team_id": "ALB",
          "value": 46.0
        }
      ],
      "rbi": [
        {
          "player_id": "P8906",
          "name": "David Thurgood",
          "team_id": "LAS",
          "value": 133.0
        },
        {
          "player_id": "P10120",
          "name": "Dante Ashman",
          "team_id": "SAN1",
          "value": 131.0
        },
        {
          "player_id": "P9786",
          "name": "Jose Garcia",
          "team_id": "BAL",
          "value": 125.0
        }
      ],
      "sb": [
        {
          "player_id": "P9282",
          "name": "Dylan Hoylton",
          "team_id": "ELP",
          "value": 74.0
        },
        {
          "player_id": "P2357",
          "name": "Rufus Harris",
          "team_id": "PHI",
          "value": 66.0
        },
        {
          "player_id": "P10013",
          "name": "Clair Verone",
          "team_id": "CHI",
          "value": 66.0
        }
      ],
      "ops": [
        {
          "player_id": "P10120",
          "name": "Dante Ashman",
          "team_id": "SAN1",
          "value": 1.0869206370990492
        },
        {
          "player_id": "P9786",
          "name": "Jose Garcia",
          "team_id": "BAL",
          "value": 1.021272443403591
        },
        {
          "player_id": "P2314",
          "name": "Vince Dahline",
          "team_id": "SAN1",
          "value": 1.0165753879802584
        }
      ]
    },
    "pitching": {
      "era": [
        {
          "player_id": "P1179",
          "name": "Luis Delgado",
          "team_id": "SAN",
          "value": 2.2114285714285713
        },
        {
          "player_id": "P1125",
          "name": "Rafael Ortiz",
          "team_id": "BAL",
          "value": 2.3924050632911396
        },
        {
          "player_id": "D20500141",
          "name": "Roberto Sanchez",
          "team_id": "SAN",
          "value": 2.446457990115321
        }
      ],
      "so": [
        {
          "player_id": "P10140",
          "name": "Trevor Kientzy",
          "team_id": "PHI",
          "value": 255.0
        },
        {
          "player_id": "P6247",
          "name": "Tyrone Carter",
          "team_id": "LOU",
          "value": 241.0
        },
        {
          "player_id": "P1125",
          "name": "Rafael Ortiz",
          "team_id": "BAL",
          "value": 236.0
        }
      ],
      "wins": [
        {
          "player_id": "D20500112",
          "name": "Alejandro Torres",
          "team_id": "IND",
          "value": 18.0
        },
        {
          "player_id": "D20620064",
          "name": "Deshawn Robinson",
          "team_id": "ALB",
          "value": 17.0
        },
        {
          "player_id": "D20400082",
          "name": "Manuel Ramirez",
          "team_id": "SEA",
          "value": 16.0
        }
      ],
      "saves": [
        {
          "player_id": "P5431",
          "name": "Carlos Vargas",
          "team_id": "BAL",
          "value": 30.0
        },
        {
          "player_id": "P9719",
          "name": "Percy Wright",
          "team_id": "ELP",
          "value": 24.0
        },
        {
          "player_id": "P1082",
          "name": "Xavier Jefferson",
          "team_id": "SEA",
          "value": 23.0
        }
      ]
    }
  },
  "year": 2069,
  "season_id": "nexgen-long-run-2069",
  "champion": "SAN1",
  "runner_up": "MEM"
}