{
  "metrics": {
    "pitches_per_pa": 3.833126260956788,
    "avg": 0.25481899989774004,
    "obp": 0.3241642174871418,
    "slg": 0.4178469168626649,
    "ops": 0.7420111343498067,
    "iso": 0.16302791696492486,
    "babip": 0.30802259081758093,
    "k_pct": 0.22828874628124607,
    "bb_pct": 0.08186387935849358,
    "k_minus_bb_pct": 0.1464248669227525,
    "swing_pct": 0.4884859226130295,
    "z_swing_pct": 0.6442131226109624,
    "o_swing_pct": 0.3271929293540771,
    "contact_pct": 0.7962683387106593,
    "z_contact_pct": 0.8673483274512117,
    "o_contact_pct": 0.6513163980832207,
    "first_pitch_strike_pct": 0.6286489382316399,
    "zone_pct": 0.5087782945367606,
    "pitches_put_in_play_pct": 0.17432586742158412,
    "bip_gb_pct": 0.42263275506200637,
    "bip_ld_pct": 0.21999897651092576,
    "bip_fb_pct": 0.35736826842706787,
    "hr_per_fb_pct": 0.11213765044922869,
    "sb_pct": 0.7347433355364618,
    "sba_per_pa": 0.05173769819106131,
    "bip_double_play_pct": 0.025024307865513535,
    "called_third_strike_share_of_so": 0.2243359296984222
  },
  "mlb_deltas": {
    "pitches_per_pa": -0.026873739043211664,
    "avg": 0.009818999897740044,
    "obp": 0.011164217487141803,
    "slg": 0.02584691686266488,
    "ops": 0.03701113434980674,
    "iso": -0.0019720830350751506,
    "babip": 0.01702259081758095,
    "k_pct": 0.008288746281246068,
    "bb_pct": 0.0018638793584935809,
    "k_minus_bb_pct": 0.006424866922752487,
    "swing_pct": 0.018485922613029504,
    "z_swing_pct": -0.0057868773890376035,
    "o_swing_pct": 0.0071929293540771155,
    "contact_pct": 0.036268338710659265,
    "z_contact_pct": 0.04734832745121176,
    "o_contact_pct": 0.03131639808322073,
    "first_pitch_strike_pct": 0.028648938231639942,
    "zone_pct": 0.01877829453676061,
    "pitches_put_in_play_pct": -0.0006741325784158647,
    "bip_gb_pct": -0.01736724493799363,
    "bip_ld_pct": 0.009998976510925767,
    "bip_fb_pct": 0.007368268427067892,
    "hr_per_fb_pct": 0.002137650449228687,
    "sb_pct": -0.045256664463538265,
    "sba_per_pa": 0.0017376981910613085,
    "bip_double_play_pct": -0.0029756921344864656,
    "called_third_strike_share_of_so": -0.0056640703015778116
  },
  "flags": [
    {
      "metric": "babip",
      "delta": 0.01702259081758095,
      "tolerance": 0.015
    }
  ],
  "leaders": {
    "batting": {
      "avg": [
        {
          "player_id": "P8074",
          "name": "Carlos Ramirez",
          "team_id": "ALB",
          "value": 0.33487654320987653
        },
        {
          "player_id": "P5072",
          "name": "Tyrone Jefferson",
          "team_id": "BAL",
          "value": 0.33125
        },
        {
          "player_id": "P10101",
          "name": "Alejandro Vargas",
          "team_id": "OKL",
          "value": 0.3293233082706767
        }
      ],
      "hr": [
        {
          "player_id": "P6106",
          "name": "Fernando Vasquez",
          "team_id": "LAS",
          "value": 58.0
        },
        {
          "player_id": "P10101",
          "name": "Alejandro Vargas",
          "team_id": "OKL",
          "value": 55.0
        },
        {
          "player_id": "P7397",
          "name": "Xavier Green",
          "team_id": "MEM",
          "value": 52.0
        }
      ],
      "rbi": [
        {
          "player_id": "P10101",
          "name": "Alejandro Vargas",
          "team_id": "OKL",
          "value": 144.0
        },
        {
          "player_id": "P8329",
          "name": "Yong Kim",
          "team_id": "SAN",
          "value": 136.0
        },
        {
          "player_id": "P7397",
          "name": "Xavier Green",
          "team_id": "MEM",
          "value": 136.0
        }
      ],
      "sb": [
        {
          "player_id": "P10134",
          "name": "Granville Lis",
          "team_id": "PHI",
          "value": 71.0
        },
        {
          "player_id": "P8699",
          "name": "Wm Decaprio",
          "team_id": "OKL",
          "value": 66.0
        },
        {
          "player_id": "P2357",
          "name": "Rufus Harris",
          "team_id": "BAL",
          "value": 54.0
        }
      ],
      "ops": [
        {
          "player_id": "P10101",
          "name": "Alejandro Vargas",
          "team_id": "OKL",
          "value": 1.0468313641245972
        },
        {
          "player_id": "P8329",
          "name": "Yong Kim",
          "team_id": "SAN",
          "value": 1.0462241081090293
        },
        {
          "player_id": "P2592",
          "name": "Sung Li",
          "team_id": "SEA",
          "value": 1.0431289414615028
        }
      ]
    },
    "pitching": {
      "era": [
        {
          "player_id": "P10168",
          "name": "Quintin Domingus",
          "team_id": "MEM",
          "value": 2.820205479452055
        },
        {
          "player_id": "P10003",
          "name": "Val Buonocore",
          "team_id": "MEM",
          "value": 2.860594795539033
        },
        {
          "player_id": "D20540101",
          "name": "Margarito Waggy",
          "team_id": "ALB",
          "value": 2.9098939929328624
        }
      ],
      "so": [
        {
          "player_id": "D20550086",
          "name": "Juan Vasquez",
          "team_id": "POR",
          "value": 239.0
        },
        {
          "player_id": "D20440140",
          "name": "Abdul Koepf",
          "team_id": "CHI",
          "value": 222.0
        },
        {
          "player_id": "P5192",
          "name": "Hector Diaz",
          "team_id": "SEA",
          "value": 220.0
        }
      ],
      "wins": [
        {
          "player_id": "D20580014",
          "name": "Jose Vargas",
          "team_id": "LAS",
          "value": 17.0
        },
        {
          "player_id": "D20440140",
          "name": "Abdul Koepf",
          "team_id": "CHI",
          "value": 16.0
        },
        {
          "player_id": "D20570108",
          "name": "Spencer Biller",
          "team_id": "SAN1",
          "value": 16.0
        }
      ],
      "saves": [
        {
          "player_id": "P10083",
          "name": "Raul Perez",
          "team_id": "SAN1",
          "value": 25.0
        },
        {
          "player_id": "P1021",
          "name": "Jose Diaz",
          "team_id": "LOU",
          "value": 24.0
        },
        {
          "player_id": "P10116",
          "name": "Fernando Guerrero",
          "team_id": "MEM",
          "value": 22.0
        }
      ]
    }
  },
  "year": 2073,
  "season_id": "nexgen-long-run-2073",
  "champion": "SAN",
  "runner_up": "LOU"
}