{
  "metrics": {
    "pitches_per_pa": 3.8452705088916486,
    "avg": 0.2518046383044079,
    "obp": 0.32285334128604526,
    "slg": 0.4284032150719296,
    "ops": 0.7512565563579748,
    "iso": 0.17659857676752166,
    "babip": 0.29722979914272557,
    "k_pct": 0.22053110652889643,
    "bb_pct": 0.08340263616582554,
    "k_minus_bb_pct": 0.13712847036307088,
    "swing_pct": 0.48934329578649854,
    "z_swing_pct": 0.6457888645259601,
    "o_swing_pct": 0.32690809616116234,
    "contact_pct": 0.8066961312587032,
    "z_contact_pct": 0.8772819381276175,
    "o_contact_pct": 0.6619192758843632,
    "first_pitch_strike_pct": 0.628692511876417,
    "zone_pct": 0.5093916464711703,
    "pitches_put_in_play_pct": 0.17542825315375637,
    "bip_gb_pct": 0.42406228362015097,
    "bip_ld_pct": 0.22037390437910595,
    "bip_fb_pct": 0.3555638120007431,
    "hr_per_fb_pct": 0.1208084519981626,
    "sb_pct": 0.7746894082964835,
    "sba_per_pa": 0.05410177832966883,
    "bip_double_play_pct": 0.0255349332072349,
    "called_third_strike_share_of_so": 0.2346833350552743
  },
  "mlb_deltas": {
    "pitches_per_pa": -0.014729491108351311,
    "avg": 0.006804638304407917,
    "obp": 0.009853341286045258,
    "slg": 0.03640321507192956,
    "ops": 0.046256556357974876,
    "iso": 0.011598576767521657,
    "babip": 0.006229799142725589,
    "k_pct": 0.0005311065288964301,
    "bb_pct": 0.0034026361658255344,
    "k_minus_bb_pct": -0.002871529636929132,
    "swing_pct": 0.01934329578649857,
    "z_swing_pct": -0.004211135474039951,
    "o_swing_pct": 0.006908096161162336,
    "contact_pct": 0.0466961312587032,
    "z_contact_pct": 0.057281938127617504,
    "o_contact_pct": 0.04191927588436317,
    "first_pitch_strike_pct": 0.02869251187641697,
    "zone_pct": 0.01939164647117031,
    "pitches_put_in_play_pct": 0.00042825315375638606,
    "bip_gb_pct": -0.015937716379849032,
    "bip_ld_pct": 0.010373904379105958,
    "bip_fb_pct": 0.005563812000743129,
    "hr_per_fb_pct": 0.010808451998162605,
    "sb_pct": -0.005310591703516554,
    "sba_per_pa": 0.004101778329668827,
    "bip_double_play_pct": -0.002465066792765102,
    "called_third_strike_share_of_so": 0.004683335055274296
  },
  "flags": [],
  "leaders": {
    "batting": {
      "avg": [
        {
          "player_id": "P2592",
          "name": "Sung Li",
          "team_id": "ELP",
          "value": 0.35877862595419846
        },
        {
          "player_id": "P6106",
          "name": "Fernando Vasquez",
          "team_id": "PHI",
          "value": 0.34497816593886466
        },
        {
          "player_id": "P2959",
          "name": "Raul Lopez",
          "team_id": "OKL",
          "value": 0.34202898550724636
        }
      ],
      "hr": [
        {
          "player_id": "P6106",
          "name": "Fernando Vasquez",
          "team_id": "PHI",
          "value": 75.0
        },
        {
          "player_id": "P9786",
          "name": "Jose Garcia",
          "team_id": "ELP",
          "value": 65.0
        },
        {
          "player_id": "P2592",
          "name": "Sung Li",
          "team_id": "ELP",
          "value": 56.0
        }
      ],
      "rbi": [
        {
          "player_id": "P9786",
          "name": "Jose Garcia",
          "team_id": "ELP",
          "value": 150.0
        },
        {
          "player_id": "P6106",
          "name": "Fernando Vasquez",
          "team_id": "PHI",
          "value": 150.0
        },
        {
          "player_id": "P2592",
          "name": "Sung Li",
          "team_id": "ELP",
          "value": 148.0
        }
      ],
      "sb": [
        {
          "player_id": "P2037",
          "name": "Yong Chen",
          "team_id": "POR",
          "value": 71.0
        },
        {
          "player_id": "P2357",
          "name": "Rufus Harris",
          "team_id": "IND",
          "value": 67.0
        },
        {
          "player_id": "P6969",
          "name": "Sung Tran",
          "team_id": "PHI",
          "value": 64.0
        }
      ],
      "ops": [
        {
          "player_id": "P6106",
          "name": "Fernando Vasquez",
          "team_id": "PHI",
          "value": 1.1836801095984244
        },
        {
          "player_id": "P9786",
          "name": "Jose Garcia",
          "team_id": "ELP",
          "value": 1.1314260253248503
        },
        {
          "player_id": "P2592",
          "name": "Sung Li",
          "team_id": "ELP",
          "value": 1.1225560888964075
        }
      ]
    },
    "pitching": {
      "era": [
        {
          "player_id": "P9732",
          "name": "Emmett Ritzert",
          "team_id": "SEA",
          "value": 2.7247706422018347
        },
        {
          "player_id": "P1179",
          "name": "Luis Delgado",
          "team_id": "PHI",
          "value": 2.756143667296786
        },
        {
          "player_id": "P3959",
          "name": "Rubin Ridep",
          "team_id": "LOU",
          "value": 3.074733096085409
        }
      ],
      "so": [
        {
          "player_id": "P9732",
          "name": "Emmett Ritzert",
          "team_id": "SEA",
          "value": 275.0
        },
        {
          "player_id": "P2534",
          "name": "Pedro Hernandez",
          "team_id": "BAL",
          "value": 246.0
        },
        {
          "player_id": "P5266",
          "name": "Billy Sartell",
          "team_id": "CHI",
          "value": 245.0
        }
      ],
      "wins": [
        {
          "player_id": "P9732",
          "name": "Emmett Ritzert",
          "team_id": "SEA",
          "value": 20.0
        },
        {
          "player_id": "P8834",
          "name": "Lynn Dukette",
          "team_id": "OKL",
          "value": 18.0
        },
        {
          "player_id": "P4704",
          "name": "Sung Chen",
          "team_id": "LOU",
          "value": 16.0
        }
      ],
      "saves": [
        {
          "player_id": "P5236",
          "name": "Basil Gaver",
          "team_id": "SAN",
          "value": 49.0
        },
        {
          "player_id": "P6581",
          "name": "Albert Bertagnolli",
          "team_id": "SEA",
          "value": 47.0
        },
        {
          "player_id": "P8411",
          "name": "Hector Rivera",
          "team_id": "LAS",
          "value": 45.0
        }
      ]
    }
  },
  "year": 2032,
  "season_id": "nexgen-long-run-2032",
  "champion": "SEA",
  "runner_up": "BAL"
}