{
  "metrics": {
    "pitches_per_pa": 3.8277319517349513,
    "avg": 0.2539923275938978,
    "obp": 0.32347893737272043,
    "slg": 0.4181333877114054,
    "ops": 0.7416123250841258,
    "iso": 0.16414106011750762,
    "babip": 0.30416629965647846,
    "k_pct": 0.2230667848296862,
    "bb_pct": 0.08270275183493535,
    "k_minus_bb_pct": 0.14036403299475084,
    "swing_pct": 0.48901731701959666,
    "z_swing_pct": 0.645016582300576,
    "o_swing_pct": 0.3265464417296878,
    "contact_pct": 0.8044031150794855,
    "z_contact_pct": 0.8756708972658963,
    "o_contact_pct": 0.6577902315914489,
    "first_pitch_strike_pct": 0.6300588542731839,
    "zone_pct": 0.5101604659032218,
    "pitches_put_in_play_pct": 0.17593367646796915,
    "bip_gb_pct": 0.4253344806060299,
    "bip_ld_pct": 0.2184036037859999,
    "bip_fb_pct": 0.35626191560797016,
    "hr_per_fb_pct": 0.11198957062954708,
    "sb_pct": 0.7348936170212766,
    "sba_per_pa": 0.05340059535982912,
    "bip_double_play_pct": 0.02554368915658585,
    "called_third_strike_share_of_so": 0.23226200784393622
  },
  "mlb_deltas": {
    "pitches_per_pa": -0.03226804826504859,
    "avg": 0.008992327593897786,
    "obp": 0.010478937372720432,
    "slg": 0.026133387711405387,
    "ops": 0.03661232508412582,
    "iso": -0.0008589398824923877,
    "babip": 0.013166299656478475,
    "k_pct": 0.0030667848296861977,
    "bb_pct": 0.0027027518349353463,
    "k_minus_bb_pct": 0.0003640329947508236,
    "swing_pct": 0.01901731701959669,
    "z_swing_pct": -0.004983417699424009,
    "o_swing_pct": 0.006546441729687769,
    "contact_pct": 0.04440311507948547,
    "z_contact_pct": 0.05567089726589636,
    "o_contact_pct": 0.0377902315914489,
    "first_pitch_strike_pct": 0.030058854273183888,
    "zone_pct": 0.020160465903221847,
    "pitches_put_in_play_pct": 0.0009336764679691578,
    "bip_gb_pct": -0.014665519393970095,
    "bip_ld_pct": 0.008403603785999914,
    "bip_fb_pct": 0.006261915607970181,
    "hr_per_fb_pct": 0.001989570629547077,
    "sb_pct": -0.04510638297872338,
    "sba_per_pa": 0.003400595359829117,
    "bip_double_play_pct": -0.0024563108434141508,
    "called_third_strike_share_of_so": 0.002262007843936209
  },
  "flags": [],
  "leaders": {
    "batting": {
      "avg": [
        {
          "player_id": "P5219",
          "name": "Edgardo Craker",
          "team_id": "LOU",
          "value": 0.35912408759124087
        },
        {
          "player_id": "P2959",
          "name": "Raul Lopez",
          "team_id": "OKL",
          "value": 0.3431786216596343
        },
        {
          "player_id": "P6106",
          "name": "Fernando Vasquez",
          "team_id": "PHI",
          "value": 0.3413173652694611
        }
      ],
      "hr": [
        {
          "player_id": "P2959",
          "name": "Raul Lopez",
          "team_id": "OKL",
          "value": 59.0
        },
        {
          "player_id": "P5219",
          "name": "Edgardo Craker",
          "team_id": "LOU",
          "value": 56.0
        },
        {
          "player_id": "P6408",
          "name": "Ricardo Lopez",
          "team_id": "OKL",
          "value": 52.0
        }
      ],
      "rbi": [
        {
          "player_id": "P2592",
          "name": "Sung Li",
          "team_id": "ELP",
          "value": 149.0
        },
        {
          "player_id": "P9346",
          "name": "Millard Kappe",
          "team_id": "BAL",
          "value": 128.0
        },
        {
          "player_id": "P6408",
          "name": "Ricardo Lopez",
          "team_id": "OKL",
          "value": 126.0
        }
      ],
      "sb": [
        {
          "player_id": "P9282",
          "name": "Dylan Hoylton",
          "team_id": "LAS",
          "value": 60.0
        },
        {
          "player_id": "P4005",
          "name": "Sung Kim",
          "team_id": "ELP",
          "value": 59.0
        },
        {
          "player_id": "P8699",
          "name": "Wm Decaprio",
          "team_id": "BAL",
          "value": 58.0
        }
      ],
      "ops": [
        {
          "player_id": "P5219",
          "name": "Edgardo Craker",
          "team_id": "LOU",
          "value": 1.1256537922366703
        },
        {
          "player_id": "P6106",
          "name": "Fernando Vasquez",
          "team_id": "PHI",
          "value": 1.0887135303860365
        },
        {
          "player_id": "P2959",
          "name": "Raul Lopez",
          "team_id": "OKL",
          "value": 1.0869379792205436
        }
      ]
    },
    "pitching": {
      "era": [
        {
          "player_id": "P1892",
          "name": "Darnell Robinson",
          "team_id": "MEM",
          "value": 2.41722972972973
        },
        {
          "player_id": "P3155",
          "name": "Fernando Ortiz",
          "team_id": "POR",
          "value": 2.762376237623762
        },
        {
          "player_id": "P4704",
          "name": "Sung Chen",
          "team_id": "LOU",
          "value": 2.9139966273187183
        }
      ],
      "so": [
        {
          "player_id": "P9732",
          "name": "Emmett Ritzert",
          "team_id": "SEA",
          "value": 230.0
        },
        {
          "player_id": "P9846",
          "name": "Juan Perez",
          "team_id": "CHI",
          "value": 228.0
        },
        {
          "player_id": "P1437",
          "name": "Francisco Flores",
          "team_id": "PHI",
          "value": 224.0
        }
      ],
      "wins": [
        {
          "player_id": "P8004",
          "name": "Ricardo Rivera",
          "team_id": "SAN1",
          "value": 21.0
        },
        {
          "player_id": "P4704",
          "name": "Sung Chen",
          "team_id": "LOU",
          "value": 20.0
        },
        {
          "player_id": "P3155",
          "name": "Fernando Ortiz",
          "team_id": "POR",
          "value": 17.0
        }
      ],
      "saves": [
        {
          "player_id": "P1955",
          "name": "Tyrone Scott",
          "team_id": "ELP",
          "value": 42.0
        },
        {
          "player_id": "P3339",
          "name": "Darnell Gaines",
          "team_id": "SAN1",
          "value": 38.0
        },
        {
          "player_id": "P5746",
          "name": "Jamal Wright",
          "team_id": "PHI",
          "value": 35.0
        }
      ]
    }
  },
  "year": 2037,
  "season_id": "nexgen-long-run-2037",
  "champion": "LOU",
  "runner_up": "BAL"
}