{
  "metrics": {
    "pitches_per_pa": 3.8444477085781434,
    "avg": 0.2533818476869049,
    "obp": 0.32320209376422393,
    "slg": 0.42718409675824387,
    "ops": 0.7503861905224678,
    "iso": 0.17380224907133895,
    "babip": 0.3043640366451246,
    "k_pct": 0.22932296845340325,
    "bb_pct": 0.08299059929494712,
    "k_minus_bb_pct": 0.14633236915845613,
    "swing_pct": 0.4870021660607379,
    "z_swing_pct": 0.6419134291125791,
    "o_swing_pct": 0.3264321583978261,
    "contact_pct": 0.7977755247371788,
    "z_contact_pct": 0.8710103990500522,
    "o_contact_pct": 0.6485019619347978,
    "first_pitch_strike_pct": 0.6286382536382537,
    "zone_pct": 0.5089684319424892,
    "pitches_put_in_play_pct": 0.17339066389614666,
    "bip_gb_pct": 0.42518136822835445,
    "bip_ld_pct": 0.2179130788528036,
    "bip_fb_pct": 0.35690555291884196,
    "hr_per_fb_pct": 0.11895895225741662,
    "sb_pct": 0.7704326923076923,
    "sba_per_pa": 0.0564042303172738,
    "bip_double_play_pct": 0.02420503084954912,
    "called_third_strike_share_of_so": 0.22674418604651161
  },
  "mlb_deltas": {
    "pitches_per_pa": -0.015552291421856435,
    "avg": 0.00838184768690492,
    "obp": 0.01020209376422393,
    "slg": 0.035184096758243855,
    "ops": 0.04538619052246784,
    "iso": 0.008802249071338947,
    "babip": 0.013364036645124644,
    "k_pct": 0.009322968453403246,
    "bb_pct": 0.002990599294947119,
    "k_minus_bb_pct": 0.006332369158456114,
    "swing_pct": 0.0170021660607379,
    "z_swing_pct": -0.00808657088742093,
    "o_swing_pct": 0.006432158397826071,
    "contact_pct": 0.03777552473717882,
    "z_contact_pct": 0.051010399050052224,
    "o_contact_pct": 0.028501961934797815,
    "first_pitch_strike_pct": 0.028638253638253675,
    "zone_pct": 0.018968431942489206,
    "pitches_put_in_play_pct": -0.0016093361038533316,
    "bip_gb_pct": -0.014818631771645552,
    "bip_ld_pct": 0.007913078852803596,
    "bip_fb_pct": 0.006905552918841984,
    "hr_per_fb_pct": 0.008958952257416622,
    "sb_pct": -0.009567307692307736,
    "sba_per_pa": 0.006404230317273794,
    "bip_double_play_pct": -0.0037949691504508797,
    "called_third_strike_share_of_so": -0.0032558139534883956
  },
  "flags": [],
  "leaders": {
    "batting": {
      "avg": [
        {
          "player_id": "P9786",
          "name": "Jose Garcia",
          "team_id": "ELP",
          "value": 0.3535660091047041
        },
        {
          "player_id": "P6106",
          "name": "Fernando Vasquez",
          "team_id": "PHI",
          "value": 0.3358433734939759
        },
        {
          "player_id": "P2453",
          "name": "Fausto Joplin",
          "team_id": "SAN",
          "value": 0.32636655948553056
        }
      ],
      "hr": [
        {
          "player_id": "P9786",
          "name": "Jose Garcia",
          "team_id": "ELP",
          "value": 61.0
        },
        {
          "player_id": "P6106",
          "name": "Fernando Vasquez",
          "team_id": "PHI",
          "value": 59.0
        },
        {
          "player_id": "P2453",
          "name": "Fausto Joplin",
          "team_id": "SAN",
          "value": 56.0
        }
      ],
      "rbi": [
        {
          "player_id": "P9786",
          "name": "Jose Garcia",
          "team_id": "ELP",
          "value": 153.0
        },
        {
          "player_id": "P9346",
          "name": "Millard Kappe",
          "team_id": "BAL",
          "value": 147.0
        },
        {
          "player_id": "P6106",
          "name": "Fernando Vasquez",
          "team_id": "PHI",
          "value": 138.0
        }
      ],
      "sb": [
        {
          "player_id": "P5965",
          "name": "Josue Decker",
          "team_id": "SEA",
          "value": 65.0
        },
        {
          "player_id": "P6984",
          "name": "Parker Bressman",
          "team_id": "SAN",
          "value": 64.0
        },
        {
          "player_id": "P2037",
          "name": "Yong Chen",
          "team_id": "POR",
          "value": 55.0
        }
      ],
      "ops": [
        {
          "player_id": "P9786",
          "name": "Jose Garcia",
          "team_id": "ELP",
          "value": 1.1542300210813619
        },
        {
          "player_id": "P6106",
          "name": "Fernando Vasquez",
          "team_id": "PHI",
          "value": 1.112028889925523
        },
        {
          "player_id": "P2453",
          "name": "Fausto Joplin",
          "team_id": "SAN",
          "value": 1.0571356112814738
        }
      ]
    },
    "pitching": {
      "era": [
        {
          "player_id": "P9732",
          "name": "Emmett Ritzert",
          "team_id": "SEA",
          "value": 2.463157894736842
        },
        {
          "player_id": "P5266",
          "name": "Billy Sartell",
          "team_id": "CHI",
          "value": 2.625
        },
        {
          "player_id": "P4843",
          "name": "Isreal Touton",
          "team_id": "CHI",
          "value": 2.7570422535211265
        }
      ],
      "so": [
        {
          "player_id": "P9732",
          "name": "Emmett Ritzert",
          "team_id": "SEA",
          "value": 215.0
        },
        {
          "player_id": "P3491",
          "name": "Antonio Cruz",
          "team_id": "OKL",
          "value": 212.0
        },
        {
          "player_id": "P6500",
          "name": "Pasquale Elvsaas",
          "team_id": "POR",
          "value": 209.0
        }
      ],
      "wins": [
        {
          "player_id": "P9732",
          "name": "Emmett Ritzert",
          "team_id": "SEA",
          "value": 19.0
        },
        {
          "player_id": "P3478",
          "name": "Yong Tran",
          "team_id": "LOU",
          "value": 17.0
        },
        {
          "player_id": "P3462",
          "name": "Manuel Flores",
          "team_id": "POR",
          "value": 16.0
        }
      ],
      "saves": [
        {
          "player_id": "P6581",
          "name": "Albert Bertagnolli",
          "team_id": "SEA",
          "value": 52.0
        },
        {
          "player_id": "P1955",
          "name": "Tyrone Scott",
          "team_id": "ELP",
          "value": 47.0
        },
        {
          "player_id": "P8351",
          "name": "Juan Hernandez",
          "team_id": "BAL",
          "value": 46.0
        }
      ]
    }
  },
  "year": 2025,
  "season_id": "nexgen-long-run-2025",
  "champion": "SEA",
  "runner_up": "BAL"
}