{
  "metrics": {
    "pitches_per_pa": 3.853620200685657,
    "avg": 0.24343916902544924,
    "obp": 0.3157882665932755,
    "slg": 0.3874508498021184,
    "ops": 0.7032391163953939,
    "iso": 0.14401168077666918,
    "babip": 0.3023230647139456,
    "k_pct": 0.23900044419640315,
    "bb_pct": 0.08416952357088349,
    "k_minus_bb_pct": 0.15483092062551965,
    "swing_pct": 0.4863777693708179,
    "z_swing_pct": 0.6415355883444692,
    "o_swing_pct": 0.3251530784436623,
    "contact_pct": 0.7839490043326872,
    "z_contact_pct": 0.8567321514135122,
    "o_contact_pct": 0.634730871886121,
    "first_pitch_strike_pct": 0.6262713698333694,
    "zone_pct": 0.509587875062067,
    "pitches_put_in_play_pct": 0.1700163147565791,
    "bip_gb_pct": 0.4266740838606495,
    "bip_ld_pct": 0.2173006049648842,
    "bip_fb_pct": 0.3560253111744663,
    "hr_per_fb_pct": 0.09878987898789879,
    "sb_pct": 0.7603143418467584,
    "sba_per_pa": 0.05217599289285755,
    "bip_double_play_pct": 0.025293790417912524,
    "called_third_strike_share_of_so": 0.2145920701486847
  },
  "mlb_deltas": {
    "pitches_per_pa": -0.006379799314343071,
    "avg": -0.0015608309745507587,
    "obp": 0.0027882665932755235,
    "slg": -0.004549150197881602,
    "ops": -0.0017608836046060228,
    "iso": -0.02098831922333083,
    "babip": 0.011323064713945619,
    "k_pct": 0.01900044419640315,
    "bb_pct": 0.004169523570883488,
    "k_minus_bb_pct": 0.014830920625519634,
    "swing_pct": 0.01637776937081792,
    "z_swing_pct": -0.008464411655530801,
    "o_swing_pct": 0.005153078443662307,
    "contact_pct": 0.023949004332687207,
    "z_contact_pct": 0.03673215141351227,
    "o_contact_pct": 0.014730871886120989,
    "first_pitch_strike_pct": 0.026271369833369418,
    "zone_pct": 0.01958787506206705,
    "pitches_put_in_play_pct": -0.004983685243420882,
    "bip_gb_pct": -0.013325916139350524,
    "bip_ld_pct": 0.007300604964884216,
    "bip_fb_pct": 0.006025311174466308,
    "hr_per_fb_pct": -0.011210121012101212,
    "sb_pct": -0.019685658153241636,
    "sba_per_pa": 0.0021759928928575464,
    "bip_double_play_pct": -0.0027062095820874765,
    "called_third_strike_share_of_so": -0.01540792985131531
  },
  "flags": [],
  "leaders": {
    "batting": {
      "avg": [
        {
          "player_id": "P2592",
          "name": "Sung Li",
          "team_id": "SAN1",
          "value": 0.35103244837758113
        },
        {
          "player_id": "P9346",
          "name": "Millard Kappe",
          "team_id": "ELP",
          "value": 0.3507692307692308
        },
        {
          "player_id": "P6106",
          "name": "Fernando Vasquez",
          "team_id": "IND",
          "value": 0.336734693877551
        }
      ],
      "hr": [
        {
          "player_id": "P6106",
          "name": "Fernando Vasquez",
          "team_id": "IND",
          "value": 69.0
        },
        {
          "player_id": "P9346",
          "name": "Millard Kappe",
          "team_id": "ELP",
          "value": 50.0
        },
        {
          "player_id": "P2592",
          "name": "Sung Li",
          "team_id": "SAN1",
          "value": 45.0
        }
      ],
      "rbi": [
        {
          "player_id": "P9346",
          "name": "Millard Kappe",
          "team_id": "ELP",
          "value": 165.0
        },
        {
          "player_id": "P6106",
          "name": "Fernando Vasquez",
          "team_id": "IND",
          "value": 143.0
        },
        {
          "player_id": "P2592",
          "name": "Sung Li",
          "team_id": "SAN1",
          "value": 135.0
        }
      ],
      "sb": [
        {
          "player_id": "P4005",
          "name": "Sung Kim",
          "team_id": "ELP",
          "value": 79.0
        },
        {
          "player_id": "P2155",
          "name": "Deshawn Taylor",
          "team_id": "LOU",
          "value": 58.0
        },
        {
          "player_id": "P6969",
          "name": "Sung Tran",
          "team_id": "SAN1",
          "value": 58.0
        }
      ],
      "ops": [
        {
          "player_id": "P6106",
          "name": "Fernando Vasquez",
          "team_id": "IND",
          "value": 1.1480972840263926
        },
        {
          "player_id": "P9346",
          "name": "Millard Kappe",
          "team_id": "ELP",
          "value": 1.0614876732620886
        },
        {
          "player_id": "P2592",
          "name": "Sung Li",
          "team_id": "SAN1",
          "value": 1.046679370126606
        }
      ]
    },
    "pitching": {
      "era": [
        {
          "player_id": "D20460176",
          "name": "Raul Ortiz",
          "team_id": "SAN",
          "value": 2.3458262350936967
        },
        {
          "player_id": "D20500130",
          "name": "Alejandro Sanchez",
          "team_id": "MEM",
          "value": 2.4347826086956523
        },
        {
          "player_id": "D20540101",
          "name": "Margarito Waggy",
          "team_id": "ALB",
          "value": 2.587859424920128
        }
      ],
      "so": [
        {
          "player_id": "P10140",
          "name": "Trevor Kientzy",
          "team_id": "PHI",
          "value": 254.0
        },
        {
          "player_id": "P9247",
          "name": "Xavier Washington",
          "team_id": "SEA",
          "value": 245.0
        },
        {
          "player_id": "D20410189",
          "name": "Theron Monzo",
          "team_id": "BAL",
          "value": 228.0
        }
      ],
      "wins": [
        {
          "player_id": "D20540101",
          "name": "Margarito Waggy",
          "team_id": "ALB",
          "value": 21.0
        },
        {
          "player_id": "P10140",
          "name": "Trevor Kientzy",
          "team_id": "PHI",
          "value": 20.0
        },
        {
          "player_id": "D20460142",
          "name": "Jorge Delgado",
          "team_id": "ELP",
          "value": 20.0
        }
      ],
      "saves": [
        {
          "player_id": "P8315",
          "name": "Malik White",
          "team_id": "ALB",
          "value": 23.0
        },
        {
          "player_id": "P10187",
          "name": "Elbert Ocejo",
          "team_id": "OKL",
          "value": 23.0
        },
        {
          "player_id": "P8746",
          "name": "Luis Cruz",
          "team_id": "ALB",
          "value": 22.0
        }
      ]
    }
  },
  "year": 2067,
  "season_id": "nexgen-long-run-2067",
  "champion": "ELP",
  "runner_up": "IND"
}