{
  "metrics": {
    "pitches_per_pa": 3.8466344950035283,
    "avg": 0.2556757308300597,
    "obp": 0.3251902971386647,
    "slg": 0.42036120606091526,
    "ops": 0.74555150319958,
    "iso": 0.16468547523085558,
    "babip": 0.3070311947372144,
    "k_pct": 0.2239762354601534,
    "bb_pct": 0.08228813366415515,
    "k_minus_bb_pct": 0.14168810179599828,
    "swing_pct": 0.4894177937290849,
    "z_swing_pct": 0.6461885205430117,
    "o_swing_pct": 0.32666353077396243,
    "contact_pct": 0.8016685811015053,
    "z_contact_pct": 0.8733931428776901,
    "o_contact_pct": 0.6543715846994536,
    "first_pitch_strike_pct": 0.6274271015911316,
    "zone_pct": 0.5093631739813536,
    "pitches_put_in_play_pct": 0.1748423690649845,
    "bip_gb_pct": 0.4223414336966087,
    "bip_ld_pct": 0.21630677587490693,
    "bip_fb_pct": 0.3613517904284844,
    "hr_per_fb_pct": 0.11166118900029122,
    "sb_pct": 0.724485326325011,
    "sba_per_pa": 0.0519678586874872,
    "bip_double_play_pct": 0.02595952074730928,
    "called_third_strike_share_of_so": 0.22770465978962345
  },
  "mlb_deltas": {
    "pitches_per_pa": -0.0133655049964716,
    "avg": 0.010675730830059682,
    "obp": 0.012190297138664707,
    "slg": 0.028361206060915245,
    "ops": 0.04055150319958001,
    "iso": -0.0003145247691444253,
    "babip": 0.016031194737214427,
    "k_pct": 0.00397623546015341,
    "bb_pct": 0.0022881336641551453,
    "k_minus_bb_pct": 0.0016881017959982647,
    "swing_pct": 0.01941779372908492,
    "z_swing_pct": -0.0038114794569883426,
    "o_swing_pct": 0.006663530773962423,
    "contact_pct": 0.041668581101505286,
    "z_contact_pct": 0.05339314287769015,
    "o_contact_pct": 0.03437158469945356,
    "first_pitch_strike_pct": 0.027427101591131597,
    "zone_pct": 0.019363173981353565,
    "pitches_put_in_play_pct": -0.0001576309350155014,
    "bip_gb_pct": -0.0176585663033913,
    "bip_ld_pct": 0.006306775874906939,
    "bip_fb_pct": 0.011351790428484443,
    "hr_per_fb_pct": 0.0016611890002912189,
    "sb_pct": -0.05551467367498908,
    "sba_per_pa": 0.001967858687487195,
    "bip_double_play_pct": -0.0020404792526907203,
    "called_third_strike_share_of_so": -0.0022953402103765563
  },
  "flags": [
    {
      "metric": "babip",
      "delta": 0.016031194737214427,
      "tolerance": 0.015
    },
    {
      "metric": "sb_pct",
      "delta": -0.05551467367498908,
      "tolerance": 0.05
    }
  ],
  "leaders": {
    "batting": {
      "avg": [
        {
          "player_id": "P8329",
          "name": "Yong Kim",
          "team_id": "LOU",
          "value": 0.3651050080775444
        },
        {
          "player_id": "P3495",
          "name": "Edwin Eapen",
          "team_id": "SEA",
          "value": 0.3490427098674521
        },
        {
          "player_id": "P10101",
          "name": "Alejandro Vargas",
          "team_id": "POR",
          "value": 0.3333333333333333
        }
      ],
      "hr": [
        {
          "player_id": "P6106",
          "name": "Fernando Vasquez",
          "team_id": "PHI",
          "value": 59.0
        },
        {
          "player_id": "P5072",
          "name": "Tyrone Jefferson",
          "team_id": "ELP",
          "value": 54.0
        },
        {
          "player_id": "P2592",
          "name": "Sung Li",
          "team_id": "ELP",
          "value": 53.0
        }
      ],
      "rbi": [
        {
          "player_id": "P1481",
          "name": "Rufus Green",
          "team_id": "IND",
          "value": 140.0
        },
        {
          "player_id": "P10101",
          "name": "Alejandro Vargas",
          "team_id": "POR",
          "value": 137.0
        },
        {
          "player_id": "P2121",
          "name": "Hector Castillo",
          "team_id": "POR",
          "value": 134.0
        }
      ],
      "sb": [
        {
          "player_id": "P2357",
          "name": "Rufus Harris",
          "team_id": "IND",
          "value": 58.0
        },
        {
          "player_id": "P4264",
          "name": "Leroy Walker",
          "team_id": "BAL",
          "value": 54.0
        },
        {
          "player_id": "P6977",
          "name": "Charlie Hoitt",
          "team_id": "SAN",
          "value": 53.0
        }
      ],
      "ops": [
        {
          "player_id": "P8329",
          "name": "Yong Kim",
          "team_id": "LOU",
          "value": 1.0756877619348646
        },
        {
          "player_id": "P3495",
          "name": "Edwin Eapen",
          "team_id": "SEA",
          "value": 1.0735840781689587
        },
        {
          "player_id": "P6106",
          "name": "Fernando Vasquez",
          "team_id": "PHI",
          "value": 1.0530651076960773
        }
      ]
    },
    "pitching": {
      "era": [
        {
          "player_id": "P6247",
          "name": "Tyrone Carter",
          "team_id": "SAN1",
          "value": 2.6769230769230767
        },
        {
          "player_id": "P2534",
          "name": "Pedro Hernandez",
          "team_id": "BAL",
          "value": 2.71875
        },
        {
          "player_id": "P6184",
          "name": "Johnathan Pezzano",
          "team_id": "BAL",
          "value": 2.953125
        }
      ],
      "so": [
        {
          "player_id": "P8315",
          "name": "Malik White",
          "team_id": "OKL",
          "value": 220.0
        },
        {
          "player_id": "P10044",
          "name": "Leroy Robinson",
          "team_id": "POR",
          "value": 212.0
        },
        {
          "player_id": "P5266",
          "name": "Billy Sartell",
          "team_id": "CHI",
          "value": 210.0
        }
      ],
      "wins": [
        {
          "player_id": "P5339",
          "name": "Hector Vargas",
          "team_id": "MEM",
          "value": 18.0
        },
        {
          "player_id": "P9732",
          "name": "Emmett Ritzert",
          "team_id": "SEA",
          "value": 16.0
        },
        {
          "player_id": "P9989",
          "name": "Kip Tonneson",
          "team_id": "SEA",
          "value": 16.0
        }
      ],
      "saves": [
        {
          "player_id": "P1955",
          "name": "Tyrone Scott",
          "team_id": "MEM",
          "value": 29.0
        },
        {
          "player_id": "P10131",
          "name": "Micheal Puri",
          "team_id": "IND",
          "value": 24.0
        },
        {
          "player_id": "P1733",
          "name": "Millard Paske",
          "team_id": "PHI",
          "value": 21.0
        }
      ]
    }
  },
  "year": 2042,
  "season_id": "nexgen-long-run-2042",
  "champion": "MEM",
  "runner_up": "POR"
}