{
  "metrics": {
    "pitches_per_pa": 3.853121063919117,
    "avg": 0.24870050451001377,
    "obp": 0.31974616967756686,
    "slg": 0.39740355705040004,
    "ops": 0.717149726727967,
    "iso": 0.14870305254038627,
    "babip": 0.30798629178404174,
    "k_pct": 0.2374641142896048,
    "bb_pct": 0.08247188716284454,
    "k_minus_bb_pct": 0.15499222712676025,
    "swing_pct": 0.48805527087677136,
    "z_swing_pct": 0.6427223688475251,
    "o_swing_pct": 0.32783533587548264,
    "contact_pct": 0.7855737784053196,
    "z_contact_pct": 0.8599511918376903,
    "o_contact_pct": 0.6345214799100203,
    "first_pitch_strike_pct": 0.6287516879049554,
    "zone_pct": 0.5088171891013181,
    "pitches_put_in_play_pct": 0.17057756417052455,
    "bip_gb_pct": 0.419650564552329,
    "bip_ld_pct": 0.21787921687787024,
    "bip_fb_pct": 0.3624702185698008,
    "hr_per_fb_pct": 0.10089503661513426,
    "sb_pct": 0.7295690936106983,
    "sba_per_pa": 0.05345694282115583,
    "bip_double_play_pct": 0.02568972065881703,
    "called_third_strike_share_of_so": 0.21192717541931477
  },
  "mlb_deltas": {
    "pitches_per_pa": -0.006878936080882969,
    "avg": 0.0037005045100137746,
    "obp": 0.00674616967756686,
    "slg": 0.005403557050400021,
    "ops": 0.012149726727966992,
    "iso": -0.016296947459613742,
    "babip": 0.016986291784041763,
    "k_pct": 0.017464114289604787,
    "bb_pct": 0.0024718871628445355,
    "k_minus_bb_pct": 0.014992227126760238,
    "swing_pct": 0.01805527087677139,
    "z_swing_pct": -0.007277631152474928,
    "o_swing_pct": 0.00783533587548263,
    "contact_pct": 0.025573778405319603,
    "z_contact_pct": 0.03995119183769036,
    "o_contact_pct": 0.014521479910020285,
    "first_pitch_strike_pct": 0.028751687904955414,
    "zone_pct": 0.018817189101318132,
    "pitches_put_in_play_pct": -0.004422435829475435,
    "bip_gb_pct": -0.020349435447670983,
    "bip_ld_pct": 0.007879216877870243,
    "bip_fb_pct": 0.012470218569800795,
    "hr_per_fb_pct": -0.009104963384865744,
    "sb_pct": -0.0504309063893017,
    "sba_per_pa": 0.0034569428211558284,
    "bip_double_play_pct": -0.002310279341182969,
    "called_third_strike_share_of_so": -0.018072824580685237
  },
  "flags": [
    {
      "metric": "babip",
      "delta": 0.016986291784041763,
      "tolerance": 0.015
    },
    {
      "metric": "sb_pct",
      "delta": -0.0504309063893017,
      "tolerance": 0.05
    }
  ],
  "leaders": {
    "batting": {
      "avg": [
        {
          "player_id": "P9268",
          "name": "Deshawn Walker",
          "team_id": "ELP",
          "value": 0.3708029197080292
        },
        {
          "player_id": "P2592",
          "name": "Sung Li",
          "team_id": "LOU",
          "value": 0.35276967930029157
        },
        {
          "player_id": "P7498",
          "name": "Sung Choi",
          "team_id": "SEA",
          "value": 0.3211009174311927
        }
      ],
      "hr": [
        {
          "player_id": "P2592",
          "name": "Sung Li",
          "team_id": "LOU",
          "value": 59.0
        },
        {
          "player_id": "P6717",
          "name": "Sung Zhang",
          "team_id": "ELP",
          "value": 52.0
        },
        {
          "player_id": "P9644",
          "name": "Dong Cahoon",
          "team_id": "MEM",
          "value": 51.0
        }
      ],
      "rbi": [
        {
          "player_id": "P10155",
          "name": "Mason Perrish",
          "team_id": "PHI",
          "value": 138.0
        },
        {
          "player_id": "P9268",
          "name": "Deshawn Walker",
          "team_id": "ELP",
          "value": 127.0
        },
        {
          "player_id": "P10106",
          "name": "Wilford Demetriou",
          "team_id": "CHI",
          "value": 122.0
        }
      ],
      "sb": [
        {
          "player_id": "P6969",
          "name": "Sung Tran",
          "team_id": "SAN1",
          "value": 70.0
        },
        {
          "player_id": "P10145",
          "name": "Brent Iwanski",
          "team_id": "SEA",
          "value": 67.0
        },
        {
          "player_id": "P9282",
          "name": "Dylan Hoylton",
          "team_id": "SAN1",
          "value": 58.0
        }
      ],
      "ops": [
        {
          "player_id": "P2592",
          "name": "Sung Li",
          "team_id": "LOU",
          "value": 1.1357618454733163
        },
        {
          "player_id": "P9268",
          "name": "Deshawn Walker",
          "team_id": "ELP",
          "value": 1.1031610860078014
        },
        {
          "player_id": "P9644",
          "name": "Dong Cahoon",
          "team_id": "MEM",
          "value": 0.9811420982735723
        }
      ]
    },
    "pitching": {
      "era": [
        {
          "player_id": "D20430194",
          "name": "Ricardo Flores",
          "team_id": "SAN",
          "value": 2.1376936316695354
        },
        {
          "player_id": "P10082",
          "name": "Donn Maronge",
          "team_id": "SEA",
          "value": 2.2167487684729066
        },
        {
          "player_id": "D20530193",
          "name": "Percy Green",
          "team_id": "SAN1",
          "value": 2.3327999999999998
        }
      ],
      "so": [
        {
          "player_id": "D20500103",
          "name": "Wm Bisson",
          "team_id": "SAN1",
          "value": 253.0
        },
        {
          "player_id": "D20600108",
          "name": "Percy Robinson",
          "team_id": "CHI",
          "value": 235.0
        },
        {
          "player_id": "D20490057",
          "name": "Hung Teffeteller",
          "team_id": "SEA",
          "value": 232.0
        }
      ],
      "wins": [
        {
          "player_id": "D20490057",
          "name": "Hung Teffeteller",
          "team_id": "SEA",
          "value": 18.0
        },
        {
          "player_id": "D20500112",
          "name": "Alejandro Torres",
          "team_id": "IND",
          "value": 18.0
        },
        {
          "player_id": "P10105",
          "name": "Seth Ingrassia",
          "team_id": "CHI",
          "value": 17.0
        }
      ],
      "saves": [
        {
          "player_id": "P3661",
          "name": "Kendrick Denogean",
          "team_id": "CHI",
          "value": 30.0
        },
        {
          "player_id": "P9930",
          "name": "Felton Ginnery",
          "team_id": "BAL",
          "value": 27.0
        },
        {
          "player_id": "P3772",
          "name": "Hector Perez",
          "team_id": "IND",
          "value": 24.0
        }
      ]
    }
  },
  "year": 2071,
  "season_id": "nexgen-long-run-2071",
  "champion": "ELP",
  "runner_up": "SEA"
}