{
  "metrics": {
    "pitches_per_pa": 3.8552748783774526,
    "avg": 0.24797008273353655,
    "obp": 0.31843427664638985,
    "slg": 0.40160344253477115,
    "ops": 0.720037719181161,
    "iso": 0.1536333598012346,
    "babip": 0.304708443532862,
    "k_pct": 0.23554804376127722,
    "bb_pct": 0.08287463170637005,
    "k_minus_bb_pct": 0.15267341205490714,
    "swing_pct": 0.4877025750094049,
    "z_swing_pct": 0.6433701866316163,
    "o_swing_pct": 0.3261192407997682,
    "contact_pct": 0.7889871480284736,
    "z_contact_pct": 0.8622347974652649,
    "o_contact_pct": 0.6389922437570574,
    "first_pitch_strike_pct": 0.6270927072151291,
    "zone_pct": 0.5093234120577859,
    "pitches_put_in_play_pct": 0.17134639252823683,
    "bip_gb_pct": 0.42221453885383353,
    "bip_ld_pct": 0.21918921255078228,
    "bip_fb_pct": 0.3585962485953842,
    "hr_per_fb_pct": 0.10470887824247918,
    "sb_pct": 0.7601380500431406,
    "sba_per_pa": 0.05294292305232624,
    "bip_double_play_pct": 0.025015126631515255,
    "called_third_strike_share_of_so": 0.21952875012120623
  },
  "mlb_deltas": {
    "pitches_per_pa": -0.004725121622547235,
    "avg": 0.00297008273353655,
    "obp": 0.005434276646389846,
    "slg": 0.009603442534771134,
    "ops": 0.015037719181161036,
    "iso": -0.011366640198765404,
    "babip": 0.013708443532861991,
    "k_pct": 0.01554804376127722,
    "bb_pct": 0.0028746317063700483,
    "k_minus_bb_pct": 0.01267341205490713,
    "swing_pct": 0.01770257500940492,
    "z_swing_pct": -0.006629813368383752,
    "o_swing_pct": 0.006119240799768166,
    "contact_pct": 0.028987148028473575,
    "z_contact_pct": 0.04223479746526493,
    "o_contact_pct": 0.018992243757057437,
    "first_pitch_strike_pct": 0.02709270721512913,
    "zone_pct": 0.01932341205778587,
    "pitches_put_in_play_pct": -0.0036536074717631595,
    "bip_gb_pct": -0.01778546114616647,
    "bip_ld_pct": 0.009189212550782283,
    "bip_fb_pct": 0.008596248595384215,
    "hr_per_fb_pct": -0.00529112175752082,
    "sb_pct": -0.019861949956859415,
    "sba_per_pa": 0.0029429230523262406,
    "bip_double_play_pct": -0.002984873368484745,
    "called_third_strike_share_of_so": -0.010471249878793776
  },
  "flags": [],
  "leaders": {
    "batting": {
      "avg": [
        {
          "player_id": "P6106",
          "name": "Fernando Vasquez",
          "team_id": "POR",
          "value": 0.3419170243204578
        },
        {
          "player_id": "P10101",
          "name": "Alejandro Vargas",
          "team_id": "PHI",
          "value": 0.33279483037156704
        },
        {
          "player_id": "P7498",
          "name": "Sung Choi",
          "team_id": "BAL",
          "value": 0.33174603174603173
        }
      ],
      "hr": [
        {
          "player_id": "P6106",
          "name": "Fernando Vasquez",
          "team_id": "POR",
          "value": 61.0
        },
        {
          "player_id": "P10101",
          "name": "Alejandro Vargas",
          "team_id": "PHI",
          "value": 48.0
        },
        {
          "player_id": "P10092",
          "name": "Marquis Lewandowski",
          "team_id": "LAS",
          "value": 47.0
        }
      ],
      "rbi": [
        {
          "player_id": "P5072",
          "name": "Tyrone Jefferson",
          "team_id": "IND",
          "value": 136.0
        },
        {
          "player_id": "P6106",
          "name": "Fernando Vasquez",
          "team_id": "POR",
          "value": 135.0
        },
        {
          "player_id": "P7977",
          "name": "Margarito Mako",
          "team_id": "PHI",
          "value": 133.0
        }
      ],
      "sb": [
        {
          "player_id": "P10095",
          "name": "Tod Lantaff",
          "team_id": "CHI",
          "value": 60.0
        },
        {
          "player_id": "P10007",
          "name": "Luther Weirauch",
          "team_id": "BAL",
          "value": 59.0
        },
        {
          "player_id": "P10145",
          "name": "Brent Iwanski",
          "team_id": "IND",
          "value": 59.0
        }
      ],
      "ops": [
        {
          "player_id": "P6106",
          "name": "Fernando Vasquez",
          "team_id": "POR",
          "value": 1.1254197627391311
        },
        {
          "player_id": "P10101",
          "name": "Alejandro Vargas",
          "team_id": "PHI",
          "value": 1.0583680364307624
        },
        {
          "player_id": "P10092",
          "name": "Marquis Lewandowski",
          "team_id": "LAS",
          "value": 1.0218067853072674
        }
      ]
    },
    "pitching": {
      "era": [
        {
          "player_id": "D20470044",
          "name": "Luis Rivera",
          "team_id": "CHI",
          "value": 2.819277108433735
        },
        {
          "player_id": "D20500036",
          "name": "Tyrone Mitchell",
          "team_id": "LOU",
          "value": 2.8216216216216217
        },
        {
          "player_id": "P7566",
          "name": "Emory Flom",
          "team_id": "ALB",
          "value": 2.824088748019017
        }
      ],
      "so": [
        {
          "player_id": "P10110",
          "name": "Ervin Kerens",
          "team_id": "LAS",
          "value": 259.0
        },
        {
          "player_id": "D20470044",
          "name": "Luis Rivera",
          "team_id": "CHI",
          "value": 258.0
        },
        {
          "player_id": "P7566",
          "name": "Emory Flom",
          "team_id": "ALB",
          "value": 256.0
        }
      ],
      "wins": [
        {
          "player_id": "D20400082",
          "name": "Manuel Ramirez",
          "team_id": "SEA",
          "value": 19.0
        },
        {
          "player_id": "D20470044",
          "name": "Luis Rivera",
          "team_id": "CHI",
          "value": 17.0
        },
        {
          "player_id": "P6788",
          "name": "Joaquin Devit",
          "team_id": "POR",
          "value": 16.0
        }
      ],
      "saves": [
        {
          "player_id": "D20380029",
          "name": "Sung Li",
          "team_id": "ELP",
          "value": 28.0
        },
        {
          "player_id": "P2596",
          "name": "Roberto Rivera",
          "team_id": "LAS",
          "value": 26.0
        },
        {
          "player_id": "P2406",
          "name": "Miguel Rodriguez",
          "team_id": "CHI",
          "value": 18.0
        }
      ]
    }
  },
  "year": 2058,
  "season_id": "nexgen-long-run-2058",
  "champion": "IND",
  "runner_up": "ELP"
}