{
  "metrics": {
    "pitches_per_pa": 3.8436620040749983,
    "avg": 0.24365573454848855,
    "obp": 0.3143670805806325,
    "slg": 0.39041139849817086,
    "ops": 0.7047784790788034,
    "iso": 0.1467556639496823,
    "babip": 0.30018389644106297,
    "k_pct": 0.2363842402875392,
    "bb_pct": 0.08195783063574552,
    "k_minus_bb_pct": 0.1544264096517937,
    "swing_pct": 0.48931475029036003,
    "z_swing_pct": 0.6438300930876707,
    "o_swing_pct": 0.3287299360504309,
    "contact_pct": 0.7868076223167607,
    "z_contact_pct": 0.8611338016663944,
    "o_contact_pct": 0.6355188531101628,
    "first_pitch_strike_pct": 0.6287859710171471,
    "zone_pct": 0.509631019387117,
    "pitches_put_in_play_pct": 0.17167872777628876,
    "bip_gb_pct": 0.42645018040521787,
    "bip_ld_pct": 0.21829031362753262,
    "bip_fb_pct": 0.35525950596724953,
    "hr_per_fb_pct": 0.1022268981237945,
    "sb_pct": 0.73771892353695,
    "sba_per_pa": 0.05359309539616767,
    "bip_double_play_pct": 0.02785872883708021,
    "called_third_strike_share_of_so": 0.2120478427194809
  },
  "mlb_deltas": {
    "pitches_per_pa": -0.016337995925001625,
    "avg": -0.0013442654515114505,
    "obp": 0.001367080580632507,
    "slg": -0.0015886015018291566,
    "ops": -0.00022152092119653854,
    "iso": -0.018244336050317694,
    "babip": 0.009183896441062989,
    "k_pct": 0.01638424028753921,
    "bb_pct": 0.0019578306357455194,
    "k_minus_bb_pct": 0.014426409651793676,
    "swing_pct": 0.01931475029036006,
    "z_swing_pct": -0.006169906912329326,
    "o_swing_pct": 0.008729936050430875,
    "contact_pct": 0.026807622316760704,
    "z_contact_pct": 0.041133801666394465,
    "o_contact_pct": 0.015518853110162767,
    "first_pitch_strike_pct": 0.028785971017147083,
    "zone_pct": 0.019631019387116977,
    "pitches_put_in_play_pct": -0.00332127222371123,
    "bip_gb_pct": -0.013549819594782131,
    "bip_ld_pct": 0.00829031362753263,
    "bip_fb_pct": 0.005259505967249556,
    "hr_per_fb_pct": -0.0077731018762055015,
    "sb_pct": -0.042281076463050016,
    "sba_per_pa": 0.0035930953961676657,
    "bip_double_play_pct": -0.0001412711629197906,
    "called_third_strike_share_of_so": -0.017952157280519104
  },
  "flags": [],
  "leaders": {
    "batting": {
      "avg": [
        {
          "player_id": "P7977",
          "name": "Margarito Mako",
          "team_id": "IND",
          "value": 0.33435114503816793
        },
        {
          "player_id": "P8592",
          "name": "Elbert Nehlsen",
          "team_id": "POR",
          "value": 0.31993817619783615
        },
        {
          "player_id": "P10101",
          "name": "Alejandro Vargas",
          "team_id": "CHI",
          "value": 0.31981279251170047
        }
      ],
      "hr": [
        {
          "player_id": "P8441",
          "name": "Antonio Diaz",
          "team_id": "LAS",
          "value": 55.0
        },
        {
          "player_id": "P2363",
          "name": "Fernando Morales",
          "team_id": "LAS",
          "value": 48.0
        },
        {
          "player_id": "P8717",
          "name": "Darnell Jackson",
          "team_id": "SAN1",
          "value": 45.0
        }
      ],
      "rbi": [
        {
          "player_id": "P8441",
          "name": "Antonio Diaz",
          "team_id": "LAS",
          "value": 136.0
        },
        {
          "player_id": "P8717",
          "name": "Darnell Jackson",
          "team_id": "SAN1",
          "value": 127.0
        },
        {
          "player_id": "P8592",
          "name": "Elbert Nehlsen",
          "team_id": "POR",
          "value": 121.0
        }
      ],
      "sb": [
        {
          "player_id": "P2357",
          "name": "Rufus Harris",
          "team_id": "MEM",
          "value": 60.0
        },
        {
          "player_id": "P4399",
          "name": "Theron Monzo",
          "team_id": "CHI",
          "value": 55.0
        },
        {
          "player_id": "P5272",
          "name": "Percy Baker",
          "team_id": "LOU",
          "value": 53.0
        }
      ],
      "ops": [
        {
          "player_id": "P8441",
          "name": "Antonio Diaz",
          "team_id": "LAS",
          "value": 1.0309626680473478
        },
        {
          "player_id": "P7977",
          "name": "Margarito Mako",
          "team_id": "IND",
          "value": 1.0171473189976679
        },
        {
          "player_id": "P8329",
          "name": "Yong Kim",
          "team_id": "CHI",
          "value": 0.998444920334892
        }
      ]
    },
    "pitching": {
      "era": [
        {
          "player_id": "P9732",
          "name": "Emmett Ritzert",
          "team_id": "CHI",
          "value": 2.093877551020408
        },
        {
          "player_id": "D20470044",
          "name": "Luis Rivera",
          "team_id": "CHI",
          "value": 2.1914241960183767
        },
        {
          "player_id": "P6893",
          "name": "August Rapley",
          "team_id": "POR",
          "value": 2.308151093439364
        }
      ],
      "so": [
        {
          "player_id": "P6247",
          "name": "Tyrone Carter",
          "team_id": "OKL",
          "value": 237.0
        },
        {
          "player_id": "D20470044",
          "name": "Luis Rivera",
          "team_id": "CHI",
          "value": 234.0
        },
        {
          "player_id": "D20500036",
          "name": "Tyrone Mitchell",
          "team_id": "LOU",
          "value": 226.0
        }
      ],
      "wins": [
        {
          "player_id": "D20390182",
          "name": "Carmelo Yurkanin",
          "team_id": "ALB",
          "value": 21.0
        },
        {
          "player_id": "D20400082",
          "name": "Manuel Ramirez",
          "team_id": "SEA",
          "value": 21.0
        },
        {
          "player_id": "D20460150",
          "name": "Carlos Castillo",
          "team_id": "CHI",
          "value": 17.0
        }
      ],
      "saves": [
        {
          "player_id": "P3661",
          "name": "Kendrick Denogean",
          "team_id": "PHI",
          "value": 24.0
        },
        {
          "player_id": "P5362",
          "name": "Antonio Garcia",
          "team_id": "LAS",
          "value": 23.0
        },
        {
          "player_id": "P10098",
          "name": "Darnell Allen",
          "team_id": "SEA",
          "value": 22.0
        }
      ]
    }
  },
  "year": 2059,
  "season_id": "nexgen-long-run-2059",
  "champion": "CHI",
  "runner_up": "SEA"
}