{
  "metrics": {
    "pitches_per_pa": 3.849508404693942,
    "avg": 0.2546658179503501,
    "obp": 0.3250510745631556,
    "slg": 0.4174283895607893,
    "ops": 0.7424794641239449,
    "iso": 0.16276257161043922,
    "babip": 0.30918545428642663,
    "k_pct": 0.2304494585655385,
    "bb_pct": 0.08235920438584568,
    "k_minus_bb_pct": 0.14809025417969282,
    "swing_pct": 0.4872531999411505,
    "z_swing_pct": 0.6430516136117967,
    "o_swing_pct": 0.32571784744655474,
    "contact_pct": 0.7963682039699745,
    "z_contact_pct": 0.8688222497887564,
    "o_contact_pct": 0.6480578504793273,
    "first_pitch_strike_pct": 0.6274976213130352,
    "zone_pct": 0.5090392820361924,
    "pitches_put_in_play_pct": 0.17254376930998971,
    "bip_gb_pct": 0.41999351967120857,
    "bip_ld_pct": 0.22140554920786507,
    "bip_fb_pct": 0.35860093112092634,
    "hr_per_fb_pct": 0.11161808196028729,
    "sb_pct": 0.7335874629394324,
    "sba_per_pa": 0.05348647546554302,
    "bip_double_play_pct": 0.025716673203840447,
    "called_third_strike_share_of_so": 0.23017940525927746
  },
  "mlb_deltas": {
    "pitches_per_pa": -0.01049159530605781,
    "avg": 0.009665817950350097,
    "obp": 0.012051074563155573,
    "slg": 0.0254283895607893,
    "ops": 0.03747946412394498,
    "iso": -0.002237428389560786,
    "babip": 0.01818545428642665,
    "k_pct": 0.0104494585655385,
    "bb_pct": 0.0023592043858456785,
    "k_minus_bb_pct": 0.008090254179692807,
    "swing_pct": 0.017253199941150543,
    "z_swing_pct": -0.006948386388203276,
    "o_swing_pct": 0.005717847446554736,
    "contact_pct": 0.03636820396997453,
    "z_contact_pct": 0.04882224978875649,
    "o_contact_pct": 0.028057850479327295,
    "first_pitch_strike_pct": 0.027497621313035236,
    "zone_pct": 0.01903928203619243,
    "pitches_put_in_play_pct": -0.002456230690010275,
    "bip_gb_pct": -0.02000648032879143,
    "bip_ld_pct": 0.011405549207865073,
    "bip_fb_pct": 0.008600931120926358,
    "hr_per_fb_pct": 0.0016180819602872876,
    "sb_pct": -0.04641253706056758,
    "sba_per_pa": 0.0034864754655430166,
    "bip_double_play_pct": -0.0022833267961595537,
    "called_third_strike_share_of_so": 0.0001794052592774542
  },
  "flags": [
    {
      "metric": "babip",
      "delta": 0.01818545428642665,
      "tolerance": 0.015
    }
  ],
  "leaders": {
    "batting": {
      "avg": [
        {
          "player_id": "P6106",
          "name": "Fernando Vasquez",
          "team_id": "LOU",
          "value": 0.3429811866859624
        },
        {
          "player_id": "P2592",
          "name": "Sung Li",
          "team_id": "BAL",
          "value": 0.342485549132948
        },
        {
          "player_id": "P5072",
          "name": "Tyrone Jefferson",
          "team_id": "PHI",
          "value": 0.33436055469953774
        }
      ],
      "hr": [
        {
          "player_id": "P9786",
          "name": "Jose Garcia",
          "team_id": "PHI",
          "value": 64.0
        },
        {
          "player_id": "P6106",
          "name": "Fernando Vasquez",
          "team_id": "LOU",
          "value": 54.0
        },
        {
          "player_id": "P2592",
          "name": "Sung Li",
          "team_id": "BAL",
          "value": 52.0
        }
      ],
      "rbi": [
        {
          "player_id": "P9786",
          "name": "Jose Garcia",
          "team_id": "PHI",
          "value": 146.0
        },
        {
          "player_id": "P5219",
          "name": "Edgardo Craker",
          "team_id": "ELP",
          "value": 137.0
        },
        {
          "player_id": "P2592",
          "name": "Sung Li",
          "team_id": "BAL",
          "value": 137.0
        }
      ],
      "sb": [
        {
          "player_id": "P5965",
          "name": "Josue Decker",
          "team_id": "LAS",
          "value": 67.0
        },
        {
          "player_id": "P2155",
          "name": "Deshawn Taylor",
          "team_id": "SAN",
          "value": 61.0
        },
        {
          "player_id": "P9348",
          "name": "Josh Kosoff",
          "team_id": "MEM",
          "value": 59.0
        }
      ],
      "ops": [
        {
          "player_id": "P6106",
          "name": "Fernando Vasquez",
          "team_id": "LOU",
          "value": 1.1079373875535203
        },
        {
          "player_id": "P9786",
          "name": "Jose Garcia",
          "team_id": "PHI",
          "value": 1.0883811122702445
        },
        {
          "player_id": "P2592",
          "name": "Sung Li",
          "team_id": "BAL",
          "value": 1.081303286412846
        }
      ]
    },
    "pitching": {
      "era": [
        {
          "player_id": "P2534",
          "name": "Pedro Hernandez",
          "team_id": "OKL",
          "value": 2.883495145631068
        },
        {
          "player_id": "P6668",
          "name": "Rufus Young",
          "team_id": "MEM",
          "value": 2.969543147208122
        },
        {
          "player_id": "D20400079",
          "name": "Jermaine Baker",
          "team_id": "SEA",
          "value": 3.0057581573896357
        }
      ],
      "so": [
        {
          "player_id": "P6247",
          "name": "Tyrone Carter",
          "team_id": "LOU",
          "value": 250.0
        },
        {
          "player_id": "D20250173",
          "name": "Lazaro Polton",
          "team_id": "CHI",
          "value": 238.0
        },
        {
          "player_id": "P9993",
          "name": "Dexter Batchelor",
          "team_id": "ALB",
          "value": 204.0
        }
      ],
      "wins": [
        {
          "player_id": "D20390020",
          "name": "Jermaine King",
          "team_id": "BAL",
          "value": 21.0
        },
        {
          "player_id": "D20440138",
          "name": "Trevor Kientzy",
          "team_id": "OKL",
          "value": 19.0
        },
        {
          "player_id": "D20400149",
          "name": "Clemente Marchand",
          "team_id": "ALB",
          "value": 18.0
        }
      ],
      "saves": [
        {
          "player_id": "P1312",
          "name": "Cedric Jefferson",
          "team_id": "MEM",
          "value": 26.0
        },
        {
          "player_id": "P8779",
          "name": "Johnnie Carmolli",
          "team_id": "SEA",
          "value": 22.0
        },
        {
          "player_id": "P10054",
          "name": "Juan Lopez",
          "team_id": "BAL",
          "value": 22.0
        }
      ]
    }
  },
  "year": 2061,
  "season_id": "nexgen-long-run-2061",
  "champion": "OKL",
  "runner_up": "BAL"
}