{
  "metrics": {
    "pitches_per_pa": 3.8474147364581435,
    "avg": 0.2489487071334535,
    "obp": 0.3190793249913902,
    "slg": 0.40778659713434817,
    "ops": 0.7268659221257383,
    "iso": 0.15883789000089468,
    "babip": 0.3029999463336971,
    "k_pct": 0.23198978661316796,
    "bb_pct": 0.08251641437169432,
    "k_minus_bb_pct": 0.14947337224147364,
    "swing_pct": 0.48823201768160085,
    "z_swing_pct": 0.6431928423886555,
    "o_swing_pct": 0.32654469723570934,
    "contact_pct": 0.7953650381392188,
    "z_contact_pct": 0.8676355173067035,
    "o_contact_pct": 0.6468352552931144,
    "first_pitch_strike_pct": 0.6314403611161773,
    "zone_pct": 0.5106214039807304,
    "pitches_put_in_play_pct": 0.17276298714765678,
    "bip_gb_pct": 0.42341199067087393,
    "bip_ld_pct": 0.21609617231444642,
    "bip_fb_pct": 0.36049183701467963,
    "hr_per_fb_pct": 0.10776740237691002,
    "sb_pct": 0.7630647511971684,
    "sba_per_pa": 0.05474876892212292,
    "bip_double_play_pct": 0.02496913156811634,
    "called_third_strike_share_of_so": 0.2336379716981132
  },
  "mlb_deltas": {
    "pitches_per_pa": -0.012585263541856406,
    "avg": 0.003948707133453494,
    "obp": 0.006079324991390189,
    "slg": 0.015786597134348157,
    "ops": 0.021865922125738346,
    "iso": -0.006162109999105325,
    "babip": 0.011999946333697109,
    "k_pct": 0.011989786613167963,
    "bb_pct": 0.0025164143716943227,
    "k_minus_bb_pct": 0.009473372241473627,
    "swing_pct": 0.018232017681600876,
    "z_swing_pct": -0.006807157611344539,
    "o_swing_pct": 0.006544697235709329,
    "contact_pct": 0.03536503813921876,
    "z_contact_pct": 0.04763551730670357,
    "o_contact_pct": 0.02683525529311437,
    "first_pitch_strike_pct": 0.03144036111617732,
    "zone_pct": 0.020621403980730424,
    "pitches_put_in_play_pct": -0.0022370128523432065,
    "bip_gb_pct": -0.016588009329126074,
    "bip_ld_pct": 0.006096172314446424,
    "bip_fb_pct": 0.01049183701467965,
    "hr_per_fb_pct": -0.0022325976230899852,
    "sb_pct": -0.016935248802831593,
    "sba_per_pa": 0.00474876892212292,
    "bip_double_play_pct": -0.00303086843188366,
    "called_third_strike_share_of_so": 0.003637971698113196
  },
  "flags": [],
  "leaders": {
    "batting": {
      "avg": [
        {
          "player_id": "P9786",
          "name": "Jose Garcia",
          "team_id": "SAN",
          "value": 0.34175334323922735
        },
        {
          "player_id": "P7397",
          "name": "Xavier Green",
          "team_id": "POR",
          "value": 0.33525179856115106
        },
        {
          "player_id": "P3495",
          "name": "Edwin Eapen",
          "team_id": "ALB",
          "value": 0.33487654320987653
        }
      ],
      "hr": [
        {
          "player_id": "P9786",
          "name": "Jose Garcia",
          "team_id": "SAN",
          "value": 59.0
        },
        {
          "player_id": "P6106",
          "name": "Fernando Vasquez",
          "team_id": "SAN",
          "value": 54.0
        },
        {
          "player_id": "P1980",
          "name": "Isidro Wescott",
          "team_id": "ELP",
          "value": 52.0
        }
      ],
      "rbi": [
        {
          "player_id": "P9786",
          "name": "Jose Garcia",
          "team_id": "SAN",
          "value": 146.0
        },
        {
          "player_id": "P1980",
          "name": "Isidro Wescott",
          "team_id": "ELP",
          "value": 137.0
        },
        {
          "player_id": "P5219",
          "name": "Edgardo Craker",
          "team_id": "PHI",
          "value": 135.0
        }
      ],
      "sb": [
        {
          "player_id": "P4264",
          "name": "Leroy Walker",
          "team_id": "SAN1",
          "value": 74.0
        },
        {
          "player_id": "P4005",
          "name": "Sung Kim",
          "team_id": "LAS",
          "value": 70.0
        },
        {
          "player_id": "P6969",
          "name": "Sung Tran",
          "team_id": "CHI",
          "value": 67.0
        }
      ],
      "ops": [
        {
          "player_id": "P9786",
          "name": "Jose Garcia",
          "team_id": "SAN",
          "value": 1.1195756218885546
        },
        {
          "player_id": "P6106",
          "name": "Fernando Vasquez",
          "team_id": "SAN",
          "value": 1.057307497467072
        },
        {
          "player_id": "P7397",
          "name": "Xavier Green",
          "team_id": "POR",
          "value": 1.0351983341618751
        }
      ]
    },
    "pitching": {
      "era": [
        {
          "player_id": "P5609",
          "name": "Jordon Hazelton",
          "team_id": "ALB",
          "value": 2.554054054054054
        },
        {
          "player_id": "P6774",
          "name": "Jamal King",
          "team_id": "SAN",
          "value": 2.709507042253521
        },
        {
          "player_id": "P3491",
          "name": "Antonio Cruz",
          "team_id": "MEM",
          "value": 2.7194244604316546
        }
      ],
      "so": [
        {
          "player_id": "P3921",
          "name": "Bo Barcroft",
          "team_id": "POR",
          "value": 240.0
        },
        {
          "player_id": "P7566",
          "name": "Emory Flom",
          "team_id": "LOU",
          "value": 237.0
        },
        {
          "player_id": "D20640126",
          "name": "Sung Lin",
          "team_id": "LOU",
          "value": 234.0
        }
      ],
      "wins": [
        {
          "player_id": "P5609",
          "name": "Jordon Hazelton",
          "team_id": "ALB",
          "value": 18.0
        },
        {
          "player_id": "P6774",
          "name": "Jamal King",
          "team_id": "SAN",
          "value": 17.0
        },
        {
          "player_id": "D20620064",
          "name": "Deshawn Robinson",
          "team_id": "ALB",
          "value": 17.0
        }
      ],
      "saves": [
        {
          "player_id": "P8351",
          "name": "Juan Hernandez",
          "team_id": "BAL",
          "value": 42.0
        },
        {
          "player_id": "P7829",
          "name": "Malik Gaines",
          "team_id": "CHI",
          "value": 24.0
        },
        {
          "player_id": "D20520172",
          "name": "Kerry Hazinski",
          "team_id": "SAN",
          "value": 22.0
        }
      ]
    }
  },
  "year": 2074,
  "season_id": "nexgen-long-run-2074",
  "champion": "SAN",
  "runner_up": "ALB"
}