{
  "metrics": {
    "pitches_per_pa": 3.841756044355572,
    "avg": 0.25477674531248007,
    "obp": 0.3249988562016745,
    "slg": 0.4384918358762571,
    "ops": 0.7634906920779316,
    "iso": 0.18371509056377705,
    "babip": 0.299874861201685,
    "k_pct": 0.21917605889838213,
    "bb_pct": 0.08276904199236503,
    "k_minus_bb_pct": 0.1364070169060171,
    "swing_pct": 0.48801074124021104,
    "z_swing_pct": 0.6435971482193803,
    "o_swing_pct": 0.3267362512271657,
    "contact_pct": 0.8093676900141806,
    "z_contact_pct": 0.8804496005055749,
    "o_contact_pct": 0.6642334420910985,
    "first_pitch_strike_pct": 0.6272836756953282,
    "zone_pct": 0.508975678425249,
    "pitches_put_in_play_pct": 0.17620720656777156,
    "bip_gb_pct": 0.42301366184418115,
    "bip_ld_pct": 0.21932798496190126,
    "bip_fb_pct": 0.35765835319391764,
    "hr_per_fb_pct": 0.12246746829187943,
    "sb_pct": 0.7797856692582475,
    "sba_per_pa": 0.054069714597345934,
    "bip_double_play_pct": 0.02522573931724346,
    "called_third_strike_share_of_so": 0.2354465813073454
  },
  "mlb_deltas": {
    "pitches_per_pa": -0.018243955644428045,
    "avg": 0.009776745312480073,
    "obp": 0.011998856201674513,
    "slg": 0.046491835876257104,
    "ops": 0.05849069207793167,
    "iso": 0.018715090563777043,
    "babip": 0.008874861201685014,
    "k_pct": -0.0008239411016178755,
    "bb_pct": 0.0027690419923650234,
    "k_minus_bb_pct": -0.0035929830939829266,
    "swing_pct": 0.01801074124021107,
    "z_swing_pct": -0.006402851780619723,
    "o_swing_pct": 0.006736251227165702,
    "contact_pct": 0.04936769001418062,
    "z_contact_pct": 0.06044960050557491,
    "o_contact_pct": 0.044233442091098474,
    "first_pitch_strike_pct": 0.02728367569532819,
    "zone_pct": 0.018975678425249054,
    "pitches_put_in_play_pct": 0.0012072065677715682,
    "bip_gb_pct": -0.016986338155818848,
    "bip_ld_pct": 0.009327984961901264,
    "bip_fb_pct": 0.007658353193917666,
    "hr_per_fb_pct": 0.012467468291879433,
    "sb_pct": -0.00021433074175247757,
    "sba_per_pa": 0.004069714597345932,
    "bip_double_play_pct": -0.0027742606827565394,
    "called_third_strike_share_of_so": 0.005446581307345377
  },
  "flags": [],
  "leaders": {
    "batting": {
      "avg": [
        {
          "player_id": "P9346",
          "name": "Millard Kappe",
          "team_id": "BAL",
          "value": 0.33783783783783783
        },
        {
          "player_id": "P9786",
          "name": "Jose Garcia",
          "team_id": "ELP",
          "value": 0.3374045801526718
        },
        {
          "player_id": "P2949",
          "name": "Cruz Unsell",
          "team_id": "SEA",
          "value": 0.3261261261261261
        }
      ],
      "hr": [
        {
          "player_id": "P9786",
          "name": "Jose Garcia",
          "team_id": "ELP",
          "value": 63.0
        },
        {
          "player_id": "P5219",
          "name": "Edgardo Craker",
          "team_id": "LOU",
          "value": 57.0
        },
        {
          "player_id": "P6106",
          "name": "Fernando Vasquez",
          "team_id": "PHI",
          "value": 57.0
        }
      ],
      "rbi": [
        {
          "player_id": "P3495",
          "name": "Edwin Eapen",
          "team_id": "SEA",
          "value": 147.0
        },
        {
          "player_id": "P9786",
          "name": "Jose Garcia",
          "team_id": "ELP",
          "value": 144.0
        },
        {
          "player_id": "P9346",
          "name": "Millard Kappe",
          "team_id": "BAL",
          "value": 136.0
        }
      ],
      "sb": [
        {
          "player_id": "P6969",
          "name": "Sung Tran",
          "team_id": "PHI",
          "value": 64.0
        },
        {
          "player_id": "P4005",
          "name": "Sung Kim",
          "team_id": "ELP",
          "value": 58.0
        },
        {
          "player_id": "P9853",
          "name": "Francisco Perez",
          "team_id": "POR",
          "value": 54.0
        }
      ],
      "ops": [
        {
          "player_id": "P9786",
          "name": "Jose Garcia",
          "team_id": "ELP",
          "value": 1.1040013421692811
        },
        {
          "player_id": "P6106",
          "name": "Fernando Vasquez",
          "team_id": "PHI",
          "value": 1.0676456839248862
        },
        {
          "player_id": "P2121",
          "name": "Hector Castillo",
          "team_id": "CHI",
          "value": 1.0343071562583757
        }
      ]
    },
    "pitching": {
      "era": [
        {
          "player_id": "P4843",
          "name": "Isreal Touton",
          "team_id": "CHI",
          "value": 2.4587628865979383
        },
        {
          "player_id": "P4652",
          "name": "Francisco Torres",
          "team_id": "LAS",
          "value": 2.8104089219330852
        },
        {
          "player_id": "P5609",
          "name": "Jordon Hazelton",
          "team_id": "MEM",
          "value": 3.051369863013699
        }
      ],
      "so": [
        {
          "player_id": "P9732",
          "name": "Emmett Ritzert",
          "team_id": "SEA",
          "value": 224.0
        },
        {
          "player_id": "P6500",
          "name": "Pasquale Elvsaas",
          "team_id": "POR",
          "value": 214.0
        },
        {
          "player_id": "P9423",
          "name": "Rafael Vasquez",
          "team_id": "BAL",
          "value": 214.0
        }
      ],
      "wins": [
        {
          "player_id": "P3726",
          "name": "Yong Li",
          "team_id": "ELP",
          "value": 17.0
        },
        {
          "player_id": "P2571",
          "name": "Shad Malcom",
          "team_id": "SEA",
          "value": 17.0
        },
        {
          "player_id": "P9732",
          "name": "Emmett Ritzert",
          "team_id": "SEA",
          "value": 17.0
        }
      ],
      "saves": [
        {
          "player_id": "P5236",
          "name": "Basil Gaver",
          "team_id": "SAN",
          "value": 47.0
        },
        {
          "player_id": "P3339",
          "name": "Darnell Gaines",
          "team_id": "SAN1",
          "value": 46.0
        },
        {
          "player_id": "P6581",
          "name": "Albert Bertagnolli",
          "team_id": "SEA",
          "value": 44.0
        }
      ]
    }
  },
  "year": 2028,
  "season_id": "nexgen-long-run-2028",
  "champion": "LOU",
  "runner_up": "SEA"
}