{
  "metrics": {
    "pitches_per_pa": 3.8377828054298644,
    "avg": 0.2544811980371717,
    "obp": 0.3254617083779291,
    "slg": 0.4357122880170858,
    "ops": 0.7611739963950148,
    "iso": 0.1812310899799141,
    "babip": 0.29841097426373975,
    "k_pct": 0.21714932126696831,
    "bb_pct": 0.08306561085972851,
    "k_minus_bb_pct": 0.13408371040723982,
    "swing_pct": 0.4873931497966162,
    "z_swing_pct": 0.6423095393766165,
    "o_swing_pct": 0.3265176141177319,
    "contact_pct": 0.8095226575871015,
    "z_contact_pct": 0.880588410157552,
    "o_contact_pct": 0.6643480181075412,
    "first_pitch_strike_pct": 0.6280656108597285,
    "zone_pct": 0.5094352414077699,
    "pitches_put_in_play_pct": 0.17657254023462832,
    "bip_gb_pct": 0.4245793269230769,
    "bip_ld_pct": 0.21819911858974358,
    "bip_fb_pct": 0.35722155448717946,
    "hr_per_fb_pct": 0.12241633858267717,
    "sb_pct": 0.7685001978630788,
    "sba_per_pa": 0.05717194570135747,
    "bip_double_play_pct": 0.025590945512820512,
    "called_third_strike_share_of_so": 0.2412481767034799
  },
  "mlb_deltas": {
    "pitches_per_pa": -0.02221719457013549,
    "avg": 0.009481198037171679,
    "obp": 0.012461708377929093,
    "slg": 0.043712288017085765,
    "ops": 0.05617399639501486,
    "iso": 0.0162310899799141,
    "babip": 0.007410974263739767,
    "k_pct": -0.0028506787330316863,
    "bb_pct": 0.003065610859728507,
    "k_minus_bb_pct": -0.005916289592760193,
    "swing_pct": 0.017393149796616214,
    "z_swing_pct": -0.0076904606233835215,
    "o_swing_pct": 0.006517614117731885,
    "contact_pct": 0.049522657587101504,
    "z_contact_pct": 0.06058841015755201,
    "o_contact_pct": 0.04434801810754119,
    "first_pitch_strike_pct": 0.028065610859728474,
    "zone_pct": 0.019435241407769865,
    "pitches_put_in_play_pct": 0.001572540234628328,
    "bip_gb_pct": -0.015420673076923075,
    "bip_ld_pct": 0.008199118589743593,
    "bip_fb_pct": 0.007221554487179482,
    "hr_per_fb_pct": 0.01241633858267717,
    "sb_pct": -0.011499802136921256,
    "sba_per_pa": 0.007171945701357464,
    "bip_double_play_pct": -0.0024090544871794885,
    "called_third_strike_share_of_so": 0.011248176703479884
  },
  "flags": [],
  "leaders": {
    "batting": {
      "avg": [
        {
          "player_id": "P9786",
          "name": "Jose Garcia",
          "team_id": "ELP",
          "value": 0.3462132921174652
        },
        {
          "player_id": "P9644",
          "name": "Dong Cahoon",
          "team_id": "SAN",
          "value": 0.34299516908212563
        },
        {
          "player_id": "P9346",
          "name": "Millard Kappe",
          "team_id": "BAL",
          "value": 0.3328125
        }
      ],
      "hr": [
        {
          "player_id": "P6408",
          "name": "Ricardo Lopez",
          "team_id": "OKL",
          "value": 67.0
        },
        {
          "player_id": "P6106",
          "name": "Fernando Vasquez",
          "team_id": "PHI",
          "value": 62.0
        },
        {
          "player_id": "P2121",
          "name": "Hector Castillo",
          "team_id": "CHI",
          "value": 55.0
        }
      ],
      "rbi": [
        {
          "player_id": "P6408",
          "name": "Ricardo Lopez",
          "team_id": "OKL",
          "value": 157.0
        },
        {
          "player_id": "P3495",
          "name": "Edwin Eapen",
          "team_id": "SEA",
          "value": 142.0
        },
        {
          "player_id": "P9786",
          "name": "Jose Garcia",
          "team_id": "ELP",
          "value": 139.0
        }
      ],
      "sb": [
        {
          "player_id": "P9282",
          "name": "Dylan Hoylton",
          "team_id": "LAS",
          "value": 70.0
        },
        {
          "player_id": "P6984",
          "name": "Parker Bressman",
          "team_id": "SAN",
          "value": 66.0
        },
        {
          "player_id": "P9853",
          "name": "Francisco Perez",
          "team_id": "POR",
          "value": 60.0
        }
      ],
      "ops": [
        {
          "player_id": "P9786",
          "name": "Jose Garcia",
          "team_id": "ELP",
          "value": 1.1065759974183467
        },
        {
          "player_id": "P6106",
          "name": "Fernando Vasquez",
          "team_id": "PHI",
          "value": 1.0850783724852924
        },
        {
          "player_id": "P6408",
          "name": "Ricardo Lopez",
          "team_id": "OKL",
          "value": 1.0809005442850075
        }
      ]
    },
    "pitching": {
      "era": [
        {
          "player_id": "P3462",
          "name": "Manuel Flores",
          "team_id": "POR",
          "value": 2.1125954198473282
        },
        {
          "player_id": "P6165",
          "name": "Carlos Ramos",
          "team_id": "MEM",
          "value": 2.951060358890701
        },
        {
          "player_id": "P2534",
          "name": "Pedro Hernandez",
          "team_id": "BAL",
          "value": 3.0540983606557375
        }
      ],
      "so": [
        {
          "player_id": "P9732",
          "name": "Emmett Ritzert",
          "team_id": "SEA",
          "value": 225.0
        },
        {
          "player_id": "P9423",
          "name": "Rafael Vasquez",
          "team_id": "BAL",
          "value": 221.0
        },
        {
          "player_id": "P7296",
          "name": "Eduardo Martinez",
          "team_id": "SAN",
          "value": 204.0
        }
      ],
      "wins": [
        {
          "player_id": "P2372",
          "name": "Cordell Terzo",
          "team_id": "OKL",
          "value": 19.0
        },
        {
          "player_id": "P6165",
          "name": "Carlos Ramos",
          "team_id": "MEM",
          "value": 19.0
        },
        {
          "player_id": "P6448",
          "name": "Kendall Kinabrew",
          "team_id": "OKL",
          "value": 18.0
        }
      ],
      "saves": [
        {
          "player_id": "P4375",
          "name": "Jamal Robinson",
          "team_id": "CHI",
          "value": 53.0
        },
        {
          "player_id": "P6581",
          "name": "Albert Bertagnolli",
          "team_id": "SEA",
          "value": 48.0
        },
        {
          "player_id": "P8411",
          "name": "Hector Rivera",
          "team_id": "LAS",
          "value": 45.0
        }
      ]
    }
  },
  "year": 2027,
  "season_id": "nexgen-long-run-2027",
  "champion": "SAN",
  "runner_up": "CHI"
}