{
  "metrics": {
    "pitches_per_pa": 3.8368434205743367,
    "avg": 0.2543357017342807,
    "obp": 0.32415150024594197,
    "slg": 0.42084956833982734,
    "ops": 0.7450010685857693,
    "iso": 0.16651386660554662,
    "babip": 0.30576786978060866,
    "k_pct": 0.2254180298073428,
    "bb_pct": 0.08193611414031261,
    "k_minus_bb_pct": 0.14348191566703017,
    "swing_pct": 0.49051855580063064,
    "z_swing_pct": 0.6464292358494954,
    "o_swing_pct": 0.32872819850745366,
    "contact_pct": 0.8003259295026557,
    "z_contact_pct": 0.8733350720831722,
    "o_contact_pct": 0.6513424727926738,
    "first_pitch_strike_pct": 0.6300663395129044,
    "zone_pct": 0.5092534750492206,
    "pitches_put_in_play_pct": 0.17487898390893075,
    "bip_gb_pct": 0.42117559423037854,
    "bip_ld_pct": 0.21724114579806325,
    "bip_fb_pct": 0.3615832599715582,
    "hr_per_fb_pct": 0.11193347193347193,
    "sb_pct": 0.7385051209413815,
    "sba_per_pa": 0.052128771355870594,
    "bip_double_play_pct": 0.02712128394392903,
    "called_third_strike_share_of_so": 0.22324128199959686
  },
  "mlb_deltas": {
    "pitches_per_pa": -0.023156579425663182,
    "avg": 0.009335701734280721,
    "obp": 0.01115150024594197,
    "slg": 0.028849568339827325,
    "ops": 0.04000106858576935,
    "iso": 0.0015138666055466155,
    "babip": 0.014767869780608678,
    "k_pct": 0.005418029807342795,
    "bb_pct": 0.0019361141403126114,
    "k_minus_bb_pct": 0.0034819156670301554,
    "swing_pct": 0.020518555800630667,
    "z_swing_pct": -0.003570764150504613,
    "o_swing_pct": 0.008728198507453655,
    "contact_pct": 0.04032592950265568,
    "z_contact_pct": 0.05333507208317223,
    "o_contact_pct": 0.03134247279267377,
    "first_pitch_strike_pct": 0.030066339512904383,
    "zone_pct": 0.019253475049220592,
    "pitches_put_in_play_pct": -0.00012101609106923705,
    "bip_gb_pct": -0.018824405769621466,
    "bip_ld_pct": 0.007241145798063259,
    "bip_fb_pct": 0.011583259971558235,
    "hr_per_fb_pct": 0.0019334719334719308,
    "sb_pct": -0.04149487905861848,
    "sba_per_pa": 0.0021287713558705915,
    "bip_double_play_pct": -0.0008787160560709689,
    "called_third_strike_share_of_so": -0.006758718000403147
  },
  "flags": [],
  "leaders": {
    "batting": {
      "avg": [
        {
          "player_id": "P10120",
          "name": "Dante Ashman",
          "team_id": "IND",
          "value": 0.3572496263079223
        },
        {
          "player_id": "P8767",
          "name": "Hector Sanchez",
          "team_id": "LOU",
          "value": 0.3392282958199357
        },
        {
          "player_id": "P6686",
          "name": "Jonas Nowaczyk",
          "team_id": "SAN",
          "value": 0.33528550512445093
        }
      ],
      "hr": [
        {
          "player_id": "P10120",
          "name": "Dante Ashman",
          "team_id": "IND",
          "value": 67.0
        },
        {
          "player_id": "P2453",
          "name": "Fausto Joplin",
          "team_id": "OKL",
          "value": 58.0
        },
        {
          "player_id": "P9786",
          "name": "Jose Garcia",
          "team_id": "MEM",
          "value": 54.0
        }
      ],
      "rbi": [
        {
          "player_id": "P10120",
          "name": "Dante Ashman",
          "team_id": "IND",
          "value": 184.0
        },
        {
          "player_id": "P2453",
          "name": "Fausto Joplin",
          "team_id": "OKL",
          "value": 139.0
        },
        {
          "player_id": "P2314",
          "name": "Vince Dahline",
          "team_id": "POR",
          "value": 130.0
        }
      ],
      "sb": [
        {
          "player_id": "P2357",
          "name": "Rufus Harris",
          "team_id": "IND",
          "value": 59.0
        },
        {
          "player_id": "P9853",
          "name": "Francisco Perez",
          "team_id": "MEM",
          "value": 56.0
        },
        {
          "player_id": "P6520",
          "name": "Malik Robinson",
          "team_id": "POR",
          "value": 51.0
        }
      ],
      "ops": [
        {
          "player_id": "P10120",
          "name": "Dante Ashman",
          "team_id": "IND",
          "value": 1.2006866342134082
        },
        {
          "player_id": "P9786",
          "name": "Jose Garcia",
          "team_id": "MEM",
          "value": 1.0646837943872052
        },
        {
          "player_id": "P2453",
          "name": "Fausto Joplin",
          "team_id": "OKL",
          "value": 1.0458646616541354
        }
      ]
    },
    "pitching": {
      "era": [
        {
          "player_id": "P3661",
          "name": "Kendrick Denogean",
          "team_id": "ALB",
          "value": 2.1343873517786562
        },
        {
          "player_id": "P4652",
          "name": "Francisco Torres",
          "team_id": "LAS",
          "value": 2.657293497363796
        },
        {
          "player_id": "D20390166",
          "name": "Eduardo Morales",
          "team_id": "IND",
          "value": 2.8132611637347766
        }
      ],
      "so": [
        {
          "player_id": "D20390166",
          "name": "Eduardo Morales",
          "team_id": "IND",
          "value": 252.0
        },
        {
          "player_id": "P2024",
          "name": "Lionel Kelton",
          "team_id": "IND",
          "value": 235.0
        },
        {
          "player_id": "P9732",
          "name": "Emmett Ritzert",
          "team_id": "OKL",
          "value": 229.0
        }
      ],
      "wins": [
        {
          "player_id": "P9732",
          "name": "Emmett Ritzert",
          "team_id": "OKL",
          "value": 18.0
        },
        {
          "player_id": "D20520079",
          "name": "Darnell Jackson",
          "team_id": "PHI",
          "value": 17.0
        },
        {
          "player_id": "D20370164",
          "name": "Wm Bisson",
          "team_id": "MEM",
          "value": 16.0
        }
      ],
      "saves": [
        {
          "player_id": "P7676",
          "name": "Lanny Molles",
          "team_id": "OKL",
          "value": 28.0
        },
        {
          "player_id": "D20500026",
          "name": "Phil Eagen",
          "team_id": "CHI",
          "value": 23.0
        },
        {
          "player_id": "P7227",
          "name": "Yong Tanaka",
          "team_id": "ALB",
          "value": 22.0
        }
      ]
    }
  },
  "year": 2072,
  "season_id": "nexgen-long-run-2072",
  "champion": "POR",
  "runner_up": "SAN1"
}