{
  "metrics": {
    "pitches_per_pa": 3.8349260419286253,
    "avg": 0.2549833993513569,
    "obp": 0.3241208633093525,
    "slg": 0.4194644207719622,
    "ops": 0.7435852840813147,
    "iso": 0.16448102142060533,
    "babip": 0.30921501706484644,
    "k_pct": 0.23160192953979103,
    "bb_pct": 0.08149104958734368,
    "k_minus_bb_pct": 0.15011087995244737,
    "swing_pct": 0.48876707592246493,
    "z_swing_pct": 0.6433840114831415,
    "o_swing_pct": 0.3286307205009648,
    "contact_pct": 0.7941393505107486,
    "z_contact_pct": 0.8657845851242078,
    "o_contact_pct": 0.6488672242840525,
    "first_pitch_strike_pct": 0.62660890240278,
    "zone_pct": 0.5087678509152367,
    "pitches_put_in_play_pct": 0.1734791512040705,
    "bip_gb_pct": 0.4215463917525773,
    "bip_ld_pct": 0.2188487972508591,
    "bip_fb_pct": 0.35960481099656355,
    "hr_per_fb_pct": 0.11340337202406169,
    "sb_pct": 0.723929035049762,
    "sba_per_pa": 0.05283372579502069,
    "bip_double_play_pct": 0.025240549828178693,
    "called_third_strike_share_of_so": 0.2212625240610039
  },
  "mlb_deltas": {
    "pitches_per_pa": -0.02507395807137458,
    "avg": 0.009983399351356892,
    "obp": 0.011120863309352524,
    "slg": 0.027464420771962206,
    "ops": 0.038585284081314786,
    "iso": -0.0005189785793946744,
    "babip": 0.01821501706484646,
    "k_pct": 0.011601929539791028,
    "bb_pct": 0.0014910495873436819,
    "k_minus_bb_pct": 0.01011087995244736,
    "swing_pct": 0.01876707592246496,
    "z_swing_pct": -0.0066159885168585175,
    "o_swing_pct": 0.008630720500964806,
    "contact_pct": 0.03413935051074857,
    "z_contact_pct": 0.0457845851242078,
    "o_contact_pct": 0.02886722428405253,
    "first_pitch_strike_pct": 0.02660890240278002,
    "zone_pct": 0.018767850915236695,
    "pitches_put_in_play_pct": -0.0015208487959294803,
    "bip_gb_pct": -0.018453608247422704,
    "bip_ld_pct": 0.008848797250859103,
    "bip_fb_pct": 0.009604810996563573,
    "hr_per_fb_pct": 0.003403372024061685,
    "sb_pct": -0.056070964950238,
    "sba_per_pa": 0.0028337257950206904,
    "bip_double_play_pct": -0.0027594501718213073,
    "called_third_strike_share_of_so": -0.008737475938996098
  },
  "flags": [
    {
      "metric": "babip",
      "delta": 0.01821501706484646,
      "tolerance": 0.015
    },
    {
      "metric": "sb_pct",
      "delta": -0.056070964950238,
      "tolerance": 0.05
    }
  ],
  "leaders": {
    "batting": {
      "avg": [
        {
          "player_id": "P5219",
          "name": "Edgardo Craker",
          "team_id": "POR",
          "value": 0.3621212121212121
        },
        {
          "player_id": "P6106",
          "name": "Fernando Vasquez",
          "team_id": "OKL",
          "value": 0.36065573770491804
        },
        {
          "player_id": "P9346",
          "name": "Millard Kappe",
          "team_id": "IND",
          "value": 0.35030864197530864
        }
      ],
      "hr": [
        {
          "player_id": "P5219",
          "name": "Edgardo Craker",
          "team_id": "POR",
          "value": 65.0
        },
        {
          "player_id": "P6106",
          "name": "Fernando Vasquez",
          "team_id": "OKL",
          "value": 63.0
        },
        {
          "player_id": "P10156",
          "name": "Stefan Goslee",
          "team_id": "IND",
          "value": 63.0
        }
      ],
      "rbi": [
        {
          "player_id": "P10156",
          "name": "Stefan Goslee",
          "team_id": "IND",
          "value": 169.0
        },
        {
          "player_id": "P9346",
          "name": "Millard Kappe",
          "team_id": "IND",
          "value": 156.0
        },
        {
          "player_id": "P5219",
          "name": "Edgardo Craker",
          "team_id": "POR",
          "value": 136.0
        }
      ],
      "sb": [
        {
          "player_id": "P2357",
          "name": "Rufus Harris",
          "team_id": "ELP",
          "value": 63.0
        },
        {
          "player_id": "P2155",
          "name": "Deshawn Taylor",
          "team_id": "PHI",
          "value": 62.0
        },
        {
          "player_id": "P10190",
          "name": "Glen Groner",
          "team_id": "SEA",
          "value": 56.0
        }
      ],
      "ops": [
        {
          "player_id": "P6106",
          "name": "Fernando Vasquez",
          "team_id": "OKL",
          "value": 1.1877031578206227
        },
        {
          "player_id": "P5219",
          "name": "Edgardo Craker",
          "team_id": "POR",
          "value": 1.1699278099555108
        },
        {
          "player_id": "P9346",
          "name": "Millard Kappe",
          "team_id": "IND",
          "value": 1.1348095190811902
        }
      ]
    },
    "pitching": {
      "era": [
        {
          "player_id": "P3299",
          "name": "Roberto Morales",
          "team_id": "OKL",
          "value": 2.336106489184692
        },
        {
          "player_id": "D20340185",
          "name": "Sung Zhang",
          "team_id": "IND",
          "value": 2.5445026178010473
        },
        {
          "player_id": "P3584",
          "name": "Douglas Zipp",
          "team_id": "SEA",
          "value": 2.8
        }
      ],
      "so": [
        {
          "player_id": "P4843",
          "name": "Isreal Touton",
          "team_id": "IND",
          "value": 274.0
        },
        {
          "player_id": "D20500036",
          "name": "Tyrone Mitchell",
          "team_id": "LOU",
          "value": 247.0
        },
        {
          "player_id": "P10140",
          "name": "Trevor Kientzy",
          "team_id": "ELP",
          "value": 235.0
        }
      ],
      "wins": [
        {
          "player_id": "P4843",
          "name": "Isreal Touton",
          "team_id": "IND",
          "value": 19.0
        },
        {
          "player_id": "D20470131",
          "name": "Franklyn Berlove",
          "team_id": "IND",
          "value": 19.0
        },
        {
          "player_id": "D20340185",
          "name": "Sung Zhang",
          "team_id": "IND",
          "value": 18.0
        }
      ],
      "saves": [
        {
          "player_id": "P6297",
          "name": "Yong Yamamoto",
          "team_id": "SAN",
          "value": 22.0
        },
        {
          "player_id": "P2534",
          "name": "Pedro Hernandez",
          "team_id": "IND",
          "value": 22.0
        },
        {
          "player_id": "P5598",
          "name": "Landon Bolieu",
          "team_id": "ALB",
          "value": 21.0
        }
      ]
    }
  },
  "year": 2055,
  "season_id": "nexgen-long-run-2055",
  "champion": "IND",
  "runner_up": "ALB"
}