{
  "metrics": {
    "pitches_per_pa": 3.848626773372135,
    "avg": 0.24542208620249936,
    "obp": 0.3159533786723455,
    "slg": 0.3951542973731191,
    "ops": 0.7111076760454647,
    "iso": 0.14973221117061972,
    "babip": 0.3030961922047117,
    "k_pct": 0.23831393233903236,
    "bb_pct": 0.08272326300472899,
    "k_minus_bb_pct": 0.15559066933430338,
    "swing_pct": 0.4884982100450147,
    "z_swing_pct": 0.6421612405618251,
    "o_swing_pct": 0.3289890318929917,
    "contact_pct": 0.7866299037391767,
    "z_contact_pct": 0.8599965683219998,
    "o_contact_pct": 0.6379755173738816,
    "first_pitch_strike_pct": 0.6304792651873409,
    "zone_pct": 0.5093337586691714,
    "pitches_put_in_play_pct": 0.17103817389146847,
    "bip_gb_pct": 0.42422201498981105,
    "bip_ld_pct": 0.21555624633025938,
    "bip_fb_pct": 0.3602217386799295,
    "hr_per_fb_pct": 0.10237541957139168,
    "sb_pct": 0.7475809844341607,
    "sba_per_pa": 0.05404237904692615,
    "bip_double_play_pct": 0.025126929851828825,
    "called_third_strike_share_of_so": 0.21832665521846975
  },
  "mlb_deltas": {
    "pitches_per_pa": -0.011373226627864774,
    "avg": 0.00042208620249936657,
    "obp": 0.002953378672345519,
    "slg": 0.0031542973731190638,
    "ops": 0.006107676045464694,
    "iso": -0.015267788829380291,
    "babip": 0.012096192204711698,
    "k_pct": 0.018313932339032363,
    "bb_pct": 0.0027232630047289846,
    "k_minus_bb_pct": 0.015590669334303364,
    "swing_pct": 0.01849821004501473,
    "z_swing_pct": -0.007838759438174914,
    "o_swing_pct": 0.008989031892991717,
    "contact_pct": 0.02662990373917673,
    "z_contact_pct": 0.039996568321999826,
    "o_contact_pct": 0.01797551737388159,
    "first_pitch_strike_pct": 0.030479265187340898,
    "zone_pct": 0.01933375866917142,
    "pitches_put_in_play_pct": -0.003961826108531519,
    "bip_gb_pct": -0.015777985010188955,
    "bip_ld_pct": 0.00555624633025939,
    "bip_fb_pct": 0.010221738679929537,
    "hr_per_fb_pct": -0.007624580428608321,
    "sb_pct": -0.03241901556583937,
    "sba_per_pa": 0.004042379046926149,
    "bip_double_play_pct": -0.002873070148171175,
    "called_third_strike_share_of_so": -0.01167334478153026
  },
  "flags": [],
  "leaders": {
    "batting": {
      "avg": [
        {
          "player_id": "P9786",
          "name": "Jose Garcia",
          "team_id": "SAN",
          "value": 0.3447251114413076
        },
        {
          "player_id": "P6106",
          "name": "Fernando Vasquez",
          "team_id": "ALB",
          "value": 0.34347826086956523
        },
        {
          "player_id": "P9109",
          "name": "Ernest Borovec",
          "team_id": "BAL",
          "value": 0.33278145695364236
        }
      ],
      "hr": [
        {
          "player_id": "P9786",
          "name": "Jose Garcia",
          "team_id": "SAN",
          "value": 66.0
        },
        {
          "player_id": "P6106",
          "name": "Fernando Vasquez",
          "team_id": "ALB",
          "value": 57.0
        },
        {
          "player_id": "P10156",
          "name": "Stefan Goslee",
          "team_id": "LOU",
          "value": 51.0
        }
      ],
      "rbi": [
        {
          "player_id": "P9786",
          "name": "Jose Garcia",
          "team_id": "SAN",
          "value": 142.0
        },
        {
          "player_id": "P6106",
          "name": "Fernando Vasquez",
          "team_id": "ALB",
          "value": 136.0
        },
        {
          "player_id": "P5396",
          "name": "Johnnie Erazmus",
          "team_id": "IND",
          "value": 131.0
        }
      ],
      "sb": [
        {
          "player_id": "P10145",
          "name": "Brent Iwanski",
          "team_id": "SEA",
          "value": 78.0
        },
        {
          "player_id": "P2155",
          "name": "Deshawn Taylor",
          "team_id": "BAL",
          "value": 65.0
        },
        {
          "player_id": "P6844",
          "name": "Cedric White",
          "team_id": "SAN",
          "value": 58.0
        }
      ],
      "ops": [
        {
          "player_id": "P9786",
          "name": "Jose Garcia",
          "team_id": "SAN",
          "value": 1.1363876942136772
        },
        {
          "player_id": "P6106",
          "name": "Fernando Vasquez",
          "team_id": "ALB",
          "value": 1.0882934501741377
        },
        {
          "player_id": "P10156",
          "name": "Stefan Goslee",
          "team_id": "LOU",
          "value": 1.03214002492353
        }
      ]
    },
    "pitching": {
      "era": [
        {
          "player_id": "D20300030",
          "name": "Leroy Gaines",
          "team_id": "LAS",
          "value": 2.19375
        },
        {
          "player_id": "P10116",
          "name": "Fernando Guerrero",
          "team_id": "CHI",
          "value": 2.44264943457189
        },
        {
          "player_id": "D20280034",
          "name": "Leroy Jefferson",
          "team_id": "SAN",
          "value": 2.4633273703041145
        }
      ],
      "so": [
        {
          "player_id": "P9732",
          "name": "Emmett Ritzert",
          "team_id": "IND",
          "value": 255.0
        },
        {
          "player_id": "P1179",
          "name": "Luis Delgado",
          "team_id": "PHI",
          "value": 247.0
        },
        {
          "player_id": "P10140",
          "name": "Trevor Kientzy",
          "team_id": "POR",
          "value": 239.0
        }
      ],
      "wins": [
        {
          "player_id": "D20380032",
          "name": "Rob Moreman",
          "team_id": "BAL",
          "value": 17.0
        },
        {
          "player_id": "P1086",
          "name": "Jamal Jackson",
          "team_id": "SAN1",
          "value": 15.0
        },
        {
          "player_id": "D20250118",
          "name": "Margarito Waggy",
          "team_id": "POR",
          "value": 15.0
        }
      ],
      "saves": [
        {
          "player_id": "P5109",
          "name": "Deshawn White",
          "team_id": "SEA",
          "value": 29.0
        },
        {
          "player_id": "P2534",
          "name": "Pedro Hernandez",
          "team_id": "BAL",
          "value": 25.0
        },
        {
          "player_id": "D20430068",
          "name": "Edmundo Derobles",
          "team_id": "SAN1",
          "value": 22.0
        }
      ]
    }
  },
  "year": 2047,
  "season_id": "nexgen-long-run-2047",
  "champion": "POR",
  "runner_up": "LOU"
}