{
  "metrics": {
    "pitches_per_pa": 3.84917807434561,
    "avg": 0.24772800308503118,
    "obp": 0.3189547761882787,
    "slg": 0.40604151937785204,
    "ops": 0.7249962955661308,
    "iso": 0.15831351629282087,
    "babip": 0.30185621950560826,
    "k_pct": 0.23204078125894953,
    "bb_pct": 0.08315481986368062,
    "k_minus_bb_pct": 0.1488859613952689,
    "swing_pct": 0.4877028933318255,
    "z_swing_pct": 0.6454481628832203,
    "o_swing_pct": 0.3243909530328177,
    "contact_pct": 0.7917559115179252,
    "z_contact_pct": 0.8647570703408267,
    "o_contact_pct": 0.6413780225935953,
    "first_pitch_strike_pct": 0.6237699753708689,
    "zone_pct": 0.5086692816370747,
    "pitches_put_in_play_pct": 0.17225770354806644,
    "bip_gb_pct": 0.41934313505295345,
    "bip_ld_pct": 0.21763618458561532,
    "bip_fb_pct": 0.3630206803614312,
    "hr_per_fb_pct": 0.10655667998979505,
    "sb_pct": 0.7601380500431406,
    "sba_per_pa": 0.053107279912938885,
    "bip_double_play_pct": 0.025656087489849863,
    "called_third_strike_share_of_so": 0.21963862559241706
  },
  "mlb_deltas": {
    "pitches_per_pa": -0.010821925654389997,
    "avg": 0.002728003085031183,
    "obp": 0.005954776188278721,
    "slg": 0.01404151937785203,
    "ops": 0.019996295566130806,
    "iso": -0.006686483707179142,
    "babip": 0.010856219505608278,
    "k_pct": 0.012040781258949529,
    "bb_pct": 0.0031548198636806163,
    "k_minus_bb_pct": 0.008885961395268899,
    "swing_pct": 0.01770289333182551,
    "z_swing_pct": -0.0045518371167797556,
    "o_swing_pct": 0.004390953032817668,
    "contact_pct": 0.03175591151792523,
    "z_contact_pct": 0.044757070340826766,
    "o_contact_pct": 0.021378022593595336,
    "first_pitch_strike_pct": 0.02376997537086889,
    "zone_pct": 0.01866928163707471,
    "pitches_put_in_play_pct": -0.0027422964519335513,
    "bip_gb_pct": -0.02065686494704655,
    "bip_ld_pct": 0.007636184585615324,
    "bip_fb_pct": 0.013020680361431225,
    "hr_per_fb_pct": -0.0034433200102049477,
    "sb_pct": -0.019861949956859415,
    "sba_per_pa": 0.0031072799129388817,
    "bip_double_play_pct": -0.0023439125101501375,
    "called_third_strike_share_of_so": -0.010361374407582946
  },
  "flags": [],
  "leaders": {
    "batting": {
      "avg": [
        {
          "player_id": "P2314",
          "name": "Vince Dahline",
          "team_id": "SEA",
          "value": 0.34210526315789475
        },
        {
          "player_id": "P3495",
          "name": "Edwin Eapen",
          "team_id": "SEA",
          "value": 0.3396501457725947
        },
        {
          "player_id": "P4395",
          "name": "Arden Horr",
          "team_id": "ALB",
          "value": 0.33533834586466166
        }
      ],
      "hr": [
        {
          "player_id": "P2592",
          "name": "Sung Li",
          "team_id": "ELP",
          "value": 58.0
        },
        {
          "player_id": "P3495",
          "name": "Edwin Eapen",
          "team_id": "SEA",
          "value": 54.0
        },
        {
          "player_id": "P10193",
          "name": "Kurt Vangompel",
          "team_id": "SAN1",
          "value": 53.0
        }
      ],
      "rbi": [
        {
          "player_id": "P10193",
          "name": "Kurt Vangompel",
          "team_id": "SAN1",
          "value": 144.0
        },
        {
          "player_id": "P2314",
          "name": "Vince Dahline",
          "team_id": "SEA",
          "value": 135.0
        },
        {
          "player_id": "P3495",
          "name": "Edwin Eapen",
          "team_id": "SEA",
          "value": 129.0
        }
      ],
      "sb": [
        {
          "player_id": "P9853",
          "name": "Francisco Perez",
          "team_id": "BAL",
          "value": 67.0
        },
        {
          "player_id": "P10032",
          "name": "Karl Randolph",
          "team_id": "LOU",
          "value": 59.0
        },
        {
          "player_id": "P10009",
          "name": "Julian Detten",
          "team_id": "SAN",
          "value": 57.0
        }
      ],
      "ops": [
        {
          "player_id": "P3495",
          "name": "Edwin Eapen",
          "team_id": "SEA",
          "value": 1.084623732761587
        },
        {
          "player_id": "P2314",
          "name": "Vince Dahline",
          "team_id": "SEA",
          "value": 1.0692009355229506
        },
        {
          "player_id": "P6106",
          "name": "Fernando Vasquez",
          "team_id": "PHI",
          "value": 1.064877954060012
        }
      ]
    },
    "pitching": {
      "era": [
        {
          "player_id": "P2427",
          "name": "Eduardo Gomez",
          "team_id": "ALB",
          "value": 1.9767857142857144
        },
        {
          "player_id": "P5393",
          "name": "Carlos Cruz",
          "team_id": "CHI",
          "value": 2.0702875399361025
        },
        {
          "player_id": "P4967",
          "name": "Ricardo Guerrero",
          "team_id": "IND",
          "value": 2.19959266802444
        }
      ],
      "so": [
        {
          "player_id": "P10003",
          "name": "Val Buonocore",
          "team_id": "MEM",
          "value": 254.0
        },
        {
          "player_id": "P5409",
          "name": "Kerry Hazinski",
          "team_id": "POR",
          "value": 253.0
        },
        {
          "player_id": "P1437",
          "name": "Francisco Flores",
          "team_id": "PHI",
          "value": 232.0
        }
      ],
      "wins": [
        {
          "player_id": "P4201",
          "name": "Deshawn Robinson",
          "team_id": "SEA",
          "value": 18.0
        },
        {
          "player_id": "P7941",
          "name": "Tracey Peeler",
          "team_id": "ALB",
          "value": 18.0
        },
        {
          "player_id": "P9732",
          "name": "Emmett Ritzert",
          "team_id": "SEA",
          "value": 17.0
        }
      ],
      "saves": [
        {
          "player_id": "P9574",
          "name": "Manuel Delgado",
          "team_id": "OKL",
          "value": 23.0
        },
        {
          "player_id": "P3989",
          "name": "Ernie Desir",
          "team_id": "BAL",
          "value": 23.0
        },
        {
          "player_id": "P3993",
          "name": "Fernando Rodriguez",
          "team_id": "SEA",
          "value": 22.0
        }
      ]
    }
  },
  "year": 2043,
  "season_id": "nexgen-long-run-2043",
  "champion": "SEA",
  "runner_up": "ALB"
}