{
  "metrics": {
    "pitches_per_pa": 3.853376271649332,
    "avg": 0.24955643771619673,
    "obp": 0.3201489971346705,
    "slg": 0.4072603806338792,
    "ops": 0.7274093777685497,
    "iso": 0.15770394291768247,
    "babip": 0.30635900380391873,
    "k_pct": 0.235087280092856,
    "bb_pct": 0.08195452786818089,
    "k_minus_bb_pct": 0.15313275222467512,
    "swing_pct": 0.48781402546164365,
    "z_swing_pct": 0.6427999396464675,
    "o_swing_pct": 0.3272282317854115,
    "contact_pct": 0.7912063297959282,
    "z_contact_pct": 0.8646967480995974,
    "o_contact_pct": 0.6416273129857959,
    "first_pitch_strike_pct": 0.6258904390177291,
    "zone_pct": 0.508872594329454,
    "pitches_put_in_play_pct": 0.1714954802777097,
    "bip_gb_pct": 0.4230709624093813,
    "bip_ld_pct": 0.21714049558314535,
    "bip_fb_pct": 0.35978854200747334,
    "hr_per_fb_pct": 0.1059860510889564,
    "sb_pct": 0.7430398020210353,
    "sba_per_pa": 0.055178770568287856,
    "bip_double_play_pct": 0.0253474075732268,
    "called_third_strike_share_of_so": 0.22479306839634058
  },
  "mlb_deltas": {
    "pitches_per_pa": -0.0066237283506680456,
    "avg": 0.004556437716196737,
    "obp": 0.007148997134670487,
    "slg": 0.01526038063387919,
    "ops": 0.022409377768549787,
    "iso": -0.007296057082317536,
    "babip": 0.015359003803918747,
    "k_pct": 0.015087280092856009,
    "bb_pct": 0.001954527868180886,
    "k_minus_bb_pct": 0.01313275222467511,
    "swing_pct": 0.01781402546164368,
    "z_swing_pct": -0.007200060353532489,
    "o_swing_pct": 0.0072282317854114875,
    "contact_pct": 0.03120632979592819,
    "z_contact_pct": 0.04469674809959745,
    "o_contact_pct": 0.0216273129857959,
    "first_pitch_strike_pct": 0.02589043901772914,
    "zone_pct": 0.018872594329453984,
    "pitches_put_in_play_pct": -0.0035045197222902946,
    "bip_gb_pct": -0.0169290375906187,
    "bip_ld_pct": 0.007140495583145362,
    "bip_fb_pct": 0.009788542007473366,
    "hr_per_fb_pct": -0.004013948911043605,
    "sb_pct": -0.03696019797896477,
    "sba_per_pa": 0.0051787705682878535,
    "bip_double_play_pct": -0.002652592426773199,
    "called_third_strike_share_of_so": -0.005206931603659426
  },
  "flags": [
    {
      "metric": "babip",
      "delta": 0.015359003803918747,
      "tolerance": 0.015
    }
  ],
  "leaders": {
    "batting": {
      "avg": [
        {
          "player_id": "P2592",
          "name": "Sung Li",
          "team_id": "BAL",
          "value": 0.3555219364599092
        },
        {
          "player_id": "P8441",
          "name": "Antonio Diaz",
          "team_id": "CHI",
          "value": 0.34071550255536626
        },
        {
          "player_id": "P1980",
          "name": "Isidro Wescott",
          "team_id": "POR",
          "value": 0.3362218370883882
        }
      ],
      "hr": [
        {
          "player_id": "P2592",
          "name": "Sung Li",
          "team_id": "BAL",
          "value": 62.0
        },
        {
          "player_id": "P9786",
          "name": "Jose Garcia",
          "team_id": "LOU",
          "value": 57.0
        },
        {
          "player_id": "P5219",
          "name": "Edgardo Craker",
          "team_id": "POR",
          "value": 53.0
        }
      ],
      "rbi": [
        {
          "player_id": "P2592",
          "name": "Sung Li",
          "team_id": "BAL",
          "value": 152.0
        },
        {
          "player_id": "P7429",
          "name": "Tyrone Young",
          "team_id": "OKL",
          "value": 135.0
        },
        {
          "player_id": "P10142",
          "name": "Alonzo Strait",
          "team_id": "IND",
          "value": 126.0
        }
      ],
      "sb": [
        {
          "player_id": "P10009",
          "name": "Julian Detten",
          "team_id": "IND",
          "value": 66.0
        },
        {
          "player_id": "P4005",
          "name": "Sung Kim",
          "team_id": "SAN",
          "value": 61.0
        },
        {
          "player_id": "P10145",
          "name": "Brent Iwanski",
          "team_id": "SAN1",
          "value": 57.0
        }
      ],
      "ops": [
        {
          "player_id": "P2592",
          "name": "Sung Li",
          "team_id": "BAL",
          "value": 1.1539899373476705
        },
        {
          "player_id": "P8441",
          "name": "Antonio Diaz",
          "team_id": "CHI",
          "value": 1.0349874521441262
        },
        {
          "player_id": "P7429",
          "name": "Tyrone Young",
          "team_id": "OKL",
          "value": 1.0170676117466873
        }
      ]
    },
    "pitching": {
      "era": [
        {
          "player_id": "P5300",
          "name": "Ricardo Castillo",
          "team_id": "IND",
          "value": 2.507142857142857
        },
        {
          "player_id": "D20400047",
          "name": "Francisco Diaz",
          "team_id": "SAN",
          "value": 2.686786296900489
        },
        {
          "player_id": "D20310067",
          "name": "Percy Jefferson",
          "team_id": "LOU",
          "value": 2.758793969849246
        }
      ],
      "so": [
        {
          "player_id": "P10018",
          "name": "Clayton Sirmons",
          "team_id": "ALB",
          "value": 254.0
        },
        {
          "player_id": "D20430068",
          "name": "Edmundo Derobles",
          "team_id": "SAN1",
          "value": 239.0
        },
        {
          "player_id": "D20300030",
          "name": "Leroy Gaines",
          "team_id": "LAS",
          "value": 236.0
        }
      ],
      "wins": [
        {
          "player_id": "D20370164",
          "name": "Wm Bisson",
          "team_id": "MEM",
          "value": 19.0
        },
        {
          "player_id": "D20390019",
          "name": "Ricardo Cruz",
          "team_id": "CHI",
          "value": 18.0
        },
        {
          "player_id": "D20430068",
          "name": "Edmundo Derobles",
          "team_id": "SAN1",
          "value": 17.0
        }
      ],
      "saves": [
        {
          "player_id": "P4967",
          "name": "Ricardo Guerrero",
          "team_id": "OKL",
          "value": 46.0
        },
        {
          "player_id": "P6581",
          "name": "Albert Bertagnolli",
          "team_id": "SEA",
          "value": 37.0
        },
        {
          "player_id": "P7110",
          "name": "Eddie Yasinski",
          "team_id": "CHI",
          "value": 24.0
        }
      ]
    }
  },
  "year": 2048,
  "season_id": "nexgen-long-run-2048",
  "champion": "OKL",
  "runner_up": "MEM"
}