{
  "metrics": {
    "pitches_per_pa": 3.837037461335777,
    "avg": 0.24996790674985236,
    "obp": 0.3194973343488195,
    "slg": 0.40562016996585276,
    "ops": 0.7251175043146723,
    "iso": 0.1556522632160004,
    "babip": 0.30345406486640947,
    "k_pct": 0.2287776377591935,
    "bb_pct": 0.08154427769503952,
    "k_minus_bb_pct": 0.14723336006415397,
    "swing_pct": 0.4890023437383373,
    "z_swing_pct": 0.644900421036605,
    "o_swing_pct": 0.32683381455356164,
    "contact_pct": 0.797342841791628,
    "z_contact_pct": 0.870342961436134,
    "o_contact_pct": 0.6475072220669089,
    "first_pitch_strike_pct": 0.628479780043533,
    "zone_pct": 0.509857136459313,
    "pitches_put_in_play_pct": 0.17414722259542897,
    "bip_gb_pct": 0.4210499245645316,
    "bip_ld_pct": 0.21632835002057332,
    "bip_fb_pct": 0.36262172541489507,
    "hr_per_fb_pct": 0.10498476641841571,
    "sb_pct": 0.7192672699183403,
    "sba_per_pa": 0.051907434986825526,
    "bip_double_play_pct": 0.025270881909203128,
    "called_third_strike_share_of_so": 0.2244366549824737
  },
  "mlb_deltas": {
    "pitches_per_pa": -0.02296253866422271,
    "avg": 0.004967906749852369,
    "obp": 0.0064973343488194946,
    "slg": 0.013620169965852746,
    "ops": 0.020117504314672296,
    "iso": -0.00934773678399961,
    "babip": 0.012454064866409487,
    "k_pct": 0.00877763775919349,
    "bb_pct": 0.0015442776950395226,
    "k_minus_bb_pct": 0.007233360064153954,
    "swing_pct": 0.019002343738337313,
    "z_swing_pct": -0.005099578963394968,
    "o_swing_pct": 0.006833814553561635,
    "contact_pct": 0.037342841791627945,
    "z_contact_pct": 0.05034296143613404,
    "o_contact_pct": 0.02750722206690892,
    "first_pitch_strike_pct": 0.02847978004353302,
    "zone_pct": 0.019857136459312974,
    "pitches_put_in_play_pct": -0.0008527774045710146,
    "bip_gb_pct": -0.018950075435468394,
    "bip_ld_pct": 0.006328350020573331,
    "bip_fb_pct": 0.01262172541489509,
    "hr_per_fb_pct": -0.0050152335815842886,
    "sb_pct": -0.06073273008165969,
    "sba_per_pa": 0.0019074349868255236,
    "bip_double_play_pct": -0.0027291180907968726,
    "called_third_strike_share_of_so": -0.005563345017526311
  },
  "flags": [
    {
      "metric": "sb_pct",
      "delta": -0.06073273008165969,
      "tolerance": 0.05
    }
  ],
  "leaders": {
    "batting": {
      "avg": [
        {
          "player_id": "P3131",
          "name": "Bernie Sielaff",
          "team_id": "SAN",
          "value": 0.3760262725779967
        },
        {
          "player_id": "P2592",
          "name": "Sung Li",
          "team_id": "ELP",
          "value": 0.342485549132948
        },
        {
          "player_id": "P3495",
          "name": "Edwin Eapen",
          "team_id": "SEA",
          "value": 0.3353028064992615
        }
      ],
      "hr": [
        {
          "player_id": "P2592",
          "name": "Sung Li",
          "team_id": "ELP",
          "value": 61.0
        },
        {
          "player_id": "P5219",
          "name": "Edgardo Craker",
          "team_id": "LOU",
          "value": 51.0
        },
        {
          "player_id": "P2892",
          "name": "Darnell Green",
          "team_id": "MEM",
          "value": 51.0
        }
      ],
      "rbi": [
        {
          "player_id": "P2592",
          "name": "Sung Li",
          "team_id": "ELP",
          "value": 141.0
        },
        {
          "player_id": "P5072",
          "name": "Tyrone Jefferson",
          "team_id": "ELP",
          "value": 130.0
        },
        {
          "player_id": "P3009",
          "name": "Carey Clendenen",
          "team_id": "IND",
          "value": 130.0
        }
      ],
      "sb": [
        {
          "player_id": "P8699",
          "name": "Wm Decaprio",
          "team_id": "BAL",
          "value": 58.0
        },
        {
          "player_id": "P8439",
          "name": "Maximo Debow",
          "team_id": "ALB",
          "value": 51.0
        },
        {
          "player_id": "P4264",
          "name": "Leroy Walker",
          "team_id": "BAL",
          "value": 50.0
        }
      ],
      "ops": [
        {
          "player_id": "P2592",
          "name": "Sung Li",
          "team_id": "ELP",
          "value": 1.0958649153190438
        },
        {
          "player_id": "P3131",
          "name": "Bernie Sielaff",
          "team_id": "SAN",
          "value": 1.0853786765764988
        },
        {
          "player_id": "P3495",
          "name": "Edwin Eapen",
          "team_id": "SEA",
          "value": 1.0612590375495607
        }
      ]
    },
    "pitching": {
      "era": [
        {
          "player_id": "P5339",
          "name": "Hector Vargas",
          "team_id": "MEM",
          "value": 2.3008695652173916
        },
        {
          "player_id": "P1498",
          "name": "Percy Jefferson",
          "team_id": "CHI",
          "value": 2.3268292682926828
        },
        {
          "player_id": "P4631",
          "name": "Russ Tomlinson",
          "team_id": "ALB",
          "value": 2.5588235294117645
        }
      ],
      "so": [
        {
          "player_id": "P9846",
          "name": "Juan Perez",
          "team_id": "CHI",
          "value": 230.0
        },
        {
          "player_id": "P1437",
          "name": "Francisco Flores",
          "team_id": "PHI",
          "value": 229.0
        },
        {
          "player_id": "P8877",
          "name": "Cedric Walker",
          "team_id": "SAN",
          "value": 229.0
        }
      ],
      "wins": [
        {
          "player_id": "P8709",
          "name": "Robert Orhenkowski",
          "team_id": "SEA",
          "value": 22.0
        },
        {
          "player_id": "P4631",
          "name": "Russ Tomlinson",
          "team_id": "ALB",
          "value": 18.0
        },
        {
          "player_id": "P5174",
          "name": "Jorge Vargas",
          "team_id": "ELP",
          "value": 17.0
        }
      ],
      "saves": [
        {
          "player_id": "P1955",
          "name": "Tyrone Scott",
          "team_id": "ELP",
          "value": 41.0
        },
        {
          "player_id": "P1862",
          "name": "Rufus King",
          "team_id": "CHI",
          "value": 30.0
        },
        {
          "player_id": "P3993",
          "name": "Fernando Rodriguez",
          "team_id": "SEA",
          "value": 26.0
        }
      ]
    }
  },
  "year": 2041,
  "season_id": "nexgen-long-run-2041",
  "champion": "SEA",
  "runner_up": "ALB"
}