{
  "metrics": {
    "pitches_per_pa": 3.8283829503151274,
    "avg": 0.2541815364685861,
    "obp": 0.3243030703653894,
    "slg": 0.4190807604871792,
    "ops": 0.7433838308525687,
    "iso": 0.16489922401859308,
    "babip": 0.3055128680691714,
    "k_pct": 0.22596376885388733,
    "bb_pct": 0.08220464600518235,
    "k_minus_bb_pct": 0.14375912284870498,
    "swing_pct": 0.4892135449147458,
    "z_swing_pct": 0.6443065239983512,
    "o_swing_pct": 0.32838651414810355,
    "contact_pct": 0.8002066203079972,
    "z_contact_pct": 0.872530997693195,
    "o_contact_pct": 0.6530571088092401,
    "first_pitch_strike_pct": 0.6307862905507089,
    "zone_pct": 0.509075163814022,
    "pitches_put_in_play_pct": 0.17489160344149837,
    "bip_gb_pct": 0.42237168979095197,
    "bip_ld_pct": 0.21798793368597164,
    "bip_fb_pct": 0.3596403765230764,
    "hr_per_fb_pct": 0.11325471894662277,
    "sb_pct": 0.727741935483871,
    "sba_per_pa": 0.052615499507790486,
    "bip_double_play_pct": 0.02610988119581566,
    "called_third_strike_share_of_so": 0.2270405608412619
  },
  "mlb_deltas": {
    "pitches_per_pa": -0.031617049684872445,
    "avg": 0.009181536468586105,
    "obp": 0.011303070365389412,
    "slg": 0.027080760487179167,
    "ops": 0.03838383085256869,
    "iso": -0.00010077598140692534,
    "babip": 0.014512868069171403,
    "k_pct": 0.00596376885388733,
    "bb_pct": 0.002204646005182345,
    "k_minus_bb_pct": 0.003759122848704971,
    "swing_pct": 0.019213544914745806,
    "z_swing_pct": -0.005693476001648823,
    "o_swing_pct": 0.008386514148103541,
    "contact_pct": 0.040206620307997154,
    "z_contact_pct": 0.052530997693195025,
    "o_contact_pct": 0.033057108809240066,
    "first_pitch_strike_pct": 0.030786290550708917,
    "zone_pct": 0.019075163814021967,
    "pitches_put_in_play_pct": -0.00010839655850161667,
    "bip_gb_pct": -0.017628310209048037,
    "bip_ld_pct": 0.007987933685971643,
    "bip_fb_pct": 0.009640376523076422,
    "hr_per_fb_pct": 0.00325471894662277,
    "sb_pct": -0.05225806451612902,
    "sba_per_pa": 0.0026154995077904836,
    "bip_double_play_pct": -0.0018901188041843403,
    "called_third_strike_share_of_so": -0.002959439158738114
  },
  "flags": [
    {
      "metric": "sb_pct",
      "delta": -0.05225806451612902,
      "tolerance": 0.05
    }
  ],
  "leaders": {
    "batting": {
      "avg": [
        {
          "player_id": "P1457",
          "name": "Rafael Rodriguez",
          "team_id": "SAN1",
          "value": 0.3464447806354009
        },
        {
          "player_id": "P2453",
          "name": "Fausto Joplin",
          "team_id": "SAN",
          "value": 0.33712660028449504
        },
        {
          "player_id": "P2183",
          "name": "Jorge Delgado",
          "team_id": "BAL",
          "value": 0.33505154639175255
        }
      ],
      "hr": [
        {
          "player_id": "P6106",
          "name": "Fernando Vasquez",
          "team_id": "PHI",
          "value": 61.0
        },
        {
          "player_id": "P5219",
          "name": "Edgardo Craker",
          "team_id": "LOU",
          "value": 58.0
        },
        {
          "player_id": "P5072",
          "name": "Tyrone Jefferson",
          "team_id": "ELP",
          "value": 55.0
        }
      ],
      "rbi": [
        {
          "player_id": "P5072",
          "name": "Tyrone Jefferson",
          "team_id": "ELP",
          "value": 148.0
        },
        {
          "player_id": "P6106",
          "name": "Fernando Vasquez",
          "team_id": "PHI",
          "value": 141.0
        },
        {
          "player_id": "P6686",
          "name": "Jonas Nowaczyk",
          "team_id": "MEM",
          "value": 128.0
        }
      ],
      "sb": [
        {
          "player_id": "P8699",
          "name": "Wm Decaprio",
          "team_id": "BAL",
          "value": 70.0
        },
        {
          "player_id": "P2357",
          "name": "Rufus Harris",
          "team_id": "IND",
          "value": 64.0
        },
        {
          "player_id": "P6969",
          "name": "Sung Tran",
          "team_id": "PHI",
          "value": 52.0
        }
      ],
      "ops": [
        {
          "player_id": "P6106",
          "name": "Fernando Vasquez",
          "team_id": "PHI",
          "value": 1.1021638145196295
        },
        {
          "player_id": "P5219",
          "name": "Edgardo Craker",
          "team_id": "LOU",
          "value": 1.0758821134747745
        },
        {
          "player_id": "P1457",
          "name": "Rafael Rodriguez",
          "team_id": "SAN1",
          "value": 1.0318717502129444
        }
      ]
    },
    "pitching": {
      "era": [
        {
          "player_id": "P1622",
          "name": "Sung Lin",
          "team_id": "IND",
          "value": 2.3057851239669422
        },
        {
          "player_id": "P5192",
          "name": "Hector Diaz",
          "team_id": "SEA",
          "value": 2.488235294117647
        },
        {
          "player_id": "P2534",
          "name": "Pedro Hernandez",
          "team_id": "BAL",
          "value": 2.638436482084691
        }
      ],
      "so": [
        {
          "player_id": "P1622",
          "name": "Sung Lin",
          "team_id": "IND",
          "value": 248.0
        },
        {
          "player_id": "P7504",
          "name": "Clement Wampole",
          "team_id": "POR",
          "value": 230.0
        },
        {
          "player_id": "P2534",
          "name": "Pedro Hernandez",
          "team_id": "BAL",
          "value": 228.0
        }
      ],
      "wins": [
        {
          "player_id": "P4201",
          "name": "Deshawn Robinson",
          "team_id": "SEA",
          "value": 16.0
        },
        {
          "player_id": "P6184",
          "name": "Johnathan Pezzano",
          "team_id": "BAL",
          "value": 16.0
        },
        {
          "player_id": "P9423",
          "name": "Rafael Vasquez",
          "team_id": "BAL",
          "value": 16.0
        }
      ],
      "saves": [
        {
          "player_id": "P1955",
          "name": "Tyrone Scott",
          "team_id": "ELP",
          "value": 37.0
        },
        {
          "player_id": "P1862",
          "name": "Rufus King",
          "team_id": "MEM",
          "value": 25.0
        },
        {
          "player_id": "P3993",
          "name": "Fernando Rodriguez",
          "team_id": "SEA",
          "value": 23.0
        }
      ]
    }
  },
  "year": 2040,
  "season_id": "nexgen-long-run-2040",
  "champion": "CHI",
  "runner_up": "SEA"
}