{
  "metrics": {
    "pitches_per_pa": 3.8555994609533815,
    "avg": 0.24726583510488437,
    "obp": 0.31782678216056415,
    "slg": 0.40373434418461696,
    "ops": 0.7215611263451811,
    "iso": 0.1564685090797326,
    "babip": 0.30323532587181057,
    "k_pct": 0.2350334620040657,
    "bb_pct": 0.0822731321806263,
    "k_minus_bb_pct": 0.1527603298234394,
    "swing_pct": 0.4886168410326892,
    "z_swing_pct": 0.6426539291719271,
    "o_swing_pct": 0.3288559825733302,
    "contact_pct": 0.7898023145145158,
    "z_contact_pct": 0.8617055947854427,
    "o_contact_pct": 0.6440668636121764,
    "first_pitch_strike_pct": 0.6278408442018227,
    "zone_pct": 0.5091201526048269,
    "pitches_put_in_play_pct": 0.1713960735062381,
    "bip_gb_pct": 0.4258433568367206,
    "bip_ld_pct": 0.21726807686990185,
    "bip_fb_pct": 0.35688856629337756,
    "hr_per_fb_pct": 0.10628813779374216,
    "sb_pct": 0.7436123348017621,
    "sba_per_pa": 0.05184897558301546,
    "bip_double_play_pct": 0.026268491635559242,
    "called_third_strike_share_of_so": 0.2217687074829932
  },
  "mlb_deltas": {
    "pitches_per_pa": -0.0044005390466184124,
    "avg": 0.002265835104884373,
    "obp": 0.004826782160564147,
    "slg": 0.01173434418461694,
    "ops": 0.016561126345181143,
    "iso": -0.00853149092026742,
    "babip": 0.012235325871810587,
    "k_pct": 0.01503346200406569,
    "bb_pct": 0.0022731321806263027,
    "k_minus_bb_pct": 0.012760329823439387,
    "swing_pct": 0.018616841032689235,
    "z_swing_pct": -0.007346070828072926,
    "o_swing_pct": 0.008855982573330201,
    "contact_pct": 0.02980231451451576,
    "z_contact_pct": 0.04170559478544278,
    "o_contact_pct": 0.02406686361217636,
    "first_pitch_strike_pct": 0.027840844201822756,
    "zone_pct": 0.019120152604826912,
    "pitches_put_in_play_pct": -0.0036039264937618998,
    "bip_gb_pct": -0.014156643163279414,
    "bip_ld_pct": 0.007268076869901857,
    "bip_fb_pct": 0.006888566293377585,
    "hr_per_fb_pct": -0.0037118622062578405,
    "sb_pct": -0.036387665198237884,
    "sba_per_pa": 0.001848975583015458,
    "bip_double_play_pct": -0.0017315083644407585,
    "called_third_strike_share_of_so": -0.0082312925170068
  },
  "flags": [],
  "leaders": {
    "batting": {
      "avg": [
        {
          "player_id": "P7429",
          "name": "Tyrone Young",
          "team_id": "ELP",
          "value": 0.3453125
        },
        {
          "player_id": "P6106",
          "name": "Fernando Vasquez",
          "team_id": "CHI",
          "value": 0.3406754772393539
        },
        {
          "player_id": "P10120",
          "name": "Dante Ashman",
          "team_id": "IND",
          "value": 0.340393343419062
        }
      ],
      "hr": [
        {
          "player_id": "P3495",
          "name": "Edwin Eapen",
          "team_id": "SEA",
          "value": 56.0
        },
        {
          "player_id": "P9786",
          "name": "Jose Garcia",
          "team_id": "IND",
          "value": 54.0
        },
        {
          "player_id": "P6106",
          "name": "Fernando Vasquez",
          "team_id": "CHI",
          "value": 54.0
        }
      ],
      "rbi": [
        {
          "player_id": "P10120",
          "name": "Dante Ashman",
          "team_id": "IND",
          "value": 143.0
        },
        {
          "player_id": "P9786",
          "name": "Jose Garcia",
          "team_id": "IND",
          "value": 142.0
        },
        {
          "player_id": "P3495",
          "name": "Edwin Eapen",
          "team_id": "SEA",
          "value": 139.0
        }
      ],
      "sb": [
        {
          "player_id": "P6969",
          "name": "Sung Tran",
          "team_id": "LAS",
          "value": 66.0
        },
        {
          "player_id": "P8699",
          "name": "Wm Decaprio",
          "team_id": "LOU",
          "value": 62.0
        },
        {
          "player_id": "P3476",
          "name": "Sung Wang",
          "team_id": "LOU",
          "value": 54.0
        }
      ],
      "ops": [
        {
          "player_id": "P9786",
          "name": "Jose Garcia",
          "team_id": "IND",
          "value": 1.1224741372955351
        },
        {
          "player_id": "P10120",
          "name": "Dante Ashman",
          "team_id": "IND",
          "value": 1.0968846609221865
        },
        {
          "player_id": "P6106",
          "name": "Fernando Vasquez",
          "team_id": "CHI",
          "value": 1.096260440064309
        }
      ]
    },
    "pitching": {
      "era": [
        {
          "player_id": "D20470044",
          "name": "Luis Rivera",
          "team_id": "CHI",
          "value": 2.150442477876106
        },
        {
          "player_id": "D20380029",
          "name": "Sung Li",
          "team_id": "ELP",
          "value": 2.2967863894139886
        },
        {
          "player_id": "P8659",
          "name": "Merrill Quilliam",
          "team_id": "SAN",
          "value": 2.5106035889070144
        }
      ],
      "so": [
        {
          "player_id": "D20470044",
          "name": "Luis Rivera",
          "team_id": "CHI",
          "value": 253.0
        },
        {
          "player_id": "D20490057",
          "name": "Hung Teffeteller",
          "team_id": "SEA",
          "value": 241.0
        },
        {
          "player_id": "D20380032",
          "name": "Rob Moreman",
          "team_id": "BAL",
          "value": 239.0
        }
      ],
      "wins": [
        {
          "player_id": "D20390032",
          "name": "Roberto Sanchez",
          "team_id": "IND",
          "value": 19.0
        },
        {
          "player_id": "D20340185",
          "name": "Sung Zhang",
          "team_id": "IND",
          "value": 17.0
        },
        {
          "player_id": "D20400149",
          "name": "Clemente Marchand",
          "team_id": "ALB",
          "value": 17.0
        }
      ],
      "saves": [
        {
          "player_id": "P9188",
          "name": "Juan Ortiz",
          "team_id": "POR",
          "value": 38.0
        },
        {
          "player_id": "P3772",
          "name": "Hector Perez",
          "team_id": "BAL",
          "value": 23.0
        },
        {
          "player_id": "D20340121",
          "name": "Jere Schares",
          "team_id": "IND",
          "value": 22.0
        }
      ]
    }
  },
  "year": 2054,
  "season_id": "nexgen-long-run-2054",
  "champion": "IND",
  "runner_up": "POR"
}