{
  "metrics": {
    "pitches_per_pa": 3.84200084375677,
    "avg": 0.24868338837811302,
    "obp": 0.3173330883535059,
    "slg": 0.403769398502952,
    "ops": 0.721102486856458,
    "iso": 0.155086010124839,
    "babip": 0.30622911951718934,
    "k_pct": 0.23742631380910573,
    "bb_pct": 0.08000866561007035,
    "k_minus_bb_pct": 0.1574176481990354,
    "swing_pct": 0.48889614340193793,
    "z_swing_pct": 0.6425279597798131,
    "o_swing_pct": 0.3289804422747288,
    "contact_pct": 0.7879152097902098,
    "z_contact_pct": 0.859763994167776,
    "o_contact_pct": 0.6418484764797938,
    "first_pitch_strike_pct": 0.6313695084546709,
    "zone_pct": 0.5100206258996008,
    "pitches_put_in_play_pct": 0.17206155124571532,
    "bip_gb_pct": 0.42216741121479207,
    "bip_ld_pct": 0.21815547544716007,
    "bip_fb_pct": 0.35967711333804786,
    "hr_per_fb_pct": 0.1052518664721531,
    "sb_pct": 0.7542301184433164,
    "sba_per_pa": 0.05390921633239456,
    "bip_double_play_pct": 0.026441519913068975,
    "called_third_strike_share_of_so": 0.2204773567689574
  },
  "mlb_deltas": {
    "pitches_per_pa": -0.017999156243230008,
    "avg": 0.0036833883781130228,
    "obp": 0.004333088353505876,
    "slg": 0.011769398502952,
    "ops": 0.016102486856457987,
    "iso": -0.009913989875161011,
    "babip": 0.01522911951718936,
    "k_pct": 0.017426313809105726,
    "bb_pct": 8.665610070346386e-06,
    "k_minus_bb_pct": 0.01741764819903538,
    "swing_pct": 0.01889614340193796,
    "z_swing_pct": -0.007472040220186882,
    "o_swing_pct": 0.008980442274728773,
    "contact_pct": 0.027915209790209783,
    "z_contact_pct": 0.039763994167776096,
    "o_contact_pct": 0.02184847647979382,
    "first_pitch_strike_pct": 0.0313695084546709,
    "zone_pct": 0.020020625899600852,
    "pitches_put_in_play_pct": -0.0029384487542846727,
    "bip_gb_pct": -0.017832588785207937,
    "bip_ld_pct": 0.008155475447160082,
    "bip_fb_pct": 0.009677113338047882,
    "hr_per_fb_pct": -0.004748133527846907,
    "sb_pct": -0.025769881556683583,
    "sba_per_pa": 0.003909216332394556,
    "bip_double_play_pct": -0.0015584800869310259,
    "called_third_strike_share_of_so": -0.009522643231042599
  },
  "flags": [
    {
      "metric": "babip",
      "delta": 0.01522911951718936,
      "tolerance": 0.015
    }
  ],
  "leaders": {
    "batting": {
      "avg": [
        {
          "player_id": "P2453",
          "name": "Fausto Joplin",
          "team_id": "BAL",
          "value": 0.3728813559322034
        },
        {
          "player_id": "P10120",
          "name": "Dante Ashman",
          "team_id": "LOU",
          "value": 0.3408408408408408
        },
        {
          "player_id": "P9786",
          "name": "Jose Garcia",
          "team_id": "ALB",
          "value": 0.34026745913818723
        }
      ],
      "hr": [
        {
          "player_id": "P9786",
          "name": "Jose Garcia",
          "team_id": "ALB",
          "value": 65.0
        },
        {
          "player_id": "P6408",
          "name": "Ricardo Lopez",
          "team_id": "LOU",
          "value": 63.0
        },
        {
          "player_id": "P2453",
          "name": "Fausto Joplin",
          "team_id": "BAL",
          "value": 57.0
        }
      ],
      "rbi": [
        {
          "player_id": "P2453",
          "name": "Fausto Joplin",
          "team_id": "BAL",
          "value": 161.0
        },
        {
          "player_id": "P2892",
          "name": "Darnell Green",
          "team_id": "MEM",
          "value": 157.0
        },
        {
          "player_id": "P9786",
          "name": "Jose Garcia",
          "team_id": "ALB",
          "value": 142.0
        }
      ],
      "sb": [
        {
          "player_id": "P10013",
          "name": "Clair Verone",
          "team_id": "OKL",
          "value": 69.0
        },
        {
          "player_id": "P4005",
          "name": "Sung Kim",
          "team_id": "IND",
          "value": 62.0
        },
        {
          "player_id": "P3476",
          "name": "Sung Wang",
          "team_id": "SEA",
          "value": 58.0
        }
      ],
      "ops": [
        {
          "player_id": "P2453",
          "name": "Fausto Joplin",
          "team_id": "BAL",
          "value": 1.20677046201964
        },
        {
          "player_id": "P9786",
          "name": "Jose Garcia",
          "team_id": "ALB",
          "value": 1.143747556111676
        },
        {
          "player_id": "P10120",
          "name": "Dante Ashman",
          "team_id": "LOU",
          "value": 1.1151814465067478
        }
      ]
    },
    "pitching": {
      "era": [
        {
          "player_id": "D20460150",
          "name": "Carlos Castillo",
          "team_id": "CHI",
          "value": 2.386046511627907
        },
        {
          "player_id": "D20430068",
          "name": "Edmundo Derobles",
          "team_id": "SAN1",
          "value": 2.5786516853932584
        },
        {
          "player_id": "P6247",
          "name": "Tyrone Carter",
          "team_id": "SAN",
          "value": 2.82089552238806
        }
      ],
      "so": [
        {
          "player_id": "P1021",
          "name": "Jose Diaz",
          "team_id": "LAS",
          "value": 265.0
        },
        {
          "player_id": "D20430068",
          "name": "Edmundo Derobles",
          "team_id": "SAN1",
          "value": 263.0
        },
        {
          "player_id": "D20490057",
          "name": "Hung Teffeteller",
          "team_id": "SEA",
          "value": 245.0
        }
      ],
      "wins": [
        {
          "player_id": "D20390020",
          "name": "Jermaine King",
          "team_id": "BAL",
          "value": 17.0
        },
        {
          "player_id": "D20460150",
          "name": "Carlos Castillo",
          "team_id": "CHI",
          "value": 17.0
        },
        {
          "player_id": "D20310068",
          "name": "Deshawn Young",
          "team_id": "MEM",
          "value": 16.0
        }
      ],
      "saves": [
        {
          "player_id": "P3584",
          "name": "Douglas Zipp",
          "team_id": "LAS",
          "value": 30.0
        },
        {
          "player_id": "P7829",
          "name": "Malik Gaines",
          "team_id": "SEA",
          "value": 25.0
        },
        {
          "player_id": "P3772",
          "name": "Hector Perez",
          "team_id": "SAN1",
          "value": 22.0
        }
      ]
    }
  },
  "year": 2052,
  "season_id": "nexgen-long-run-2052",
  "champion": "POR",
  "runner_up": "PHI"
}