{
  "metrics": {
    "pitches_per_pa": 3.8498392722795978,
    "avg": 0.2509490151970245,
    "obp": 0.32084050981743023,
    "slg": 0.40907987065274354,
    "ops": 0.7299203804701737,
    "iso": 0.15813085545571903,
    "babip": 0.3065569066322322,
    "k_pct": 0.23348836148918223,
    "bb_pct": 0.08207372956706108,
    "k_minus_bb_pct": 0.15141463192212115,
    "swing_pct": 0.48862556294802667,
    "z_swing_pct": 0.6448728370688654,
    "o_swing_pct": 0.3260447946057966,
    "contact_pct": 0.7926483420593369,
    "z_contact_pct": 0.8652620205294436,
    "o_contact_pct": 0.6432065821658883,
    "first_pitch_strike_pct": 0.6275676538312472,
    "zone_pct": 0.5099324610414797,
    "pitches_put_in_play_pct": 0.1721754887765707,
    "bip_gb_pct": 0.42397977609245213,
    "bip_ld_pct": 0.21960824777726187,
    "bip_fb_pct": 0.35641197613028597,
    "hr_per_fb_pct": 0.10921516375827388,
    "sb_pct": 0.749727490734685,
    "sba_per_pa": 0.052287805211681825,
    "bip_double_play_pct": 0.026260124851674147,
    "called_third_strike_share_of_so": 0.22003612752038276
  },
  "mlb_deltas": {
    "pitches_per_pa": -0.010160727720402107,
    "avg": 0.00594901519702451,
    "obp": 0.00784050981743023,
    "slg": 0.017079870652743523,
    "ops": 0.024920380470173753,
    "iso": -0.006869144544280975,
    "babip": 0.015556906632232192,
    "k_pct": 0.013488361489182227,
    "bb_pct": 0.002073729567061075,
    "k_minus_bb_pct": 0.011414631922121138,
    "swing_pct": 0.018625562948026697,
    "z_swing_pct": -0.005127162931134577,
    "o_swing_pct": 0.0060447946057965996,
    "contact_pct": 0.032648342059336866,
    "z_contact_pct": 0.045262020529443614,
    "o_contact_pct": 0.023206582165888334,
    "first_pitch_strike_pct": 0.027567653831247263,
    "zone_pct": 0.01993246104147972,
    "pitches_put_in_play_pct": -0.002824511223429277,
    "bip_gb_pct": -0.01602022390754787,
    "bip_ld_pct": 0.00960824777726188,
    "bip_fb_pct": 0.00641197613028599,
    "hr_per_fb_pct": -0.0007848362417261223,
    "sb_pct": -0.030272509265314995,
    "sba_per_pa": 0.0022878052116818218,
    "bip_double_play_pct": -0.0017398751483258534,
    "called_third_strike_share_of_so": -0.009963872479617247
  },
  "flags": [
    {
      "metric": "babip",
      "delta": 0.015556906632232192,
      "tolerance": 0.015
    }
  ],
  "leaders": {
    "batting": {
      "avg": [
        {
          "player_id": "P9786",
          "name": "Jose Garcia",
          "team_id": "ALB",
          "value": 0.3396501457725947
        },
        {
          "player_id": "P1714",
          "name": "Nathan Sanghani",
          "team_id": "LAS",
          "value": 0.33383458646616543
        },
        {
          "player_id": "P6717",
          "name": "Sung Zhang",
          "team_id": "SAN",
          "value": 0.32262773722627736
        }
      ],
      "hr": [
        {
          "player_id": "P9786",
          "name": "Jose Garcia",
          "team_id": "ALB",
          "value": 64.0
        },
        {
          "player_id": "P5219",
          "name": "Edgardo Craker",
          "team_id": "BAL",
          "value": 51.0
        },
        {
          "player_id": "P2959",
          "name": "Raul Lopez",
          "team_id": "MEM",
          "value": 49.0
        }
      ],
      "rbi": [
        {
          "player_id": "P9786",
          "name": "Jose Garcia",
          "team_id": "ALB",
          "value": 128.0
        },
        {
          "player_id": "P3495",
          "name": "Edwin Eapen",
          "team_id": "ELP",
          "value": 125.0
        },
        {
          "player_id": "P2959",
          "name": "Raul Lopez",
          "team_id": "MEM",
          "value": 124.0
        }
      ],
      "sb": [
        {
          "player_id": "P6386",
          "name": "Jose Vargas",
          "team_id": "IND",
          "value": 59.0
        },
        {
          "player_id": "P10013",
          "name": "Clair Verone",
          "team_id": "ALB",
          "value": 58.0
        },
        {
          "player_id": "P5965",
          "name": "Josue Decker",
          "team_id": "ELP",
          "value": 54.0
        }
      ],
      "ops": [
        {
          "player_id": "P9786",
          "name": "Jose Garcia",
          "team_id": "ALB",
          "value": 1.1343471240636331
        },
        {
          "player_id": "P2959",
          "name": "Raul Lopez",
          "team_id": "MEM",
          "value": 1.0151449219053539
        },
        {
          "player_id": "P1714",
          "name": "Nathan Sanghani",
          "team_id": "LAS",
          "value": 1.0106034316560633
        }
      ]
    },
    "pitching": {
      "era": [
        {
          "player_id": "P4652",
          "name": "Francisco Torres",
          "team_id": "MEM",
          "value": 2.3699059561128526
        },
        {
          "player_id": "D20490126",
          "name": "Cecil Koda",
          "team_id": "ELP",
          "value": 2.4185667752442996
        },
        {
          "player_id": "P1920",
          "name": "Luis Flores",
          "team_id": "ALB",
          "value": 2.5366242038216558
        }
      ],
      "so": [
        {
          "player_id": "P5932",
          "name": "Luis Sanchez",
          "team_id": "LAS",
          "value": 286.0
        },
        {
          "player_id": "D20460176",
          "name": "Raul Ortiz",
          "team_id": "SAN",
          "value": 254.0
        },
        {
          "player_id": "D20500036",
          "name": "Tyrone Mitchell",
          "team_id": "LOU",
          "value": 234.0
        }
      ],
      "wins": [
        {
          "player_id": "D20440158",
          "name": "Pedro Sanchez",
          "team_id": "MEM",
          "value": 18.0
        },
        {
          "player_id": "P5932",
          "name": "Luis Sanchez",
          "team_id": "LAS",
          "value": 17.0
        },
        {
          "player_id": "D20490126",
          "name": "Cecil Koda",
          "team_id": "ELP",
          "value": 17.0
        }
      ],
      "saves": [
        {
          "player_id": "P4967",
          "name": "Ricardo Guerrero",
          "team_id": "OKL",
          "value": 41.0
        },
        {
          "player_id": "P9188",
          "name": "Juan Ortiz",
          "team_id": "PHI",
          "value": 22.0
        },
        {
          "player_id": "D20480138",
          "name": "Taylor Melanson",
          "team_id": "SEA",
          "value": 22.0
        }
      ]
    }
  },
  "year": 2063,
  "season_id": "nexgen-long-run-2063",
  "champion": "MEM",
  "runner_up": "ALB"
}