{
  "stochastic": {
    "pitches": 52163.0,
    "swing_rate": 0.44719437148936986,
    "take_rate": 0.5528056285106301,
    "contact_rate": 0.22778597856718363,
    "swing_contact_rate": 0.5093668281390663,
    "foul_rate": 0.014953127695876388,
    "ball_in_play_rate": 0.21283285087130724,
    "ball_rate": 0.3338189904721738,
    "called_strike_rate": 0.2189866380384564,
    "walk_rate": 0.009374460824722505,
    "strikeout_rate": 0.1325268868738378
  },
  "deterministic": {
    "pitches": 2411.0,
    "swing_rate": 0.44255495644960596,
    "take_rate": 0.557445043550394,
    "contact_rate": 0.22148486105350476,
    "swing_contact_rate": 0.5004686035613871,
    "foul_rate": 0.018249688925756947,
    "ball_in_play_rate": 0.20323517212774783,
    "ball_rate": 0.32476150974699297,
    "called_strike_rate": 0.23268353380340107,
    "walk_rate": 0.009124844462878473,
    "strikeout_rate": 0.13521360431356283
  }
}