{
  "stochastic": {
    "pitches": 43983.0,
    "swing_rate": 0.2805174726598913,
    "take_rate": 0.7194825273401086,
    "contact_rate": 0.1817520405611259,
    "swing_contact_rate": 0.6479170043767223,
    "foul_rate": 0.04974649296319032,
    "ball_in_play_rate": 0.09881090421299138,
    "ball_rate": 0.35243162130823275,
    "called_strike_rate": 0.11001978036968829,
    "walk_rate": 0.011163404042470954,
    "strikeout_rate": 0.13841711570379464
  },
  "deterministic": {
    "pitches": 2218.0,
    "swing_rate": 0.28539224526600543,
    "take_rate": 0.7146077547339946,
    "contact_rate": 0.18755635707844906,
    "swing_contact_rate": 0.6571879936808847,
    "foul_rate": 0.044634806131650134,
    "ball_in_play_rate": 0.11181244364292155,
    "ball_rate": 0.3381424706943192,
    "called_strike_rate": 0.1073038773669973,
    "walk_rate": 0.009918845807033363,
    "strikeout_rate": 0.13841298467087465
  }
}